Year,T,H,P
1990,10.82,5.17,1.96
1990,8.9,5.42,6.95
1990,7.59,2.5,0
1990,7.91,2.32,0.1
1990,10.2,2.98,0
1990,11.12,3.67,0
1990,12.31,4.83,0
1990,13.55,5.62,0
1990,16.74,5.72,0
1990,17.76,5.15,0
1990,15.06,5.61,0.03
1990,12.55,8.2,7.91
1990,12.44,8.49,18.43
1990,10.44,6.95,4.13
1990,9.94,6,2.67
1990,9.25,6.17,9.39
1990,6.82,4.34,1.68
1990,7.9,4.27,0
1990,8.23,4.86,0
1990,8.68,3.57,0
1990,9.74,3.07,0
1990,12.1,3.55,0
1990,13.09,3.55,0.01
1990,13.03,3.16,0
1990,13.51,3.01,0
1990,11.62,3.58,0
1990,10.15,2.72,0
1990,12.22,2.95,0
1990,12.2,3.72,0
1990,9.56,5.71,4.05
1990,8.83,4.42,0.49
1990,8.51,4.39,0.44
1990,8.82,3.61,0
1990,9.1,3.29,0.41
1990,7.61,4.86,10.14
1990,8.55,3.89,0
1990,9.67,4.37,0.05
1990,8.63,4.1,0.08
1990,7.71,2.36,0
1990,10,3.31,0
1990,12.72,4.13,0
1990,14.98,5.09,0.01
1990,11.65,6.92,0
1990,8.7,4.58,0.19
1990,3.4,2.46,0.33
1990,3.71,1.86,0
1990,6.6,4.11,20.43
1990,9.5,7.22,43.32
1990,7.04,4.93,1.44
1990,6.72,3.53,0
1990,9.84,3.88,0
1990,12.8,4.08,0
1990,15.03,4.74,0
1990,16.58,4.79,0
1990,16.72,4.95,0
1990,16.48,5.94,0
1990,15.42,5.94,0
1990,14.05,5.9,0
1990,14.72,5.66,0.88
1990,14.12,6.08,0.03
1990,13.18,6.8,0.04
1990,14.17,7.35,0.27
1990,12,6.88,0.31
1990,9.33,4.81,0.64
1990,11.95,4.37,0
1990,13.26,4.53,0
1990,11.9,5.43,0
1990,11.38,6.54,0.33
1990,11.56,6.38,1.73
1990,8.24,4.4,1.59
1990,6.48,3.64,0.41
1990,8.25,3.52,0.01
1990,10.16,3.83,0
1990,14.77,4.08,0
1990,15.58,3.85,0
1990,16.45,4.66,0
1990,17.02,5.56,0.01
1990,18.81,5.35,0
1990,19.35,5.87,0
1990,18.65,6.09,0
1990,17.08,6.35,0
1990,17.35,5.91,0
1990,14.71,6.11,0
1990,14.37,6.49,0
1990,13.67,6.66,0.01
1990,11.97,7.15,0.27
1990,12.38,6.66,0.16
1990,12.06,6.26,0
1990,12.58,6.29,0.02
1990,13.27,6.49,0.01
1990,13.73,6.86,0.02
1990,15.4,6.77,0.07
1990,17.52,6.32,3.08
1990,15.63,8.36,3.5
1990,15.13,8.35,0.04
1990,14.49,7.51,0
1990,13.75,7.63,0.02
1990,14.39,6.82,0
1990,16.76,6.4,0
1990,20.07,5.54,0
1990,20.56,6.19,0
1990,20.23,6.86,0
1990,18.78,7.27,0
1990,16.57,6.72,0
1990,14.01,7.27,0.76
1990,13.67,7.36,3.16
1990,14.74,7.72,1.57
1990,15.14,7.81,0
1990,15.52,7.99,0
1990,16.25,7.9,0
1990,15.78,7.37,0
1990,15.49,7.31,0.26
1990,15.44,8.01,1.42
1990,16.04,6.13,0.01
1990,18.08,5.24,0
1990,19.94,6.98,0
1990,19.39,7.67,0
1990,18.29,8.31,0.03
1990,17.1,6.51,0.11
1990,14.71,5.19,2.33
1990,16.41,4.41,0
1990,16.02,6.39,0
1990,18.8,6.78,0
1990,23.23,5.19,0
1990,25.32,5.16,0
1990,25.16,5.79,0
1990,19.86,8.18,0
1990,16.26,7.4,0
1990,15.26,6.45,0
1990,13.76,6.59,0
1990,16.03,6.92,0
1990,16.11,6.71,0
1990,16.42,7.07,0
1990,14.87,7.48,0
1990,15.95,6.26,0
1990,17.14,6.21,0
1990,14.79,7.16,0
1990,15.21,6.29,0
1990,15.94,5.74,0
1990,17.59,6.51,0
1990,17.04,8.19,0
1990,18.99,7.83,0
1990,16.91,7.88,0.09
1990,17.8,5.02,0
1990,17.11,5.85,0
1990,16.91,7.01,0.03
1990,15.74,7.73,5.93
1990,15.89,7.88,15.54
1990,16.22,7.42,0.06
1990,16.6,7.74,0.02
1990,16.64,7.05,0
1990,18.28,5.97,0
1990,22.36,5.97,0
1990,24.51,6.59,0
1990,25.48,6.71,0
1990,22.75,7.61,0
1990,22.51,8.38,0
1990,23.44,8.97,0
1990,23.57,8.93,0.45
1990,22.51,9.53,0.82
1990,20.14,11,0.05
1990,20.22,8.46,0
1990,19.12,7.26,0
1990,15.78,8.09,0
1990,15.19,6.38,0
1990,15.73,7.29,0
1990,19.34,7.51,0
1990,19.69,8.01,0
1990,20.31,7.41,0
1990,23.52,6.48,0
1990,24.43,7.21,0
1990,22.87,8.42,0
1990,22.34,6.71,0
1990,24.2,5.53,0
1990,26.25,6,0
1990,28.12,5.95,0
1990,31.05,4.68,0
1990,30.21,5.1,0
1990,26.69,5.85,0
1990,24.3,6.99,0
1990,24.65,7.46,0
1990,24.81,7.96,0
1990,24.14,8.09,0
1990,22.38,7.29,0
1990,23.93,6.6,0
1990,25.24,6.74,0
1990,24.52,7.82,0
1990,21.88,8.55,0
1990,20.97,8.41,0
1990,23.29,7.64,0
1990,27.58,8.5,0.03
1990,29.43,9.5,0
1990,27.8,9.91,0
1990,28.62,9.96,0.14
1990,26.45,10.57,0.02
1990,24.3,10.49,0.01
1990,24.04,9.54,0.02
1990,24.29,10.19,0.04
1990,25.88,10.37,0
1990,26.91,9.94,0
1990,26.39,10.08,0
1990,24.96,11.38,0
1990,24.84,10.63,0
1990,23.24,9.84,0
1990,20.72,9.1,0
1990,19.83,8.92,0
1990,20.76,9.37,0
1990,21.98,8.49,0
1990,22.39,8.03,0
1990,24.1,7.84,0
1990,25.62,7.12,0
1990,23.73,7.51,0
1990,21.07,8.72,0
1990,21.93,8.83,0
1990,23.26,8.32,0
1990,24.51,8.44,0
1990,26.73,9.21,0
1990,27.37,10.98,2.09
1990,28.5,10.57,0.2
1990,27.27,10.68,0.03
1990,25.95,9.84,0.15
1990,26.9,10.04,0.22
1990,28.17,10.71,0.74
1990,27.2,11.13,0.26
1990,24.6,9.02,0.01
1990,20.58,10.08,0.07
1990,19.97,10.04,0.1
1990,21.47,8.95,0.01
1990,22.06,9.15,0
1990,21.97,9.4,0
1990,20.3,9.71,0
1990,19.41,9.36,0
1990,21.05,9.59,0
1990,21.83,8.7,0.01
1990,20.59,9.43,0
1990,19.24,9.74,0
1990,18.31,7.83,0
1990,18.83,7.38,0
1990,21.54,6.66,0
1990,24.62,6.22,0
1990,24.99,7.79,0
1990,24.73,8.59,0
1990,22.89,6.95,0
1990,23.13,6.28,0
1990,23.47,7.51,0
1990,23.37,6.67,0
1990,25.31,5.99,0.1
1990,26.43,9.67,0.05
1990,25.87,8.51,0
1990,26.8,7.31,0
1990,27.61,6.43,0
1990,28.39,6.47,0
1990,28.17,6.19,0
1990,28.03,5.64,0
1990,27.81,5.93,0
1990,26.35,7,0
1990,24.55,9.08,0
1990,23.23,7.4,0
1990,21.41,7.2,0
1990,19.04,8.94,0
1990,19.17,9.54,0
1990,19.65,9.37,0.08
1990,19.95,9.19,0.1
1990,19.62,10.02,0
1990,20.09,9.89,0
1990,19.83,9.45,0
1990,20,8.86,0
1990,20.96,8.52,0
1990,21.01,8.69,0
1990,19.51,9.31,0.01
1990,19.68,8.8,0.01
1990,21.14,8,0.08
1990,23.21,6.36,0.04
1990,21.52,8.36,0
1990,19.8,8.38,0
1990,22.63,7.32,0
1990,24.19,7.28,0
1990,21.57,8.76,0
1990,17.61,8.98,0
1990,18.63,7.86,0
1990,20.19,2.89,0
1990,21.97,2.67,0
1990,22.21,3.55,0
1990,21.24,5.78,0
1990,21.32,5.13,0
1990,20.23,6.71,0
1990,20.05,7.06,0
1990,19.88,6.86,0
1990,18.89,7.27,0
1990,19.25,7.59,0
1990,18.57,9.32,0.03
1990,17.58,7.3,0.01
1990,17.87,2.94,0
1990,18.97,2.92,0
1990,20.87,3.77,0
1990,21.52,4.35,0
1990,23.36,3.82,0
1990,23.2,3.95,0
1990,22.49,4.41,0
1990,22.49,4.06,0
1990,21.38,4.36,0
1990,19.56,5.78,0
1990,17.28,7.66,0
1990,15.97,8.29,0
1990,14.23,5.65,0.01
1990,12.91,2.71,0
1990,12.85,2.19,0
1990,15.55,2.99,0
1990,15.96,5.24,0
1990,13.04,2.96,0
1990,12.57,2.24,0
1990,16.32,3.5,0
1990,19.96,5.24,0
1990,20.18,4.56,0
1990,19.5,3.93,0
1990,20.4,3.65,0
1990,20.4,4.31,0
1990,16.42,6.14,0
1990,16.37,6.06,0
1990,17.29,5.47,0.01
1990,15.84,7.86,0
1990,14.67,7.95,0.12
1990,12.89,8.1,6.63
1990,12.13,5.68,1.16
1990,11,4.05,0
1990,14.05,3.35,0
1990,15.97,3.43,0.01
1990,16.51,3.79,0
1990,14.33,5.73,0.59
1990,9.28,4.13,1.8
1990,8.8,2.44,0
1990,11.37,2.69,0
1990,12.83,2.89,0
1990,12.97,3.44,0
1990,12.38,3,0
1990,13.25,2.77,0
1990,13.55,2.43,0
1990,13.64,2.92,0.01
1990,13.66,2.73,0
1990,15.01,2.8,0
1990,14,2.69,0
1990,13.91,2.67,0
1990,15.66,2.9,0
1990,14.47,3.97,0
1990,12.81,6.31,0.45
1990,12,7.01,0.48
1990,10.78,5.92,0.11
1990,8.91,3.23,0
1990,9.25,4.45,0.07
1990,7.46,4.06,0
1990,8.07,3.06,0
1990,9.57,4.3,0.02
1990,7.46,5.07,0.88
1990,4.49,3.3,0.12
1990,1.89,2.34,0.01
1990,1.51,1.16,0
1990,2.56,1.08,0.01
1990,4.93,1.42,0.02
1990,6.66,1.87,0
1990,7.66,2.25,0.02
1990,8.9,2.53,0
1990,9.05,4.19,0
1990,7.23,3.26,0
1990,6.15,1.14,0
1990,8.28,1.57,0
1991,11.57,2.24,0.04
1991,13.25,3.57,6.48
1991,10.46,6.95,20.84
1991,10.96,7.86,5.36
1991,10.91,6.12,0.34
1991,10.3,5.94,0.01
1991,10.41,5.51,0.07
1991,9.42,5.46,2.15
1991,8.06,5.86,5.86
1991,9.73,5.06,0
1991,11.79,4.67,0
1991,13.34,4.75,0
1991,14.22,5.1,0
1991,14.67,4.71,0
1991,13.35,5.01,0
1991,11.5,3.44,0
1991,11.37,3.3,0
1991,12.41,4.71,0
1991,10.97,4.86,0.07
1991,10.56,4.08,0.36
1991,9.11,4,0.5
1991,9.22,2.66,0
1991,9.96,3.94,0.04
1991,9.6,5.21,0
1991,10.37,4.34,0
1991,10.92,4.82,0
1991,10.52,4.66,0
1991,8.93,4.8,0
1991,8.22,2.77,0
1991,9.91,2.84,0
1991,10.89,2.9,0
1991,13.18,3.29,0
1991,12,4.06,0.02
1991,12.44,5.4,0
1991,14.93,4.74,0
1991,14.88,5.72,0.05
1991,14.94,4.58,0.09
1991,15.29,4.18,0
1991,15.11,4.1,0
1991,15.64,4.35,0
1991,15.66,4.2,0
1991,17.1,4.34,0
1991,16,5.4,0
1991,15.6,5.08,0
1991,18.88,5.16,0
1991,16.91,6.1,0
1991,13.48,7.74,0.02
1991,12.33,5.42,0
1991,12.49,4.1,0
1991,14.64,3.77,0
1991,16.42,4.21,0
1991,16.52,4.24,0
1991,14.65,5.56,0
1991,13.85,5.8,0
1991,14.2,4.95,0
1991,14.69,4.08,0
1991,13.99,6.36,4.01
1991,12.03,8.18,79.63
1991,12.11,8.61,33.38
1991,11.56,7.9,14.07
1991,10.94,6.53,0.05
1991,12.95,5.95,0.03
1991,14.88,8.27,4.27
1991,12.89,7.25,0.07
1991,10.08,4.68,0
1991,10.31,3.59,0
1991,11.84,3.82,0.02
1991,12.35,4.74,0.01
1991,11,6.35,1.28
1991,8.76,4.28,0.38
1991,10.26,4.35,0.06
1991,9.43,5.84,8.32
1991,9.06,5.15,0.68
1991,5.47,4.5,1.46
1991,6.93,4.16,0
1991,9.82,5.72,1.68
1991,11.54,7.22,36.64
1991,9.61,5.8,9.6
1991,8.36,5.8,14.91
1991,8.42,4.97,0.09
1991,9.15,5.28,0
1991,9.01,5.63,0.33
1991,9.11,5.75,1.99
1991,9.5,5.88,26.16
1991,8.2,5.71,25.58
1991,7.46,5.1,10.18
1991,9.68,5.37,0
1991,11.56,5.73,0.03
1991,14.32,5.3,0.04
1991,13.66,6.24,0.28
1991,11.22,6.63,0.53
1991,12.35,6.44,0
1991,15.74,6.19,0
1991,18.96,6.34,0
1991,18.79,7.38,0
1991,16.27,7.84,0
1991,14.02,6.03,0
1991,14.71,5.4,0
1991,17.41,5.6,0
1991,13.38,5.03,0
1991,10.34,3.5,0
1991,11.45,4.67,0
1991,13.18,5.61,0
1991,13.43,6.75,0
1991,11.76,6.97,0
1991,10.98,6.04,0
1991,11.41,6.19,0
1991,12.5,6.72,0
1991,12.38,6.6,0.01
1991,12.2,6.84,0.07
1991,13.05,7.14,0.02
1991,13.19,7.53,0
1991,14.23,7.55,0.04
1991,14.33,7.59,0.06
1991,13.55,6.49,0.07
1991,14.82,6.67,0
1991,16.06,5.51,0
1991,17.24,4.58,0
1991,17.57,6.02,0
1991,16.7,6.1,0
1991,12.93,5.79,0.04
1991,11.37,5.39,0
1991,13.48,6.28,0
1991,17,5.65,0
1991,20.39,5.84,0
1991,20.87,6.92,0
1991,21.34,7.84,0
1991,19.28,7.89,0
1991,12.98,4.97,0.23
1991,12.86,5.28,0.05
1991,12.93,6.38,0
1991,15.73,6.07,0
1991,14.9,7.18,0.02
1991,15.23,6.28,0.01
1991,18.04,6.62,0
1991,17.65,7.39,0
1991,15.39,5.96,0
1991,12.81,5.51,0
1991,13.21,6.24,0
1991,13.52,6.84,0
1991,13.59,6.89,0
1991,15.5,7.15,0
1991,18.42,7.87,0.02
1991,18.63,8.23,0
1991,18.11,8.02,0
1991,15.62,7.22,0
1991,14.76,6.8,0
1991,15.94,6.9,0
1991,15.48,6.73,0.02
1991,15.69,7.11,0.1
1991,15.4,5.46,0
1991,16.45,6.98,0
1991,17.56,7.55,0
1991,18.71,7.67,0
1991,17.56,7.59,0
1991,15.85,7.64,0
1991,16.38,6.98,0
1991,17.71,6.92,0.01
1991,17.82,7.16,0.01
1991,19.43,7.8,0
1991,21.07,7.76,0
1991,20.64,8.78,0
1991,19.75,8.68,0
1991,17.37,9.06,0
1991,16.82,8.19,0
1991,17.74,7.59,0
1991,20.34,6.94,0
1991,21.88,7.66,0
1991,18.69,8.9,0
1991,17.78,7.58,0
1991,17.5,7.38,0
1991,16.73,7.11,0
1991,17.32,6.9,0
1991,17.16,7.25,0
1991,16.71,7.32,0
1991,17.08,7.27,0
1991,17.3,7.82,0
1991,16.67,8.18,0.09
1991,17.17,9.02,0.09
1991,18.35,8.21,0
1991,22.08,7.57,0.03
1991,23.69,7.6,0
1991,23.24,8.27,0
1991,22.66,8.93,0
1991,23.81,9.2,0
1991,23.27,9.75,0
1991,21.89,10.08,0
1991,21.78,10.76,1.35
1991,21.97,10.74,0.41
1991,20.25,9.65,0.02
1991,19.36,9.35,0
1991,21.14,8.76,0
1991,21.56,8.96,0
1991,21.21,9.26,0
1991,20.56,9.25,0
1991,20.19,7.28,0
1991,19.34,8.99,0
1991,18.62,8.94,0
1991,18.29,9.64,0.2
1991,17.66,9.04,0.1
1991,17.92,8.67,0
1991,19.91,8.89,0
1991,20.42,9.09,0
1991,19.76,9.24,0
1991,19.67,9.45,0
1991,19.34,9.52,0
1991,19.88,9.16,0
1991,21.97,7.86,0
1991,24.23,7.4,0
1991,24.99,8.08,0
1991,25.2,8.91,0.42
1991,23.6,10.39,0.16
1991,22.59,9.69,0
1991,22.42,8.2,0
1991,20.94,8.32,0
1991,18.43,8.65,0
1991,17.73,8.36,0
1991,18.68,8.37,0
1991,22.16,7.26,0
1991,24.51,7.11,0
1991,24.89,7.78,0
1991,24.42,8.01,0.03
1991,24.2,9.87,0.23
1991,24.64,9.86,0.07
1991,25.03,12.72,0.15
1991,21.53,11.84,0.17
1991,21.24,11.25,0
1991,22.03,10.95,0
1991,21.93,10.1,0
1991,21.39,9.32,0
1991,21.53,8.96,0
1991,22.79,7.87,0
1991,24.91,7.15,0
1991,26.64,7.24,0
1991,26.57,8.83,0
1991,24.65,9.99,0
1991,22.92,10.06,0
1991,21.6,9.21,0
1991,19.37,7.87,0
1991,20.88,7.03,0
1991,22.23,6.52,0
1991,23.23,7.24,0
1991,23.69,7.7,0
1991,25.86,7.67,0
1991,25.28,9.51,0.02
1991,24.77,9.6,0
1991,24.54,8.92,0.39
1991,23.71,10.48,0.43
1991,21.94,9.97,0.09
1991,21.06,9.21,0.01
1991,19.23,9.15,0
1991,16.84,9.01,0
1991,16.47,7.54,0
1991,18.48,8.1,0
1991,18.85,8.48,0
1991,18.8,8.58,0.01
1991,19.58,8.61,0
1991,21.08,8.23,0
1991,24.29,7.65,0
1991,24.93,5.91,0
1991,23.03,7.55,0
1991,23.51,8.69,0.01
1991,22.67,10.27,0.06
1991,22.9,10.42,0.09
1991,24.47,10.66,0.11
1991,25.62,9.83,0.07
1991,26.75,8.58,0.08
1991,25.77,8.93,0.04
1991,24.05,10.02,0.27
1991,23.75,8.97,0.07
1991,23.35,9.22,0.65
1991,22.29,9.74,0.01
1991,25.22,8.59,0
1991,27.92,6.27,0.01
1991,27.15,6.62,0
1991,24.23,8.52,0
1991,22.68,8.82,0
1991,21.69,8.56,0
1991,21.93,8.46,0
1991,24.86,7.27,0
1991,25.55,7.18,0
1991,26.94,6.01,0
1991,28.6,5.38,0
1991,25.91,7.08,0.11
1991,23.62,8.66,0
1991,23.07,8.86,0
1991,24.77,6.41,0
1991,23.58,6.03,0
1991,20.86,8.29,0
1991,19.86,8.87,0
1991,23.46,6.1,0
1991,24.51,5.21,0
1991,22.89,5.58,0
1991,19.21,7.74,0.06
1991,17.03,9.31,0.06
1991,15.99,8.87,0.11
1991,14.97,6.75,0
1991,14.93,7.06,3.64
1991,14.23,8.85,6.9
1991,12.39,5.24,0.4
1991,12.39,3.1,0
1991,12.71,4.97,0
1991,11.76,3,0
1991,12.5,3.02,0
1991,15.29,3.81,0
1991,16.66,4.69,0
1991,17.06,4.52,0
1991,18.71,4.82,0
1991,20.46,4.89,0
1991,21.95,5.5,0
1991,21.97,6.18,0
1991,19.72,7.05,0
1991,16.46,7.49,0.02
1991,16.61,7.11,0.07
1991,18.42,4.93,0
1991,19.11,4.39,0
1991,18.2,5.28,0
1991,12.42,4.8,0.12
1991,11.05,3.86,0
1991,11.59,4.44,0
1991,11.76,6.92,0.72
1991,12.27,5.13,0.06
1991,13.17,2.95,0
1991,14.59,3.21,0
1991,15.37,5.04,0
1991,15.23,2.9,0
1991,13.52,2,0
1991,14.66,2.4,0
1991,16.89,2.85,0
1991,17.69,3.13,0
1991,14.05,5.37,0.01
1991,9.95,3.14,0
1991,8.91,3.26,0.18
1991,7.24,1.97,0.01
1991,7.38,1.83,0.15
1991,9.04,2.96,0
1991,11.86,3.4,0
1991,12.78,3.18,0
1991,14.18,3.64,0
1991,12.51,3.47,0
1991,9.97,5.53,3.4
1991,10.93,5.96,3.25
1991,13.9,5.46,1.02
1991,13.3,6.39,2.48
1991,11.71,5.46,0.39
1991,11.34,3.66,0
1991,12.14,3.54,0
1991,13.03,3.1,0
1991,13.53,3.53,0
1991,13.93,4.57,0.03
1991,13.84,5.92,0.19
1991,12.72,7.16,1.17
1991,9.75,4.24,0.34
1991,10.58,3.15,0
1991,11.38,4.35,0
1991,11.14,6.44,0
1991,11.9,5.02,0
1991,11.96,4.22,0
1991,11.04,4.51,0
1991,10.74,4.98,0.17
1991,11.2,6.18,14.51
1991,9.96,6.8,25.54
1991,9.88,7.31,23.09
1991,9.65,6.08,0.74
1991,9.94,5.03,0
1992,10.79,4.16,0.05
1992,11.06,3.66,2.67
1992,8.59,5.3,6.5
1992,10.62,7.15,5.53
1992,9.6,7.16,30.48
1992,7.53,5.46,9.35
1992,6.66,5.47,6.04
1992,7.97,4.2,0
1992,9.18,3.47,0
1992,11.46,3.87,0
1992,10.85,4.05,0
1992,7.67,3.32,0
1992,8.51,3.27,0
1992,9.56,3.65,0
1992,10.35,3.94,0
1992,11.01,3.77,0
1992,11.21,4.26,0
1992,9.49,4.01,0
1992,9.96,3.9,0
1992,10.85,4.42,0
1992,10.88,4.8,0
1992,11.45,3.9,0
1992,12.35,3.71,0
1992,13.78,3.97,0
1992,13.16,4.39,0
1992,12.13,4.84,0
1992,13.02,4.55,0
1992,12.61,5.04,0
1992,14.29,4.38,0
1992,14.18,4.42,0
1992,14.44,4.88,0.1
1992,12.63,6.02,0.02
1992,12.32,5.13,0
1992,12.77,3.91,0
1992,13.26,4.36,0.01
1992,12.81,6.59,8.35
1992,12.75,8.23,29.74
1992,11.87,8.09,2.75
1992,11.6,7.21,1.64
1992,10.81,7.04,15.16
1992,11.19,7.8,47.32
1992,11.87,8.47,41.01
1992,11.53,8.39,32.73
1992,10.47,7.12,3.28
1992,10.62,6.59,11.46
1992,9.08,6.57,9.57
1992,9.6,6.64,0.91
1992,10.32,6.71,0.15
1992,11.6,6.62,0
1992,12.89,7.49,0.07
1992,13.63,8.86,0.07
1992,13.96,7.66,0.05
1992,14.48,7.25,0
1992,13.72,5.16,0
1992,14.08,4.86,0
1992,15.58,5.91,0
1992,14.89,5.73,0
1992,15.85,5.56,0
1992,16.33,5.78,0
1992,14.63,6.96,0.03
1992,12.84,8.22,14.95
1992,11.31,7.77,22.4
1992,11.48,7.66,2.93
1992,11.7,7.25,0.62
1992,11.67,7.09,1.47
1992,11.36,6.83,10.65
1992,10.09,6.1,2.12
1992,10.83,6.51,0.47
1992,12.29,6.96,0.02
1992,13.52,6.85,0
1992,14.71,6.32,0.01
1992,14.72,7.49,0
1992,13.65,7.41,0
1992,11.98,6.36,0
1992,11.95,6.96,0
1992,12.11,6.61,0
1992,11.77,6.22,0
1992,11.93,7.22,0.02
1992,12.87,7.32,6.37
1992,12.15,8.29,41.27
1992,12.06,7.91,11.08
1992,11.8,7.99,21.94
1992,11.94,7.57,2.48
1992,13.37,7.13,0.03
1992,13.61,7.37,0.94
1992,14.17,8.51,6.3
1992,13.39,8.28,11.85
1992,13.85,8.81,0.21
1992,13.88,8.39,0.44
1992,12.65,7.72,1.9
1992,13.1,7.41,4.38
1992,14.59,7.4,1.28
1992,15.88,7.54,0
1992,16.22,8.12,0
1992,15.6,9.3,0
1992,14.83,7.74,0
1992,14.45,7.67,0
1992,15.96,7.81,0
1992,16.48,8.05,0
1992,15.62,7.9,0
1992,14.66,7.9,0
1992,14.74,7.4,0
1992,14.96,6.3,0
1992,15.14,8.35,0
1992,14.98,8.46,0
1992,14.91,8.21,0
1992,16.67,8.41,0
1992,18.64,9.72,0
1992,17.83,7.21,0
1992,18.01,6.45,0
1992,18.52,7.56,0
1992,18.06,8.84,0
1992,15.86,6.53,0
1992,17.84,6.68,0
1992,21.12,7.57,0
1992,22.09,8.06,0
1992,21.5,7.84,0
1992,20.75,8.39,0
1992,21.09,8.35,0
1992,18.49,8.95,0
1992,17.56,8.17,0
1992,17.69,7.74,0
1992,18.71,7.9,0
1992,18.94,8.84,0
1992,18.71,9.04,0.04
1992,19.15,10.41,1.24
1992,18.64,10.29,0.73
1992,19.12,9.93,0.04
1992,19.44,10.21,0.07
1992,18.59,10.63,0.05
1992,19.07,9.86,0.03
1992,18.22,10.13,0.02
1992,17.43,9.19,0
1992,17.46,8.26,0
1992,16.24,8.53,0
1992,17.24,9.19,0
1992,18.85,8.93,0.01
1992,19.36,9.02,0
1992,19.88,8.29,0
1992,18.19,8.88,0
1992,17.68,7.85,0
1992,18.14,8.25,0.07
1992,18.85,9.04,0.19
1992,19.95,9.43,0.01
1992,18.89,9.84,0.03
1992,19.39,10.05,0
1992,18.72,9.75,0
1992,18.14,9.67,0
1992,18.1,9.96,0
1992,18.24,9.55,0
1992,19.92,8.93,0
1992,20.95,9.28,0
1992,20.71,10.28,0
1992,20.05,10,0
1992,20.98,8.99,0.01
1992,18.94,9.86,0.03
1992,16.99,9.09,0.05
1992,16.58,7.97,0.03
1992,18.05,8.88,0
1992,18.83,9.18,0
1992,19.43,9.18,0
1992,18.27,9.21,0.01
1992,18.05,8.99,0
1992,18.74,6.72,0
1992,18.74,6.06,0
1992,17.46,5.92,0
1992,17.58,6.8,0
1992,19.28,6.54,0.03
1992,20.2,7.12,0
1992,17.93,7.61,0
1992,19,7.64,0
1992,19.51,8.69,0
1992,19.98,8.87,0
1992,22.34,7.09,0
1992,23.31,8.4,0
1992,22.35,8.5,0
1992,20.87,8.36,0
1992,20.25,9.39,0
1992,21.97,9.31,0
1992,22.75,9.37,0
1992,19.87,9.13,0
1992,18.4,9.17,0
1992,18.11,8.37,0
1992,20.21,8.02,0
1992,20,8.89,0
1992,19.99,9.17,0
1992,23.57,7.96,0
1992,25.79,8.07,0.39
1992,22.93,10.82,1.25
1992,24.3,13.26,0.76
1992,24.28,13.62,0.09
1992,22.18,12.87,0.68
1992,20.68,12.47,2.52
1992,21.15,13.14,1.05
1992,22.1,12.68,0.02
1992,23.41,11.96,0.01
1992,24.48,10.97,0.02
1992,25.13,10.67,0
1992,25.9,10.1,0
1992,27.97,8.62,0
1992,28.78,8.55,0
1992,26.35,7.02,0
1992,22.71,9.56,0
1992,21.87,9.45,0
1992,20.89,9.22,0
1992,20.46,9.94,0
1992,21.37,9.81,0
1992,22.73,9.74,0
1992,24.1,8.49,0
1992,24.55,8.24,0
1992,24.27,9.19,0
1992,25.04,9.29,0.01
1992,25.52,9.21,0.06
1992,26.31,9.92,0.07
1992,27.19,9.62,0
1992,26.18,10.3,0.05
1992,25.02,11.66,0.02
1992,24.04,11.77,0
1992,23.54,10.11,0
1992,23.18,9.93,0
1992,24.01,10.33,0
1992,26.55,9.4,0
1992,26.95,10.08,0
1992,26.4,10.67,0.11
1992,27.99,10.57,0.19
1992,28.77,11.92,0.53
1992,28.41,12.15,0.1
1992,28.31,11.16,0
1992,29.02,10.56,0
1992,28.46,11.16,0
1992,28.32,11.18,0
1992,28.11,9.59,0
1992,27.51,9.02,0
1992,24.82,10.73,0
1992,22.19,8.48,0
1992,23.39,5.38,0
1992,21.45,8.87,0
1992,21.58,9.35,0
1992,23.23,8.48,0
1992,25.1,7.96,0
1992,24.64,8.8,0
1992,22.66,8.92,0
1992,18.12,8.18,0
1992,19.48,9.75,0
1992,19.84,10.1,0
1992,20.63,9.5,0
1992,20.63,9.45,0
1992,21.35,7.06,0
1992,23.28,7.6,0
1992,21.54,9.78,0
1992,22.14,9.01,0
1992,22.03,8.4,0
1992,21.38,7.87,0
1992,21.68,8.18,0
1992,22.52,9.17,0
1992,22.5,8.84,0
1992,21.94,8.2,0
1992,21.3,7.76,0
1992,21.66,8.97,0
1992,23.48,8.6,0
1992,25.73,9.45,0.01
1992,23.78,9.16,0
1992,24.2,6.11,0
1992,23.96,6.85,0
1992,25.73,6.96,0
1992,27.33,8.73,0
1992,28.06,7.15,0
1992,26.98,6.86,0
1992,24.08,7.23,0
1992,25.09,5.42,0
1992,26.28,6.47,0
1992,26.6,5.95,0
1992,26.71,6.9,0
1992,26.97,7.22,0
1992,24.96,7.11,0
1992,19.14,8.58,0
1992,19.18,7.01,0
1992,21.18,6.15,0
1992,22.59,6.23,0
1992,23,6.61,0
1992,24.43,3.81,0
1992,23.62,4.16,0
1992,22.21,6.88,0
1992,22.7,6.28,0
1992,22.73,6.06,0
1992,22.21,6.25,0
1992,18.55,9.13,0
1992,17.77,9.44,0
1992,16.95,9.24,0
1992,17.57,7.85,0.08
1992,19.23,7.44,0.02
1992,18.99,8.09,0
1992,18.74,7.94,0
1992,19.07,6.47,0.33
1992,16.51,10.12,2.34
1992,20.02,8.52,1.29
1992,21.31,8.88,3.86
1992,17.79,10.42,0.48
1992,17.94,9.44,0
1992,18.73,9.09,0.1
1992,17.59,9.83,0.41
1992,16.19,9.84,0.64
1992,16.08,9.35,6.3
1992,15.98,10.36,14.18
1992,16.14,6.67,0.01
1992,18.11,6.04,0
1992,19.34,7.48,0
1992,17.71,4.24,0
1992,15.64,3.99,0
1992,16.58,5.2,0
1992,17.59,5.37,0
1992,16.87,5.49,0
1992,15.42,7.69,0
1992,15.66,7.65,0
1992,12.9,3.56,0
1992,12.08,2.72,0
1992,14.79,3.36,0
1992,16.54,4.18,0
1992,17.21,5.07,0
1992,17.42,5.52,0
1992,15.61,6.29,0
1992,14.7,6.73,0
1992,13.93,5.82,0
1992,14.34,4.78,0
1992,11.41,3.98,0
1992,10.43,2.85,0
1992,11.66,5.05,0.44
1992,10.77,3.47,0.02
1992,10.43,3.11,0
1992,11.43,2.85,0
1992,11.15,2.49,0
1992,13.35,3.47,0
1992,12.76,4.23,0
1992,12.08,3.15,0
1992,11.28,2.71,0
1992,13.06,3.22,0
1992,12.23,6.11,0.07
1992,11.68,6.92,2.83
1992,8.92,5.17,2.2
1992,9.27,5.42,4.73
1992,10.75,6.94,26.73
1992,11.18,7.81,40.88
1992,9.37,4.92,0.19
1992,10.27,6.36,0.03
1992,11.42,6.83,0.06
1992,10.95,7.09,2.75
1992,8.01,4.6,0.02
1992,8.06,3.12,0
1992,8.13,2.99,0.1
1992,8.75,3.77,0
1992,8.05,2.94,0.02
1992,9.9,6.02,7.18
1992,6.37,3.84,0.38
1992,5.16,2.51,0
1992,5.32,2.48,0
1992,7.25,3.03,0
1992,8.43,3.31,0
1992,10.32,3.41,0
1992,10.85,3.86,0
1992,10.11,3.33,0
1992,11.25,3.82,0.09
1992,10.73,6.59,10.98
1992,11.1,7.67,14.12
1992,10.64,7.56,17.18
1992,8.91,5.41,0.24
1992,9.17,4.58,0
1993,9.7,5.59,2.18
1993,8.12,5.12,8.81
1993,4.58,2.55,0
1993,6.2,2.75,0.25
1993,7.1,4.03,20.12
1993,10.85,8.1,51.62
1993,13.64,9.75,31.17
1993,9.57,7.04,1.98
1993,9.12,6.35,1.56
1993,9.12,6.65,6.02
1993,6.8,4.27,6.43
1993,6.8,5.55,31.59
1993,12.15,8.97,20.08
1993,11.41,7.78,22.23
1993,12.09,8.86,36.11
1993,12.69,8.93,24.31
1993,12.1,8.75,36.22
1993,10.22,7.46,10.35
1993,9.32,6.26,0
1993,10.98,7.1,0
1993,11.78,7.28,0
1993,11.5,6.77,0.02
1993,9.91,4.62,0
1993,9.98,4.58,0
1993,11.5,5.21,0
1993,12.41,5.55,0
1993,12.78,5.47,0
1993,12.64,5.46,0
1993,11.63,5.95,0.37
1993,8.99,6.06,5.54
1993,9.93,5.61,1.75
1993,10.04,4.84,0
1993,11.3,5.14,0
1993,12.03,5.54,0
1993,12.43,6.17,0
1993,13.42,6.88,0
1993,13.63,6.72,0
1993,13.28,8.8,45.83
1993,11.81,8.38,25.12
1993,10.52,7.01,1.69
1993,9.85,6.02,0.12
1993,9.74,6.3,0
1993,10.49,5.99,0
1993,11.8,5.86,0
1993,11.8,6.61,2.32
1993,10.4,6.93,0.15
1993,8.81,5.68,0.01
1993,10.39,5.81,4.01
1993,12.1,8.23,58.99
1993,12.29,8.65,25.03
1993,9.9,6.5,3.01
1993,8.57,5.95,1.23
1993,9.47,6.11,4.29
1993,10.44,7.46,13.07
1993,8.92,5.58,1.63
1993,8.15,5.14,2.05
1993,9.01,6.52,8.05
1993,8.88,5.43,1.02
1993,8.4,5.14,0.17
1993,9.52,5.7,0
1993,11.45,6.28,0
1993,11.72,6.94,0
1993,13.07,6.07,0
1993,14.79,6.36,0
1993,15.35,6.65,0
1993,16.47,6.66,0
1993,16.22,6.84,0.01
1993,16.04,6.29,0
1993,14.59,6.7,0
1993,14.53,7.07,0
1993,15.55,6.35,0
1993,15.68,6.88,0.14
1993,16.06,8.26,0.07
1993,13.39,7.58,0.02
1993,15.19,7.9,0
1993,14.92,9.35,0.01
1993,14.62,7.56,0
1993,15.94,7.17,0
1993,16.12,7.91,0
1993,16.57,7.88,0
1993,17.01,7.92,0
1993,15.58,8.76,0.01
1993,13.59,8.23,0.39
1993,12.38,8.54,37.95
1993,10.48,6.97,6.77
1993,10.2,6.2,5.47
1993,9.98,6.08,8.25
1993,11.4,6.36,0.03
1993,12.95,7.17,0
1993,13.87,7.55,0.03
1993,12.87,7.46,0.05
1993,15.29,6.95,0
1993,17.16,7.51,0
1993,16.49,8.32,0
1993,12.86,6.86,0.06
1993,12.94,6.08,0
1993,14.95,6.12,0
1993,16.61,6.3,0
1993,16.13,7.16,0
1993,15.2,6.84,0
1993,14.88,6.56,0
1993,14.39,5.69,0
1993,15.01,5.19,0
1993,14.3,6.53,0
1993,14.23,7.76,0
1993,14.31,7.82,0
1993,13.41,7.83,0
1993,14.58,7.18,0
1993,16.11,6.3,0
1993,19.25,6.68,0
1993,19.23,7.22,0
1993,15.58,7.69,0
1993,14.77,7.02,0
1993,16.12,7.05,0
1993,18.22,7.64,0
1993,18.12,8.17,0
1993,16.42,7.5,0
1993,18.4,7.7,0
1993,19.7,8.33,0
1993,19.71,8.77,0
1993,20.22,7.44,0.03
1993,18.81,9.14,0
1993,17.17,9.22,0
1993,15.36,6.62,0
1993,15.55,7.35,0
1993,16.12,8.5,0
1993,17.48,7.16,0
1993,19.23,6.54,0
1993,21.45,6.58,0
1993,20.92,7.93,0
1993,15.67,8.41,0
1993,14.66,6.65,0
1993,16.33,5.77,0
1993,19.27,7.16,0
1993,19.92,8.65,0.12
1993,18.62,9.42,0
1993,18.05,8.66,0
1993,17.88,8.46,0
1993,18.62,9.47,0
1993,17.91,9.84,0
1993,17.61,8.91,0
1993,18.07,8.91,0
1993,17.17,9.45,0.01
1993,17.22,9.35,0.2
1993,17.83,9.79,0
1993,16.4,8.12,0
1993,16.04,8.12,0
1993,16.88,8.49,0
1993,18.19,7.77,0
1993,20.17,8.65,0
1993,18.9,10.33,0.02
1993,18.64,9.38,0
1993,18.31,8.04,0
1993,18.38,7.56,0.01
1993,16.71,9,4.38
1993,14.94,7.85,19.6
1993,14.27,6.94,0.15
1993,17.09,8.11,0.03
1993,19.06,8.11,0
1993,22.6,8.27,0
1993,23.37,9.2,0
1993,21.29,8.3,0
1993,20.81,8.03,0
1993,21.96,8.55,0.01
1993,22.66,8.81,0
1993,23.24,8.83,0
1993,21.74,9.19,0
1993,22.16,8.29,0
1993,24.13,8.81,0
1993,23.96,8.97,0
1993,22.55,9.04,0.03
1993,19.17,8.74,0
1993,21.23,7.74,0
1993,23.73,7.9,0
1993,26.82,7.46,0
1993,26.26,8.62,0
1993,24.2,10.57,0
1993,23.01,9.49,0
1993,22.65,8.45,0
1993,22.94,7.55,0
1993,22.7,8.73,0
1993,21.81,9.86,0
1993,20.69,10.45,0
1993,19.66,10.08,0
1993,18.56,9.5,0
1993,20.39,9.17,0
1993,20.94,10.07,0
1993,20.7,11.18,0.01
1993,20.16,10.55,0
1993,20.58,10.09,0
1993,20.97,9.38,0
1993,21.16,9.49,0
1993,19.99,9.42,0
1993,18.85,9.52,0
1993,19.47,9.86,0
1993,19.69,9.83,0
1993,19.98,8.07,0
1993,20.26,8.39,0
1993,20.14,8.96,0
1993,19.32,9.03,0
1993,19.8,9.33,0
1993,20.16,8.74,0
1993,20.77,9.02,0
1993,20.33,10.43,0
1993,20.91,10.55,0
1993,20.61,10.85,0
1993,20.12,10.17,0
1993,20.08,9.71,0.01
1993,19.47,9.48,0
1993,19.52,9.38,0
1993,21.94,10.06,0
1993,25.44,9.6,0
1993,26.8,10.43,0
1993,24.8,12.34,0
1993,24.36,12.13,0
1993,24.7,10.94,0
1993,26.67,9.54,0
1993,25.05,8.99,0
1993,21.38,9.89,0
1993,21.42,8.88,0
1993,24.02,8.93,0
1993,22.16,8.66,0
1993,22.16,8.59,0
1993,20.07,9.1,0
1993,19.3,9.36,0
1993,19.19,9.33,0
1993,18.64,9.25,0
1993,20.2,9.51,0
1993,21.73,10.15,0
1993,21.79,9.97,0
1993,21.06,9.32,0
1993,21.71,7.61,0
1993,22.07,7.43,0
1993,22.55,7.41,0
1993,22.97,6.67,0
1993,22.44,7.6,0
1993,23.98,8.29,0
1993,25.3,10.19,0.06
1993,24.91,9.93,0.02
1993,23.21,8.61,0
1993,20.9,9.39,0
1993,21.79,8.97,0
1993,23.6,9.13,0
1993,24.2,10.2,0
1993,24.19,10.5,0
1993,24.26,10.28,0
1993,23.82,8.61,0
1993,21.86,8.47,0
1993,22.25,7.51,0
1993,25.02,7.08,0
1993,26.36,6.28,0
1993,26.82,6.68,0
1993,27.02,7.36,0
1993,25.62,7.44,0
1993,19.17,9.95,0
1993,19.44,7.67,0
1993,19.18,7.13,0
1993,18.16,8.87,0.02
1993,16.62,8.25,0.01
1993,17.19,8.12,0
1993,18.08,6.85,0
1993,19.88,6.6,0
1993,17.73,7.94,0
1993,17.51,8.77,0
1993,18.3,7.58,0
1993,19.87,5.14,0
1993,22.14,4.03,0
1993,24.11,4.33,0
1993,25.52,3.76,0
1993,27.49,3.45,0
1993,27.2,4.87,0
1993,25.07,7.36,0
1993,25.2,9,0
1993,26.08,7.76,0
1993,24.98,7.36,0
1993,23.86,8.61,0
1993,19.95,10.23,0
1993,17.48,8.59,0
1993,17.58,8.12,0
1993,17.75,8.22,0
1993,17.75,8.51,0.01
1993,18.57,7.64,0.25
1993,18.33,8.59,0.96
1993,18.87,10.79,3.35
1993,19.33,10.1,0
1993,18.05,8.75,0
1993,18.22,8.36,0.01
1993,17.2,9.61,0.39
1993,16.28,9.26,0.49
1993,15.46,7.73,0.01
1993,16.34,6.32,0
1993,18.43,4.88,0
1993,20.08,4.42,0
1993,20.05,4.6,0
1993,21.19,4.67,0
1993,20.4,4.83,0
1993,20.08,5.28,0
1993,19.98,4.56,0
1993,21.24,3.35,0
1993,18.86,3.21,0
1993,19.23,4.18,0
1993,18.67,6.07,0
1993,19.06,4.39,0
1993,18.51,5.5,0
1993,18.66,5.31,0
1993,17.96,2.36,0
1993,19.53,3.1,0
1993,17.15,5.01,0
1993,17.05,4.43,0
1993,16.86,3,0
1993,15.87,5.12,0
1993,15.28,5.78,0
1993,17.14,6.11,0.04
1993,15.26,7.95,2.02
1993,13.42,7.61,7.82
1993,10.97,5.86,0.08
1993,10.94,5.13,0.03
1993,11.12,4.19,1.05
1993,12.26,3.22,0
1993,13.01,4.22,0
1993,14.03,5.09,0.01
1993,13.45,4.67,0.05
1993,13.8,3.22,0.01
1993,13.16,2.56,0.06
1993,14.35,4.29,0.13
1993,13.92,7.51,0.9
1993,13,6.05,0.01
1993,9.81,2.65,0
1993,11.09,2.09,0
1993,11.67,2.04,0
1993,13.37,2.36,0
1993,14.05,5.19,0.68
1993,13.37,8.27,3.38
1993,13.19,6.57,5.67
1993,12.43,3.23,0
1993,14.69,3.58,0.03
1993,14.48,3.32,0
1993,14.24,4.05,0
1993,13.34,4.14,0
1993,11.89,5.98,0
1993,11.21,5.56,0
1993,11.87,5.46,0
1993,12.02,5.99,0
1993,14.16,4.91,0.09
1993,10.35,7.2,11.71
1993,9.05,4.53,0.1
1993,10.82,3.76,0
1993,8.95,5.88,8.21
1993,7.87,4.93,0.23
1993,7.83,4.05,0
1993,9.57,4.08,0.78
1993,8.44,4.63,2.84
1993,10.13,5.55,1.59
1993,9.06,2.92,0
1993,8.91,2.61,0.12
1993,9.92,2.77,0
1993,9.18,2.37,0.03
1993,9.71,2.29,0
1993,12.4,3.31,0
1993,12.75,5.31,0.21
1993,12.11,7.23,0.02
1993,12.23,4.88,0
1993,12.14,3.67,0
1993,11.16,3.48,0
1993,12.04,3.76,0
1994,13.18,3.76,0
1994,14.59,3.63,0
1994,16.45,3.82,0
1994,16.4,4.76,0
1994,13.14,4.56,0
1994,9.86,3.12,0.01
1994,10.83,2.81,0
1994,11.16,3.32,0
1994,9.62,3.46,0
1994,10.45,3.41,0
1994,11.19,3.36,0
1994,11.99,3.33,0
1994,15.35,3.83,0
1994,14.6,4.77,0
1994,13.96,5.24,0
1994,12.99,4.21,0
1994,14.37,3.35,0
1994,15.91,3.75,0
1994,15.36,4.13,0
1994,15.11,4.19,0
1994,15.39,4.28,0
1994,16.37,4.19,0.1
1994,13.4,6.91,1.45
1994,11,7.12,8.69
1994,8.36,5.45,1.52
1994,9.12,5.27,2.79
1994,7.83,4.39,0.24
1994,8.36,3.55,0
1994,9.59,3.35,0.06
1994,10.63,3.3,0
1994,9.01,2.24,0
1994,8.99,2.16,0
1994,10.39,2.41,0.09
1994,8.91,5.29,12.42
1994,11.05,6.97,6.83
1994,11.28,7.12,1.24
1994,11.33,6.78,5.26
1994,11.21,7.82,26.68
1994,10.04,5.92,1.51
1994,10.38,4.6,0
1994,10.38,5.64,0.07
1994,9.34,3.95,0.11
1994,8.15,2.34,0
1994,10.42,2.84,0
1994,12.04,3.17,0
1994,13.01,3.68,0.05
1994,12.32,6.25,6.67
1994,10.85,6.99,14.68
1994,7.75,5.55,6.23
1994,7.6,4.71,2.15
1994,9.14,5.84,18.14
1994,8.53,4.53,0.09
1994,9.59,4.69,0.07
1994,11.71,3.92,0
1994,12.91,4.6,0
1994,13.67,5.53,0
1994,12.32,6.82,0
1994,12.76,6.84,0.08
1994,13.73,4.55,0
1994,15.6,4.37,0
1994,17.16,4.92,0
1994,16.78,5.64,0.02
1994,14.76,6.45,0.02
1994,11.97,7.4,3.61
1994,11.63,7.59,4.87
1994,12.91,7.12,1.41
1994,13.18,7.11,0.1
1994,13.83,7.02,0.01
1994,13.26,6.79,0.01
1994,13.28,6.29,0.13
1994,15.48,4.73,0
1994,17.66,4.5,0
1994,18.73,4.91,0.02
1994,17.28,6.71,0
1994,16.47,6.79,0
1994,16.86,6.43,0.43
1994,15.91,7.63,1.59
1994,13.99,8.78,17.48
1994,14.26,7.67,0.53
1994,14.07,7.52,0
1994,12.11,5.84,0.02
1994,9.91,4.25,0.6
1994,10.34,6.2,23.11
1994,9.05,5.26,1.46
1994,11.45,5.09,0.02
1994,14.29,5.51,0.12
1994,15.06,6.01,0
1994,15.45,6.43,0
1994,15.67,6.79,0
1994,16.35,6.61,0
1994,15.91,6.65,0
1994,16.64,5.63,0
1994,14.5,6.68,0
1994,14.67,5.53,0
1994,15.33,4.45,0
1994,14.42,6.88,0
1994,13.42,7.02,0.15
1994,12.98,6.79,0.16
1994,12.86,6.2,2.49
1994,13.76,5.11,0
1994,17.37,4.51,0.03
1994,18.75,5.07,0
1994,17.5,6,0
1994,14.37,7,0
1994,17.34,7.31,0
1994,18.6,7.03,0
1994,20.06,7.58,0
1994,20.13,8.33,0
1994,19.43,8.43,0
1994,18.55,8.18,0
1994,16.61,7.65,0
1994,15.2,6.88,0.02
1994,13.04,6.48,0.53
1994,11.14,5.36,6.21
1994,9.75,6.45,5.21
1994,10.34,6.1,3.05
1994,11.03,6.02,1.83
1994,13.22,6.31,0.4
1994,14.58,6.62,0
1994,14.82,6.7,0.03
1994,14.88,6.39,0
1994,15.4,6.94,0
1994,16.43,7.21,0
1994,16.63,8.11,0
1994,14.7,8.04,1.11
1994,12.99,7.06,2
1994,13.52,6.62,1.65
1994,14.82,7.1,0.37
1994,16.23,7.84,0
1994,17.45,8.05,0
1994,17.37,8.75,0.25
1994,16.29,8.74,0.05
1994,16.53,8.11,0.04
1994,16.94,8.85,0.01
1994,16.07,7.61,0.01
1994,14.34,6.32,0.08
1994,12.11,6.76,2.33
1994,12.4,6.58,0.54
1994,14.57,6.44,0.01
1994,16.01,6.13,0.01
1994,17.63,5.91,0
1994,16.49,7,0
1994,17.91,7.67,0
1994,16.75,8.27,0.04
1994,15.83,8.23,0.13
1994,15.73,8.4,0.01
1994,17.55,8.46,0
1994,20.16,7.63,0
1994,20.56,7.77,0
1994,19.12,8.61,0.04
1994,18.61,7.94,0.02
1994,21.54,8.17,0
1994,22.42,7.59,0
1994,20.44,7.1,0
1994,19.87,7.09,0
1994,17.78,8.77,0
1994,18.11,7.06,0
1994,19.16,5.96,0
1994,21.46,6.76,0
1994,23.98,7.69,0
1994,23.31,9.19,0
1994,20.67,10.23,0
1994,19.07,9.67,0.05
1994,19.19,9.34,0.01
1994,18.07,9.56,0.13
1994,17.63,9.02,0.05
1994,18.66,8.07,0
1994,20.14,8.05,0
1994,21.61,7.66,0
1994,21.39,7.78,0
1994,21.56,7.78,0
1994,22.54,8.18,0
1994,24.2,7.82,0
1994,26.08,7.34,0
1994,25.27,7.96,0
1994,26.69,7.49,0
1994,29.91,6.79,0
1994,28.43,9.26,0
1994,27.73,9.37,0
1994,27.17,9.67,0
1994,24.9,9.67,0.02
1994,24.41,11.46,0.01
1994,21.9,10.41,0
1994,21,9.48,0
1994,19.61,9.16,0
1994,18.37,9.14,0
1994,20.25,8.79,0
1994,22.19,8.68,0
1994,24.65,8.01,0
1994,23.54,9.19,0
1994,23.1,10.26,0
1994,22.89,8.51,0
1994,20.59,8.91,0
1994,19.96,9.51,0
1994,20.15,9.7,0
1994,21.43,9.55,0
1994,23.98,7.8,0
1994,24.78,9.04,0
1994,23,9.05,0
1994,20.31,8.65,0
1994,22.08,8.75,0
1994,22.28,9.54,0
1994,22.84,8.9,0
1994,22.74,7.97,0
1994,24.61,7.39,0
1994,25.35,7.55,0
1994,26.01,7.95,0
1994,25.75,8.47,0
1994,24.86,9.15,0
1994,23.5,10.25,0
1994,21.94,10.86,0
1994,21.7,10.36,0
1994,23.36,8.27,0.01
1994,24.65,7.06,0
1994,24.13,7.61,0
1994,25.04,7.81,0.01
1994,28.62,6.68,0
1994,27.26,9,0
1994,24.58,10.86,0
1994,25.22,9.74,0
1994,27.1,9.51,0.05
1994,28.45,9.64,0.02
1994,28.43,9.85,0
1994,28.83,9.75,0.17
1994,29.17,10.09,0.15
1994,28.42,10.33,0
1994,27.72,11,0
1994,27.18,10.56,0
1994,26.27,11.36,0
1994,25.87,11.84,0
1994,25.19,10.47,0
1994,24.25,9.21,0
1994,21.68,9.57,0.01
1994,20.89,9.09,0.01
1994,23.12,8.07,0
1994,25.07,7.4,0
1994,25.68,8.01,0
1994,26.02,9.02,0.01
1994,25.16,9.44,0
1994,25.39,8.97,0
1994,24.12,7.53,0
1994,21.79,9.44,0
1994,20.35,10.44,0
1994,20.06,10.11,0
1994,20.61,9.7,0
1994,22.08,7.65,0
1994,22.97,7.85,0
1994,25.64,9.3,0.16
1994,25.68,8.86,0
1994,25.56,7.23,0
1994,24.43,7.13,0.03
1994,25.59,7.51,0
1994,22.73,8.27,0
1994,18.68,7.73,0
1994,17.53,8.47,0
1994,17.9,7.65,0
1994,21.49,6.23,0
1994,24.64,5.5,0
1994,23.34,7.05,0
1994,21.3,9.04,0
1994,21.1,8.79,0
1994,20.28,8.32,0
1994,20.44,7.25,0.02
1994,21.92,7.49,0.01
1994,23.4,9.2,0.31
1994,21.96,10.58,0.05
1994,20.39,10.07,0
1994,23.04,7.65,0
1994,23.66,7.81,0.01
1994,25.46,9.03,0
1994,24.76,10.19,0.03
1994,22.38,10.04,0.09
1994,20.25,8.01,0
1994,19.25,8.1,0.04
1994,18.97,8.51,0.08
1994,16.41,9.31,3.45
1994,16.22,9.97,9.54
1994,16.34,8.65,2.06
1994,17,7.79,0
1994,19.97,5.82,0
1994,22.66,5.25,0
1994,23.57,5.14,0
1994,22.9,5.41,0
1994,21.17,6.82,0
1994,18.45,7.9,0
1994,15.47,6.7,0.07
1994,15.22,7.1,0.05
1994,15.03,6.15,0.14
1994,15.08,3.87,0
1994,15.73,4.37,0
1994,16.35,4.36,0
1994,17.12,4.89,0
1994,17.18,5.85,0
1994,17.78,5.71,0
1994,18.62,5.94,0
1994,18.7,5.55,0.02
1994,17.17,6.94,0.03
1994,15.88,7.77,0
1994,16.94,7.3,0
1994,19.28,6.47,0
1994,17.11,6.51,0.34
1994,15.57,6.98,0
1994,16.55,4.3,0
1994,19.93,4.05,0
1994,17.17,6.67,0.02
1994,13.38,6.95,0.68
1994,9.9,2.83,0
1994,10.57,2.5,0
1994,13.28,4.76,0.01
1994,13.67,4.81,0.12
1994,12.08,7.1,2.17
1994,13.34,7.64,1.77
1994,12.73,7.06,0.94
1994,10.9,6.01,9.3
1994,10.18,4.19,0.01
1994,9.94,4.66,0
1994,10.23,3.84,0
1994,10.77,2.47,0
1994,11.79,3.45,0.24
1994,10.51,4.97,0.62
1994,8.91,5.45,0.21
1994,6.97,3.93,0.14
1994,6.68,2.31,0
1994,8.53,2.66,0
1994,9.86,3.72,0.01
1994,11.82,3.32,0.01
1994,12.4,3.22,0
1994,12.8,3.76,0
1994,10.32,6.59,1.79
1994,8.87,4.69,1.19
1994,8.31,2.76,0
1994,9.71,3.34,0.03
1994,11.75,2.63,0
1994,13.84,3.57,0
1994,14.1,4.92,0
1994,11.69,5.98,0
1994,11,6.11,0
1994,10.93,6.55,0.07
1994,11.6,6.82,0.05
1994,11.02,6.87,0.03
1994,9.64,4.66,0.01
1994,8.17,2.51,0
1994,8.69,2.07,0.01
1994,9.38,2.59,0
1994,8.67,3.91,0.59
1994,9.08,5.56,2.64
1994,9.29,6.01,2.58
1994,8.93,5.52,0
1994,10.11,5.27,0.03
1994,11.09,3.96,0
1994,12.91,3.55,0.01
1994,13.25,4.29,0
1994,12.43,4.08,0
1994,13.72,3.31,0.03
1994,13.6,3.37,0
1994,13.34,4.16,0.82
1994,13.48,6.48,2.69
1994,11.77,7.76,15.89
1994,9.86,5.84,0.84
1994,12.37,5.01,0
1994,12.22,6.04,0.07
1994,10.36,7.08,0.96
1994,7.57,4.35,0.05
1994,8.59,5,0
1994,9.55,5.78,0.01
1995,9.62,4.61,0.3
1995,9.01,4.32,0.18
1995,9.46,6.86,66.54
1995,9.92,7.64,31.85
1995,9.81,6.36,1.37
1995,8.37,5.45,0.36
1995,10.5,8.03,39.45
1995,12.85,9.32,14.9
1995,12.91,9.13,39.45
1995,12.66,9.17,51.59
1995,11.92,8.24,12.07
1995,11.87,8.36,4.48
1995,12.35,8.21,0.51
1995,12.05,8.32,4.69
1995,9,6.36,1.44
1995,7.32,5.31,0.91
1995,7.53,4.29,0.01
1995,8.88,4.17,0.04
1995,8.44,4.61,0.65
1995,9.95,6.18,4.04
1995,9.83,6.34,2.36
1995,9.09,6.17,5.18
1995,9.42,6.76,30.87
1995,10.54,7.83,27
1995,10.1,7.37,14.46
1995,8.9,6.7,0.1
1995,9.6,6.71,0.06
1995,11.43,6.41,0
1995,12.76,6.14,0
1995,13.04,5.43,0.03
1995,14.39,6.41,0.01
1995,16.93,7.66,0.01
1995,17.23,7.5,0
1995,16.51,6.92,0
1995,16.43,6.44,0
1995,16.24,6.52,0.02
1995,15.19,6.48,0
1995,12.19,7.36,0.66
1995,10.51,7.06,2.18
1995,11.1,6.45,0.23
1995,11.12,6.59,0
1995,10.47,7.11,0.16
1995,10.82,6.65,1.47
1995,11.32,7.92,14.23
1995,12.42,8.84,21.24
1995,12.23,6.75,0.08
1995,12.52,5.72,0.01
1995,14.16,6.02,0
1995,14.77,6.05,0
1995,16.19,6.57,0
1995,17.51,7.02,0.02
1995,15.34,8.02,0.26
1995,14.47,8.22,0.12
1995,15.06,7.7,0.01
1995,14.81,7.81,0.32
1995,13.4,8.21,0.03
1995,12.8,7.74,0
1995,12.18,7.83,0
1995,12.32,7.56,0.19
1995,12.28,7.67,4
1995,12.03,8.3,9.76
1995,12.41,8.75,3.76
1995,12.56,8.29,26.27
1995,13.61,9.8,26.38
1995,12.97,6.4,0.11
1995,12.66,5.69,0.01
1995,13.97,6.46,0.13
1995,13.98,7.19,0.41
1995,13.5,9.29,59.38
1995,12.19,8.29,10.16
1995,12.52,7.37,2.23
1995,13.69,7.6,0
1995,16.01,8.23,0
1995,16.55,7.74,0.01
1995,16.14,8.27,0.01
1995,15.27,7.94,0
1995,16.1,8.31,0
1995,15.95,8.65,0
1995,13.64,8.76,1.79
1995,11.2,6.92,13.2
1995,9.4,5.33,1.97
1995,9.14,5.8,17.79
1995,8.79,4.65,0.01
1995,9.36,4.18,0
1995,10.99,4.16,0
1995,12.25,4.7,0
1995,12.53,5.1,0
1995,13.17,5.73,0
1995,13.09,4.7,0
1995,14.36,5.16,0
1995,14.75,7.2,0
1995,14.61,7.24,0
1995,16.7,6.4,0
1995,16.51,7.39,0.02
1995,13.8,7.76,0
1995,12.25,7.46,0
1995,13.98,8.12,0
1995,13.39,6.61,0.01
1995,12.34,5.19,0
1995,13.44,4.67,0.01
1995,15.46,5.68,0.01
1995,16.13,6.71,0
1995,13.17,6.79,0.2
1995,10.56,5.69,0.29
1995,10.69,5.7,0.22
1995,8.73,5.59,15.15
1995,10.37,6.26,4.92
1995,9.94,6.16,1.96
1995,10.71,5.65,0.01
1995,11.21,6.07,0.01
1995,11.25,5,0
1995,15.54,5.53,0.04
1995,17.38,5.51,0.01
1995,18.21,6.33,0.01
1995,16.71,7.65,0
1995,15.09,7.59,0
1995,14.32,8.42,0.08
1995,14.99,8.61,0.02
1995,16.2,9.44,0.28
1995,16.95,9.99,0.02
1995,16.25,9.51,0.01
1995,15.26,7.77,0.02
1995,14.44,7.44,0
1995,12.16,7.34,0.15
1995,11.33,6.4,0.92
1995,11.09,6.31,0.41
1995,12.01,7.24,0.04
1995,12.44,7.46,0
1995,14.14,7.87,0
1995,15.06,8.13,0
1995,16.07,7.96,0
1995,14.59,6.79,0.01
1995,11.58,6.91,1.24
1995,11.97,6.27,2.01
1995,12.46,7.31,3.88
1995,13.45,7.4,0.05
1995,14.59,8.17,0
1995,16.26,8.35,0.03
1995,17.05,8.69,0
1995,15.11,8.16,0
1995,13.07,8.16,0.01
1995,13.43,7.83,0.02
1995,12.87,7.97,0.04
1995,12.94,7.95,0.02
1995,14.7,7.96,0
1995,16.66,8.47,0
1995,16.59,8.68,0
1995,17.84,8.42,0
1995,19.49,8.7,0.01
1995,21.01,9.43,0
1995,20.06,9.3,0.01
1995,15.17,9.08,0.04
1995,15.85,8.46,0
1995,16.46,8.56,0
1995,18.38,9.23,0
1995,18.14,7.56,0
1995,17.97,5.8,0
1995,14.1,6.16,0
1995,14.78,6.99,0
1995,17.64,7.08,0
1995,20.94,7.67,0
1995,23.07,8.42,0
1995,22.96,8.35,0
1995,20.17,8.98,0
1995,16.82,9.05,0.58
1995,14.36,8.8,12.78
1995,12.37,7.27,3.8
1995,15.76,7.33,0.05
1995,18.41,8.26,0
1995,18.93,7.86,0
1995,18.52,7.63,0.02
1995,19.44,7.35,0
1995,21.12,7.63,0
1995,23.99,8.22,0
1995,24.82,8.82,0.01
1995,23.24,10.19,0
1995,21.38,11.32,0.03
1995,20.98,11.37,0.02
1995,20.74,10.86,0.02
1995,19.74,9.44,0
1995,20.02,8.64,0.07
1995,18.72,8.28,0.01
1995,19.92,9.19,0
1995,19.53,9.4,0
1995,19.83,10.19,0
1995,21.75,11,0
1995,22.73,11.2,0
1995,24.13,10.1,0
1995,24.18,9.01,0
1995,23.98,7.76,0
1995,24.42,8.17,0
1995,22.61,7.6,0
1995,21.83,7.12,0
1995,22.08,6.6,0
1995,23.72,7.71,0
1995,24.72,8.91,0.12
1995,22.79,10.61,0.76
1995,23.24,9.49,0
1995,23.36,8.79,0
1995,22.25,7.87,0
1995,21.97,7.33,0
1995,21.94,8.38,0
1995,21.44,8.75,0
1995,22.29,8.27,0
1995,22.6,8.63,0
1995,23.17,9,0
1995,25.13,8.93,0
1995,27.94,9.71,0
1995,29.36,9.52,0
1995,29.77,9.57,0
1995,25.98,11.95,0.03
1995,25.63,11.66,0.07
1995,25.18,12.13,0
1995,25.45,11.29,0
1995,26.11,10.74,0
1995,24.18,9.77,0
1995,24.01,9.82,0
1995,25.89,8.61,0
1995,27.03,9.56,0
1995,26.93,9.64,0
1995,24.88,9.04,0.03
1995,23.78,8.32,0
1995,25.33,7.5,0
1995,25.39,7.35,0
1995,25.49,7.56,0
1995,24.35,8,0
1995,22.53,7.69,0
1995,19.92,7.69,0
1995,21.84,8.92,0
1995,22.48,7.99,0
1995,23.72,7.76,0.02
1995,22.97,10.2,0.38
1995,24.56,10.77,0.06
1995,25.21,10.36,0
1995,23.74,9.43,0
1995,24.38,6.15,0
1995,23.99,5.64,0
1995,23.18,6.13,0
1995,24.72,7.11,0
1995,26.59,6.34,0
1995,27.84,6.69,0
1995,28.14,6.61,0
1995,28.22,6.41,0
1995,28.18,8.57,0.06
1995,27.55,9.56,0.05
1995,26.34,8.98,0.02
1995,25.9,7.64,0
1995,27.03,6.37,0
1995,26.99,7.36,0.06
1995,25.5,7.64,0
1995,23.29,7.55,0
1995,19.83,7.85,0
1995,20.66,6.86,0
1995,24.12,7.23,0
1995,26.76,7.09,0
1995,27.17,6.83,0
1995,27.53,7.08,0
1995,26.08,8.74,0.02
1995,22.44,10.74,0
1995,22.21,8.84,0
1995,23.06,7.78,0
1995,24.42,7.51,0
1995,23.01,9.03,0.06
1995,22.58,9.28,0.01
1995,23.14,9,0
1995,22.68,8.12,0
1995,22.02,8.94,0
1995,20.74,10.74,0
1995,18.86,10.19,0
1995,19.2,9.27,0
1995,18.27,9.39,0
1995,18.8,6.97,0
1995,22.34,4.91,0
1995,22.7,5.63,0
1995,24.77,4.24,0
1995,24.15,5.51,0
1995,22.16,4.95,0
1995,21.8,3.68,0
1995,19.66,6.37,0
1995,17.66,8.8,0
1995,17.73,7.84,0
1995,19.24,6.75,0
1995,22.23,6.19,0
1995,20.11,8.6,0
1995,19.73,8.63,0
1995,22.02,5.59,0
1995,22.25,5.74,0
1995,19.26,8.3,0
1995,17.86,8.42,0
1995,19.82,6.96,0
1995,20.59,6.99,0
1995,20.7,7.96,0
1995,19.97,7.32,0
1995,17.64,9.01,0
1995,16.27,4.17,0
1995,16.99,3.1,0
1995,17.26,3.85,0
1995,17.72,4.78,0
1995,19.04,4.44,0
1995,20.55,6.28,0
1995,18.15,8.09,0
1995,17.83,9.51,0
1995,17.63,9.12,0
1995,14.85,9.18,0.67
1995,14.47,8.3,0.41
1995,14.9,7.89,0
1995,16.47,7.21,0
1995,16.77,4.45,0
1995,16.89,5.06,0
1995,15.21,7.54,0
1995,17.91,5.71,0
1995,19.19,6.16,0
1995,16.31,8.57,0
1995,16.35,7.33,0
1995,18.07,4.55,0
1995,18.28,5.45,0
1995,18.28,5.53,0
1995,18.13,7.02,0
1995,17.78,6.9,0
1995,17.94,7.84,0
1995,17.75,6.34,0
1995,18.78,5.53,0
1995,19.21,4.85,0
1995,17.93,5.65,0
1995,16.22,5.41,0
1995,16.85,4.73,0
1995,18.92,4.65,0
1995,21.02,3.81,0
1995,19.69,4.93,0
1995,15.91,5.55,0
1995,13.85,2.71,0
1995,15.78,3.36,0
1995,18.1,4.8,0
1995,18.63,5.04,0.01
1995,16.12,6.66,0
1995,14.56,6.94,0.04
1995,14.38,6.24,0
1995,16.47,5.89,0
1995,17.13,6.73,0
1995,16.17,7.07,0
1995,15.04,6.54,0
1995,15.63,5.17,0
1995,16.19,4.48,0
1995,15.38,4.99,0.02
1995,13.85,7.23,2.35
1995,13.71,9.18,12.03
1995,13.77,8.91,6.32
1995,12.67,5.65,0.04
1995,13.14,5.25,0.17
1995,10.27,4.94,0.31
1995,10.1,3.39,0
1995,10.06,4.75,0.29
1995,10.69,5.03,0.02
1995,9.96,4.9,0.03
1995,9.22,3.44,0
1995,10.07,5.08,3.05
1995,7.15,4.98,12.53
1995,8.33,4.23,0.14
1995,10.13,4.36,0.08
1995,10.91,3.5,0
1995,11.53,3.77,0.01
1995,11.12,4.6,0.01
1995,11.95,5.18,0.29
1995,13.1,7.6,0.33
1995,14.79,7.23,0.06
1996,13.08,3.51,0
1996,12.82,3.21,0
1996,12.29,4.59,0
1996,10.74,6.78,0
1996,11.51,6.13,0
1996,13.63,4.85,0
1996,15.76,4.69,0
1996,15.95,4.66,0
1996,13.68,5.06,0
1996,14.98,4.78,0
1996,15.63,3.24,0
1996,16,3.78,0
1996,15.39,5.01,0
1996,14.47,5.81,0
1996,15.25,6.17,0.03
1996,12.65,7.75,6.8
1996,11.27,5.34,0.23
1996,11.16,5.18,0.24
1996,11.66,6.4,2.08
1996,10.31,4.29,0.09
1996,9.46,5.72,10.21
1996,7.12,4.57,0.45
1996,7.41,3.36,0.02
1996,8.37,4.61,0.16
1996,9.8,6.08,0.7
1996,9.04,3.72,0.03
1996,10.71,5.85,1.83
1996,10.96,6,0.88
1996,10.27,6.46,0.07
1996,10.83,6.89,8.09
1996,12.16,8.68,31.82
1996,12.02,7.66,1.17
1996,12.17,7.81,1.55
1996,11.37,7.37,3.17
1996,14.09,7.5,0.22
1996,14.27,8.98,0.95
1996,15.2,7.06,0.06
1996,18.39,5.33,0.01
1996,18,5.88,0
1996,14.66,7.8,0
1996,13.41,7.33,0.01
1996,14.71,7.3,0.36
1996,16.74,5.8,0.13
1996,15.19,6.97,0.02
1996,15.03,7.31,0
1996,14.15,8,0.01
1996,16.13,8.77,0
1996,14.71,8.37,0.02
1996,14.05,7.66,2.45
1996,12.86,9.13,32.69
1996,12.72,8.86,55.51
1996,11.71,8.19,10.53
1996,8.99,5.23,0.42
1996,9.49,3.88,0
1996,9.52,5.44,0.4
1996,6.48,5.09,7.62
1996,5.41,3.94,2.74
1996,6.36,4.62,6.94
1996,7.48,4.28,0.12
1996,9.67,5.09,0.05
1996,11.94,5.16,0
1996,13.18,4.44,0
1996,11.92,5.51,0.24
1996,11.64,8.46,16.77
1996,11.77,7.44,2.36
1996,11.52,4.85,0
1996,13.96,4.65,0
1996,16.37,4.98,0
1996,16.11,5.73,0
1996,13.98,7.39,0.01
1996,13.27,7.97,2.9
1996,11.09,7.6,16.77
1996,10.94,6.92,9.26
1996,12.03,6.35,0.32
1996,13.52,6.3,0
1996,14.55,6.73,0
1996,14.83,6.54,0.01
1996,16.63,7.25,0
1996,17.96,7.15,0.01
1996,18.79,7.75,0
1996,15.34,8.83,0.07
1996,13.33,7.7,0.03
1996,10.59,5,0.03
1996,10.56,5.54,0
1996,11.91,5.92,0.01
1996,13.1,5.24,0
1996,13.25,6.77,0.15
1996,11.62,7.78,1.31
1996,10.85,4.78,0
1996,13.22,5.92,0.05
1996,13.94,6.27,0
1996,14.41,7.77,3.35
1996,13.02,6.72,0.36
1996,13.42,6.44,0
1996,15.76,5.41,0.01
1996,16.93,4.67,0
1996,18.7,5.05,0.05
1996,18.2,6.55,0
1996,16.1,6.79,0
1996,13.17,6.72,0
1996,14.26,6.8,0.01
1996,15,6.12,0
1996,14.9,5.97,0
1996,14.91,5.2,0
1996,17.95,5.35,0
1996,17.12,6.14,0.07
1996,13.56,8.32,2.61
1996,14.31,8.35,5.68
1996,14.56,5.87,2.16
1996,13.99,4.87,0
1996,13.37,4.77,0.02
1996,14.2,5.02,0
1996,17.37,5.8,0
1996,20.69,6.47,0.01
1996,21.51,7.29,0.01
1996,22.18,8.06,0
1996,22.57,7.77,0
1996,19.51,8.04,0
1996,20.13,4.36,0.01
1996,21.64,4.06,0
1996,23.14,5.7,0
1996,21.33,7.81,0
1996,19.49,8.77,0
1996,19.36,6.82,0
1996,18.88,6.57,0
1996,19.35,6.39,0
1996,19.67,6.83,0
1996,18.79,7.15,0.1
1996,18.83,7.15,0
1996,19.04,7.02,0.01
1996,20.72,6.49,0
1996,23.31,7.06,0
1996,22.82,7.51,0.02
1996,21.2,8.48,0.03
1996,20.03,9.71,0
1996,19.04,10.17,0.05
1996,17.27,10.38,0.84
1996,18.57,8.75,0
1996,19.66,8.49,0.01
1996,19.1,6.95,0
1996,18.64,6.26,0
1996,19.47,7.37,0.02
1996,18.3,7.45,0.01
1996,17.26,5.62,0
1996,15.5,5.67,0.26
1996,15.02,7.58,0.02
1996,16.51,8.03,0
1996,15.68,7.8,0
1996,16.9,7.84,0.01
1996,15.8,7.38,0.03
1996,15.7,6.52,0
1996,18.56,6.65,0
1996,23.21,6.7,0.01
1996,25.21,6.71,0
1996,24.45,8.22,0
1996,23.26,9.08,0
1996,20.94,9.7,0.02
1996,21.29,9.96,0
1996,21.39,10.17,0
1996,22.28,9.58,0
1996,22.72,9.31,0
1996,22.03,8.73,0
1996,19.81,7.83,0.01
1996,18.3,8.77,0
1996,19.8,9.33,0
1996,19.85,8.89,0
1996,19.45,9.14,0
1996,18.65,8.96,0.02
1996,20.62,7.68,0
1996,22.59,6.75,0
1996,21.48,8.78,0
1996,20.55,9.34,0.01
1996,17.91,8.21,0
1996,18.56,7.62,0
1996,19.2,8.26,0
1996,19,8.58,0
1996,18.09,8.05,0
1996,15.02,7.16,0
1996,16.04,7.64,0
1996,20.85,6.32,0
1996,25.92,5.1,0
1996,26.79,5.53,0
1996,27.21,6.82,0
1996,27.87,8.16,0
1996,24.19,10.04,0.03
1996,26.82,8.63,0
1996,25.97,7,0
1996,25.65,7.47,0
1996,23.5,8.48,0.01
1996,21.74,8.2,0
1996,22.53,7.36,0.02
1996,23.1,8.77,0.1
1996,22.36,9.64,0
1996,22.49,10.16,0
1996,22.54,10.34,0
1996,22.1,10.85,0.04
1996,22.63,11.41,0.01
1996,20.71,10.97,0
1996,19.74,9.45,0
1996,22.32,8.55,0
1996,23.96,7.69,0
1996,24.53,6.65,0
1996,25.38,7.22,0
1996,23.41,9.55,0
1996,24.95,9.26,0
1996,25.71,9.31,0
1996,25.61,11.35,0.12
1996,26.21,11.64,0.14
1996,25.53,12.04,0.44
1996,26.42,11.46,0.05
1996,27.23,10.45,0.03
1996,27.77,10.49,0
1996,27.8,10.59,0
1996,27.12,10.31,0
1996,23.84,12,0
1996,21.02,10.81,0.01
1996,19.9,8.97,0
1996,19.11,9.11,0
1996,19.71,9.3,0
1996,22.12,9.38,0
1996,23.6,9.56,0
1996,26.78,10.03,0
1996,26.85,10.65,0
1996,25.78,10.89,0.12
1996,27.88,10.45,0
1996,29.27,10.44,0.02
1996,28.03,10.48,0.01
1996,27.96,11,0.04
1996,25.68,11.8,0
1996,24.1,10.52,0
1996,21.78,9.33,0
1996,21.27,8.25,0
1996,23.23,7.21,0
1996,24.89,6.95,0
1996,26,7.61,0
1996,28.08,8.64,0.04
1996,28.6,8,0.03
1996,27.89,6.62,0.01
1996,25.07,6.64,0.02
1996,25.23,6.31,0.03
1996,27.55,6.46,0
1996,28.94,7.26,0
1996,28.05,9.26,0
1996,26.2,10.52,0
1996,23.36,12.04,0.02
1996,22.32,12.06,0
1996,22.13,11.26,0
1996,21.98,9.51,0
1996,22.36,9.84,0
1996,23.58,10.35,0.01
1996,25.02,10.06,0.01
1996,25.53,9.46,0.01
1996,25.05,8.81,0.01
1996,24.98,6.57,0
1996,22.88,5.87,0
1996,19.86,7.88,0
1996,17.69,9.13,0
1996,19.58,8.31,0
1996,19.5,8.83,0.01
1996,19.95,7.51,0.02
1996,20.25,6.19,0
1996,20.17,7.78,0.01
1996,21.69,7.71,0
1996,22.64,9.14,0
1996,21.85,9.79,0
1996,19.09,10.3,0
1996,19.41,10.05,0
1996,19.02,9.54,0
1996,18.58,9.73,0.01
1996,18.92,8.8,0
1996,21.1,6.54,0
1996,22.92,6.36,0.01
1996,23.04,7.05,0.01
1996,20.19,9.09,0.01
1996,17.67,9.39,0
1996,19.14,8.36,0.02
1996,22.93,6.75,0.01
1996,24.99,6.8,0
1996,25.46,6.46,0
1996,25.77,6.4,0
1996,25.8,6.54,0
1996,25.31,7.73,0
1996,23.09,9.15,0
1996,22.66,6.66,0
1996,20.02,6.8,0
1996,20.58,4.99,0
1996,19.56,6.23,0.01
1996,19.62,7.1,0
1996,20.57,6.63,0
1996,18.47,6.48,0.01
1996,18.59,4.89,0
1996,18.32,6.79,0.01
1996,15.72,5.8,0
1996,14.71,3.19,0
1996,14.46,2.01,0
1996,14.93,2.6,0
1996,16.16,3.64,0
1996,15.78,6.68,0.22
1996,14.2,5.98,0.33
1996,12.98,4,0.05
1996,13.15,3.58,0.02
1996,11.16,5.36,0.11
1996,12,7.04,14.17
1996,11.79,7.45,17.31
1996,11.34,5.72,0.02
1996,13.34,4.88,0
1996,14.26,4.77,0.05
1996,13.12,6.34,0
1996,12.64,6.67,0.03
1996,11.89,5.2,0
1996,12.52,3.14,0
1996,15.29,3.01,0
1996,17.76,3.67,0.01
1996,19.83,4.52,0.01
1996,20.57,5.32,0
1996,20.28,5.75,0
1996,20.17,5.45,0
1996,18.39,6.04,0
1996,14.16,7.65,0
1996,11.45,5.74,0
1996,10.98,5.8,0
1996,13.26,8.09,0.1
1996,15.06,8.76,0
1996,14.25,8.39,0.03
1996,15.35,9.1,10.33
1996,15.24,10.79,42.69
1996,14.11,9.06,7.22
1996,13.78,6.7,0.06
1996,14.68,5.6,0.01
1996,14.01,5.51,0.01
1996,14.32,4.82,0
1996,11.43,2.95,0
1996,11.28,4.06,0.08
1996,9.21,4.27,0
1996,9.9,3.23,0
1996,10.81,4.8,0.01
1996,10.62,3.56,0
1996,11.29,3.4,0
1996,12.41,3.79,0.01
1996,12.15,7.25,3.83
1996,12.58,7.82,0.55
1996,12.89,6.26,0
1996,14.84,6.08,0.56
1996,12.13,8.5,38.9
1996,12.17,8.78,22.91
1996,13.4,9.58,11.42
1996,14.09,8.91,0.15
1996,12.8,7.54,0.03
1996,13.04,4.03,0
1996,10.44,2.94,0.01
1996,11.8,3.91,0.01
1996,11.66,3.36,0
1996,8.64,2.56,0
1996,9.39,3.1,0
1996,10.49,4.71,0.08
1996,9.83,7.13,6.19
1996,10.62,7.82,11.91
1996,9.84,5.26,0.02
1996,10.16,4.35,0
1996,12.08,4.1,0
1996,11.08,6.48,2.98
1996,11.56,8.59,12.95
1996,10.94,7.06,0.89
1996,11.34,6.81,0.48
1996,12.92,8.54,1.02
1996,13.62,9.34,1.64
1997,14.62,9.97,4.44
1997,14.68,10.2,10.29
1997,13.07,8.11,0.95
1997,10.11,6.51,1.71
1997,9.67,5.83,1.39
1997,7.26,2.98,0.06
1997,8.28,3.23,0.02
1997,10.21,4.25,0
1997,11.02,5.18,0.01
1997,11.05,5.8,0
1997,9.46,5.96,4.4
1997,9.15,7.1,20.65
1997,8.64,6.11,7.13
1997,9.2,5.87,9.2
1997,8.81,6.66,10.2
1997,8.31,4.93,0.1
1997,9.77,4.65,0.44
1997,10.96,4.23,0.11
1997,10.79,4.96,0.03
1997,9.82,7.1,4.71
1997,9.77,7.21,6.69
1997,10.9,8.12,10.79
1997,12.45,8.39,6.33
1997,11.47,7.48,6.05
1997,11.62,8.54,20.65
1997,12.39,8.63,10.35
1997,12.26,7.16,0.28
1997,14.04,6.52,0
1997,13.04,5.52,0
1997,12.7,5.21,0.01
1997,14.19,5.83,0.01
1997,12.72,6.8,0.01
1997,11.33,6.49,0.01
1997,11.76,5.34,0
1997,10.8,5.63,0
1997,10.3,5.64,0.02
1997,10.01,3.98,0
1997,10.3,4.12,0
1997,10.48,5.58,0.03
1997,10.09,5.47,0
1997,9.45,6.11,3.01
1997,10.69,5.47,0.01
1997,9.85,5.76,0.01
1997,10.02,4,0.01
1997,12,4.42,0
1997,14.92,5.44,0.01
1997,14.79,5.74,1.19
1997,11.33,6.25,1.41
1997,12.06,5.58,0.04
1997,14.12,5.54,0.04
1997,13.28,6.01,0.01
1997,12.7,4.25,0
1997,11.98,5.36,0
1997,10.49,4.17,0
1997,8.69,3.27,0
1997,9.91,3.99,0
1997,11.52,6.52,0.34
1997,10.48,6.68,2.25
1997,9.15,4.82,0.04
1997,9.18,3.69,0.04
1997,10.18,5.25,0.01
1997,10.38,5.25,0
1997,10.37,3.98,0
1997,13.81,3.79,0
1997,14.85,4.68,0
1997,14.25,5.26,0
1997,14.62,5.94,0
1997,17.66,5.32,0
1997,19.55,5.03,0
1997,18.14,5.73,0
1997,16.35,6.22,0
1997,16.36,5.58,0
1997,17.1,5.36,0
1997,14.7,6.87,0
1997,12.49,7.82,0
1997,14.3,6.54,0
1997,18.57,5.13,0.01
1997,20.53,5.21,0
1997,20.29,5.48,0
1997,17.6,5.39,0
1997,14.92,7.16,0
1997,13.78,8.12,0.01
1997,16.16,7.81,0
1997,18.31,4.82,0
1997,16.53,6.38,0
1997,14.3,8.13,0
1997,13.67,7.41,0
1997,15.83,5.16,0
1997,14.18,6.69,0.04
1997,13.94,5.76,0.04
1997,11.7,3.97,0.04
1997,10.9,3.35,0.35
1997,11.49,4.97,0.64
1997,11.67,6.92,0.06
1997,11.74,6.41,0.04
1997,12.87,6.09,0
1997,14.87,6.39,0
1997,14.66,6.35,0
1997,12.08,4.82,0
1997,13.23,4.93,0
1997,13.84,5.25,0
1997,15.31,4.85,0.02
1997,16.33,5.04,0
1997,16.94,6.55,0
1997,17.73,6.68,0
1997,18.75,6.76,0
1997,18.09,7.17,0
1997,17.15,7.72,0
1997,17.46,8.8,0.01
1997,20.6,7.5,0
1997,21.73,7.62,0
1997,21.87,7.24,0
1997,18.55,5.81,0.01
1997,16.73,5.04,0
1997,19.85,4.75,0.01
1997,20.5,6.01,0
1997,17.35,7.8,0
1997,15.99,7.96,0
1997,16.9,6.84,0
1997,18.47,6.98,0
1997,18.63,5.87,0
1997,19.19,5.41,0
1997,20.45,6.65,0
1997,21.09,7.38,0.01
1997,21.89,6.29,0
1997,22.96,6.86,0
1997,21.8,7.66,0
1997,20.78,8.5,0.04
1997,21.95,7.55,0
1997,22,7.6,0.02
1997,21.29,8.8,0
1997,21.25,9.46,0.03
1997,20.64,9.5,0
1997,21.46,8.88,0
1997,23.74,8.42,0
1997,23.78,8.85,0.03
1997,22.3,10.27,0.03
1997,20.45,11.03,0
1997,19.47,10.48,0.01
1997,19.47,9.31,0.19
1997,19.48,9.34,0
1997,19.83,8.37,0
1997,19.09,9.22,0.02
1997,19.81,8.37,0.02
1997,19.04,6.76,0
1997,20.8,6.78,0
1997,25.2,7.24,0
1997,26.5,8,0
1997,25.5,9.16,0
1997,24.12,10.51,0
1997,23.08,10.39,0
1997,22.45,9.09,0.02
1997,19.96,9.48,0
1997,20.38,10.68,0
1997,19.38,10.56,0.04
1997,19.23,8.02,0.03
1997,20.83,8.44,0.12
1997,19.56,10.08,0.06
1997,19.19,9.85,0
1997,19.15,8.93,0
1997,19.12,8.3,0
1997,18.75,9.05,0.03
1997,18.1,9.37,0.22
1997,16.74,7.68,0.83
1997,16.88,8.61,0.18
1997,19.69,8.76,0
1997,22.31,9.4,0.01
1997,23.95,10.17,0
1997,23.57,10.61,0
1997,21.52,11.21,0
1997,20.42,10.28,0.06
1997,18.65,9.3,2.8
1997,18.82,8.68,0.24
1997,19.34,7.54,0.27
1997,20.78,7.67,0
1997,21.17,9.52,0
1997,20.5,9.6,0
1997,20.02,9.89,0.01
1997,19.97,8.43,0
1997,19.47,8.06,0
1997,20.45,6.84,0.01
1997,24,5.2,0.03
1997,25.18,5.33,0
1997,26.65,5.01,0
1997,26.89,6.72,0
1997,26.43,7.79,0
1997,24.53,7.66,0
1997,21.35,10.3,0
1997,21.69,10.24,0
1997,21.49,9.42,0
1997,20,9.96,0
1997,18.66,9.17,0
1997,19.15,9.57,0
1997,21.8,9.37,0
1997,22.92,8.62,0
1997,24.94,8.75,0
1997,25.4,9.24,0
1997,24.47,8.94,0
1997,22.35,9.02,0
1997,19.84,8.92,0
1997,19.99,8.81,0.01
1997,20.83,9.63,0.05
1997,21.88,11.07,0.47
1997,23.61,10.36,0.01
1997,21.96,9.44,0
1997,20.88,9.85,0
1997,19.38,10.03,0
1997,20.3,9.8,0
1997,19.92,9.82,0
1997,19.52,9.79,0
1997,20.25,9.26,0
1997,23.6,7.24,0
1997,26.57,5.61,0.01
1997,28.85,6.18,0
1997,28.43,8.93,0
1997,28.95,8.69,0
1997,30.67,8.25,0
1997,29.78,9.68,0.01
1997,27.2,11.43,0
1997,24.49,12.26,0
1997,21.63,10.78,0
1997,18.87,9.47,0.01
1997,20.23,9.95,0
1997,20.44,10,0
1997,22.48,9.61,0
1997,21.4,10.14,0
1997,20.15,10.56,0
1997,19.9,10.63,0
1997,20.97,9.97,0
1997,23.34,8.59,0
1997,24.98,11.94,0
1997,24.52,12.22,0
1997,26.02,9.73,0
1997,27.94,9.18,0
1997,27.17,10.7,0
1997,25.65,9.87,0
1997,24.15,9.43,0
1997,24.76,8.97,0
1997,25.12,8.45,0
1997,23.81,9.44,0
1997,23.97,9.37,0
1997,23.61,9.97,0
1997,23.89,10.18,0.01
1997,25.69,9.42,0.24
1997,26.81,11.24,0.26
1997,27.49,11.33,0.13
1997,28.53,11.72,0.04
1997,26.96,11.67,0
1997,25.47,11.25,0
1997,25.63,9.45,0
1997,26.62,8.93,0.02
1997,27.72,9.51,0.01
1997,26.94,9.81,0.02
1997,23.24,10.02,0
1997,21.28,10.75,0
1997,21.11,8.82,0.03
1997,23.6,8.94,1.12
1997,23.86,10.91,0.31
1997,24.09,7.09,0.05
1997,24.91,7.86,0.12
1997,23.48,9.75,0
1997,20.91,9.16,0.1
1997,20.97,6.68,0
1997,23.69,7.32,0
1997,25.83,7.37,0
1997,27.33,6.42,0
1997,25.58,8.44,4.71
1997,24.16,14.04,9.11
1997,21.99,12.2,0.03
1997,23.91,10.17,0.01
1997,26.12,8.34,0.01
1997,24.32,11.19,0
1997,23.5,11.03,0
1997,22.94,11.64,0
1997,20.99,11.58,0.01
1997,20.81,10.21,0.03
1997,21.32,10.91,0
1997,20.56,10.7,0.02
1997,18.01,9.78,0.71
1997,16.3,5.96,0.02
1997,17.27,5.8,0
1997,19.46,7,0.07
1997,16.86,8.94,0.97
1997,14.53,5.73,0.37
1997,16.03,4.18,0
1997,19.41,3.67,0
1997,22.92,4.13,0
1997,23.76,4.56,0.02
1997,24.44,4.15,0
1997,24.1,4.83,0
1997,21.08,7.08,0
1997,17.48,8.66,0
1997,15.8,8.49,0
1997,16.88,7.92,0.01
1997,17.33,7.69,0
1997,16.14,8.97,0
1997,15.97,6.47,0
1997,15.3,3.08,0
1997,16.57,3.76,0
1997,16.2,5.42,0
1997,16.54,5.93,0
1997,16.88,4.94,0
1997,19.09,5.37,0
1997,21.03,5.82,0
1997,23.81,5.38,0.05
1997,23.38,4.39,0
1997,23.17,4.67,0
1997,21.42,6.54,0.01
1997,20.55,6.31,0
1997,19.34,6.9,0.03
1997,16.58,8.63,0.01
1997,15.77,6.83,0
1997,15.51,6.82,0.1
1997,13.88,8.88,9.67
1997,13.61,7.3,0.37
1997,14.17,7.15,7.68
1997,12.19,7.53,3.45
1997,12.23,6.45,0.54
1997,13.2,7.06,0.47
1997,12.53,6.45,0.38
1997,12.78,5.41,0
1997,13.91,5.29,0.03
1997,15.28,8.98,0.93
1997,14.73,6.46,0.19
1997,16.22,4.99,0
1997,17.68,4.7,0
1997,16.79,5.25,0
1997,15.43,6.18,0.01
1997,15.11,6.58,3.93
1997,12.72,8.16,12.84
1997,11.49,6.01,0.55
1997,12.35,5.27,0.02
1997,12.79,6.79,2.13
1997,11.01,7.46,7.04
1997,12.07,5.61,0.05
1997,11.96,5.2,0.01
1997,12.91,6.1,0.01
1997,12.6,5.16,0
1997,13.18,7.73,24.98
1997,13.82,9.66,37.31
1997,12.46,8.31,3.62
1997,9.63,5.73,0.71
1997,8.15,3.89,0
1997,7.95,2.87,0.95
1997,8.37,2.84,0.01
1997,8.63,2.8,0.56
1997,11.31,3.41,0.16
1997,11.91,4.65,1.44
1997,10.99,5.24,0.42
1997,11.95,4.16,0.28
1997,13.06,5.71,0.23
1997,11.38,7.35,15.55
1997,10.14,3.44,0
1997,9.93,3.73,0.16
1997,8.7,4.78,1.42
1997,7.99,3.38,0
1997,8.49,3.6,0.16
1997,7.03,3.14,0.01
1997,5.58,2.73,0.04
1997,6.31,2.66,0.01
1997,8.76,3.09,0
1997,11.84,3.54,0
1997,13.2,4.85,0
1997,15.29,5.56,0
1997,16.61,6.43,0
1998,15.32,7.76,0.01
1998,12.54,7.91,1.35
1998,11.35,7.3,4.82
1998,8.63,6.1,2.98
1998,7.22,3.82,0.02
1998,8.49,3.07,0.12
1998,11.57,4.83,0.1
1998,11.56,6.57,0.48
1998,11.95,8.57,28.4
1998,11.73,7.79,4.19
1998,11.59,7.03,0.54
1998,11.69,7.73,1.93
1998,12.24,6.4,0.89
1998,11.18,5.66,0.11
1998,12.58,8.7,2.27
1998,13.27,8.3,0.43
1998,13.06,7.15,0.08
1998,12.75,7.31,1.49
1998,10.86,6.3,2.76
1998,9.25,4.71,0.1
1998,9.59,4.15,0.3
1998,11.51,4.07,0
1998,11.86,4.58,0
1998,12.38,5.4,0
1998,14.53,4.86,0
1998,14.26,5.77,0
1998,14.05,6.78,0
1998,11.81,6.22,0.22
1998,11.43,7.11,13.8
1998,10.8,5.69,0.37
1998,10.34,6.75,3.62
1998,10.48,6.47,0.98
1998,12.34,8.47,19.36
1998,11.02,7.87,39.88
1998,10.01,6.42,1.38
1998,10.3,6.29,12.55
1998,10.58,7.33,23.35
1998,10.85,7.31,29.41
1998,11.16,7.26,14.92
1998,9.57,5.74,2.76
1998,10.53,5.91,0.04
1998,11.74,6.85,0.08
1998,11.02,6.28,0.24
1998,11.25,6.56,4.07
1998,10.97,7.9,32.8
1998,8.54,5.3,2.76
1998,8.59,5.6,5.72
1998,8.83,5.89,10.84
1998,9.75,5.52,0.49
1998,9.99,6.68,13.23
1998,8.06,5.09,4.7
1998,10.05,5.96,8.17
1998,11.79,8.33,33.68
1998,12,8.69,52.27
1998,9.39,6.05,9.76
1998,9.02,5.38,0.03
1998,9.84,5.81,0.04
1998,10.81,5.87,0
1998,12.27,5.63,0.02
1998,12.77,5.83,0.01
1998,12.57,6.6,0
1998,11.74,7.19,0.02
1998,11.2,5.69,0.11
1998,11.19,6.65,2.2
1998,9.96,5.85,7.16
1998,9.53,4.04,0.02
1998,12.13,5.2,0.02
1998,13.05,5.6,0.02
1998,14.41,5.26,0.01
1998,15.85,5.63,0.02
1998,15.38,6.84,0.08
1998,12.78,7.92,10.88
1998,13.11,6.99,3.38
1998,13.97,7.59,0.02
1998,13.03,8.46,0.26
1998,13.77,8.45,0.04
1998,14.09,7.05,0.01
1998,13.98,7.09,0
1998,13.65,7.65,0.04
1998,13.76,7.92,0.05
1998,16.79,8.61,0
1998,17.38,9.02,0
1998,15.69,9.02,4.98
1998,11.81,8.02,35.63
1998,11.86,7.34,1.66
1998,11.43,7.21,4.31
1998,8.14,5.8,6.76
1998,7.72,4.5,0.59
1998,9.04,4.77,0.23
1998,9.45,6.33,13.42
1998,7.17,5.36,5.99
1998,9.87,5.84,0.52
1998,9.88,6.42,2.22
1998,8.82,6.1,3.08
1998,10.44,6.13,0.98
1998,10.09,6.32,0.58
1998,10.39,5.9,0.67
1998,11.25,5.8,0
1998,12.86,6.78,0.01
1998,12.94,6.76,0.06
1998,10.36,7.27,11.73
1998,10.11,5.33,0.23
1998,8.91,5.72,0.75
1998,8.54,5.56,0.8
1998,9.3,5.07,0.09
1998,11.02,5.07,0
1998,13.54,5.33,0.03
1998,15.53,6.36,0.02
1998,17,7.07,0
1998,19.04,7.85,0
1998,20.91,8.16,0
1998,16.58,8.8,0.01
1998,13.21,8.26,0.03
1998,13.52,7.84,0.01
1998,14.21,7.19,0.03
1998,15.36,5.99,0
1998,18.08,6.27,0
1998,18.97,7.17,0
1998,19.05,8.09,0
1998,15.64,7.89,0
1998,14.16,7.81,0.25
1998,15.52,9.41,2.29
1998,15.46,9.18,2.45
1998,15.44,9.43,8.38
1998,14.22,9.18,20.65
1998,14.1,8.31,2.03
1998,13.74,8.28,1.26
1998,14.3,8.57,0.49
1998,13.67,8.35,0.13
1998,13.69,6.92,0.01
1998,12.06,7.32,0.95
1998,10.69,7.11,25.4
1998,11.46,6.95,8.81
1998,13.07,6.88,0.09
1998,14.57,7.74,0.06
1998,14.24,7.95,0.01
1998,15.04,6.84,0
1998,15.88,6.6,0.01
1998,15.42,7.92,0
1998,14.41,8.09,0
1998,15.03,7.34,0.01
1998,15.63,7.71,0.01
1998,15.63,8.43,0
1998,16.2,8.89,0.01
1998,14.88,9.01,0.19
1998,13.2,6.57,0
1998,14.16,7.05,0
1998,15.1,8.23,0.39
1998,14.79,7.88,0.04
1998,15.67,7.26,0.03
1998,16.06,7.31,0
1998,16.94,8.12,0.01
1998,16.14,8.94,0.01
1998,14.93,8.39,0.1
1998,15.71,8.46,0.01
1998,16.84,8.99,0
1998,14.69,8.17,0.07
1998,13.68,8.3,0.13
1998,15.53,9.1,0.04
1998,16.64,9.15,0.01
1998,16.58,9.8,0.14
1998,15.4,9.1,0.9
1998,14.54,8.17,0.65
1998,17.23,8.96,0
1998,19.58,9.96,0.01
1998,19.43,11.01,0.03
1998,16.46,10.31,0.52
1998,17.98,7.93,0
1998,19.43,9.29,0
1998,18.35,9.44,0
1998,16.91,9.26,0
1998,17.01,8.27,0
1998,17.22,8.58,0
1998,17.42,9.43,0
1998,17.89,9.51,0.02
1998,18.56,10.11,0
1998,20.05,10.25,0
1998,20.83,9.47,0
1998,22.2,9.94,0
1998,22.27,9.04,0
1998,21.95,8.79,0
1998,21.17,8.94,0
1998,19.26,9.57,0.03
1998,18.46,9.12,0.01
1998,18.74,9.08,0.01
1998,19.16,8.47,0
1998,22.94,8.33,0
1998,23.79,10.83,0
1998,23.04,10.54,0
1998,22.74,10.35,0
1998,23.23,8.83,0
1998,23.77,8.44,0
1998,23.69,8.83,0
1998,22.65,9.19,0.01
1998,23.77,9.26,0
1998,25.9,8.88,0
1998,28.31,8.89,0
1998,28.53,9.68,0
1998,26.01,10.1,0
1998,24.92,10.65,0.06
1998,23.27,11.13,0.05
1998,22.81,12.5,0.16
1998,22.14,12.65,0.03
1998,21.25,12.26,0
1998,20.9,11.8,0.01
1998,23.74,10.65,0.01
1998,27.38,9.57,0
1998,28.29,10.42,0.03
1998,26.63,10.84,0.02
1998,23.86,10.41,0.01
1998,21.02,9.79,0
1998,21.88,9.54,0
1998,24.17,8.32,0
1998,26.34,7.48,0
1998,28.51,7.61,0
1998,28.89,9.52,0
1998,26.18,11.12,0
1998,24.77,11.86,0
1998,24.91,11.08,0
1998,26.64,9.72,0
1998,28.54,10.6,0.18
1998,27.37,13.65,0.58
1998,26.56,11.74,0.26
1998,26.98,10.89,0.49
1998,26.73,11.02,0.13
1998,26.57,10.34,0
1998,24.45,11.85,0.09
1998,22.23,12.22,0
1998,20.81,10.42,0
1998,21.11,9.44,0
1998,21.49,8.46,0
1998,22.95,8.02,0
1998,25.55,7.06,0.02
1998,27.88,6.74,0
1998,28.53,7.5,0
1998,26.08,10.14,0
1998,24.28,10.21,0
1998,23.63,9.35,0
1998,25.28,8.15,0
1998,28.2,7.89,0
1998,31.56,8.21,0.01
1998,30.87,10.02,0.33
1998,30.43,10.78,2.56
1998,30.53,10.88,1.17
1998,29.93,11.77,2.06
1998,29.19,12.66,1.03
1998,23.63,13.33,2.93
1998,23.55,12.34,0.13
1998,24.61,11.73,0.14
1998,24.59,12.37,0.37
1998,22.96,11.45,0
1998,20.69,10.89,0.01
1998,21.49,9.64,0
1998,21.33,7.93,0.26
1998,22.34,7.28,0
1998,22.19,9.09,0
1998,22.25,7.82,0.01
1998,22.45,8.72,0.03
1998,23.31,7.96,0
1998,23.14,7.82,0
1998,22.22,7.46,0
1998,20.26,7.86,0
1998,18.25,9.97,0.73
1998,18.03,10.14,0.15
1998,18.02,9.55,0.01
1998,17.66,9.25,0
1998,17.28,9.21,0.01
1998,17.74,9,0.07
1998,16.61,9.41,0.67
1998,17.09,8.83,0.09
1998,16.8,8.49,0
1998,17.66,8.85,0
1998,17.8,9.69,0
1998,18.71,9.47,0
1998,17.67,9.22,0.03
1998,16.86,7.5,0.01
1998,17.25,5.35,0
1998,19.89,3.75,0.08
1998,21.84,3.26,0
1998,21.91,3.95,0
1998,20.71,5.33,0.01
1998,19.09,6.72,0
1998,18.04,5.79,0
1998,19.22,5.2,0
1998,20.07,6.8,0.01
1998,18.18,7.39,0.02
1998,16.39,8.46,0.06
1998,16.13,6.92,0
1998,15.74,4.77,0
1998,17.32,3.09,0.04
1998,18.89,3.72,0
1998,19.86,4.34,0
1998,20.22,5.13,0
1998,19.09,7.81,0.03
1998,20.28,6.71,0
1998,21.73,5.92,0.03
1998,18.97,7.74,0.25
1998,15.72,7.1,0.48
1998,15.2,5.73,0.01
1998,15.59,7.26,0.01
1998,17.03,7.64,0
1998,15.2,8.92,0.32
1998,14.91,6.47,0.05
1998,15.77,5.24,0.01
1998,15.94,6.67,0
1998,14.62,5.77,0
1998,16.49,4.95,0.02
1998,17.04,5.01,0
1998,14.63,5.5,0.01
1998,12.89,4.55,0.02
1998,12.61,6.52,0.29
1998,13.04,7.74,10.53
1998,11.25,4.64,0.07
1998,12.44,5.3,0.49
1998,11.11,6.38,2.48
1998,12.58,4.49,0
1998,14.81,4.23,0.24
1998,15.97,4.61,0
1998,15.1,4.98,0.02
1998,15.12,6.04,0.02
1998,12.72,6.8,0.25
1998,12.05,4.97,0
1998,14.08,3.67,0
1998,14.49,3.33,0
1998,15.43,4.06,0.14
1998,15.09,4.97,0.13
1998,15.21,6.37,0.24
1998,13.35,6.55,0.33
1998,15.1,5.11,0
1998,17.48,5.49,0.06
1998,14.53,7.77,1.35
1998,11.42,7.81,10.7
1998,10.77,5.69,0.43
1998,12,6.6,0.53
1998,11.83,7.95,4.94
1998,11.22,5.75,0.02
1998,10.94,6.84,1.44
1998,8.36,4.39,0.44
1998,7.85,3.48,0.95
1998,6.99,3.96,4.63
1998,6.82,2.4,0
1998,8.71,3.05,0.02
1998,9.3,2.31,0.05
1998,10.37,2.32,0.02
1998,11.17,3.03,0
1998,13.47,3.2,0.01
1998,14.68,4.24,0
1998,10.33,5.18,0.16
1998,14.66,3.62,0
1998,16.01,3.89,0.18
1998,17.1,4.85,0
1998,11.54,7.51,0.17
1998,9.94,6.82,1.61
1998,6.77,4.51,0.28
1998,4.97,2.08,0.04
1998,5.26,1.74,0.05
1998,5.31,1.85,0.01
1998,7.68,2.1,0.01
1998,11.27,2.62,0.03
1998,12.59,3.55,0
1998,13.47,3.55,0
1998,14.8,3.69,0.02
1998,15.12,3.6,0
1998,16.45,4.54,0.03
1998,13.54,5.49,0.02
1999,11.72,3.62,0.02
1999,13.47,2.98,0.02
1999,13.14,2.92,0.01
1999,13.08,2.96,0.01
1999,14.83,3.19,0.02
1999,15.86,3.55,0
1999,13.01,5.69,0
1999,11.48,3.56,0
1999,13.29,3.07,0.02
1999,14.98,3.85,0.01
1999,14.3,4.95,0
1999,11.8,5.83,0.03
1999,12.39,4.47,0
1999,14.92,3.52,0
1999,15.83,4.84,0.07
1999,13.35,6.42,0.11
1999,12.02,6.83,0.03
1999,11.69,7.72,0.29
1999,12,7.87,0.98
1999,12.98,8.35,3.71
1999,11.41,5.68,0.56
1999,12.51,4.8,0
1999,12.79,6.82,0.44
1999,11.6,7.92,4.37
1999,6.96,5.44,8.58
1999,7.33,5.58,9.77
1999,8.51,4.21,2.28
1999,8.83,2.8,0
1999,11.7,3.44,0.07
1999,11.54,5.2,0.31
1999,9.63,6.34,8.16
1999,9.32,4.27,0.02
1999,11.66,3.12,0.02
1999,12.76,3.27,0.01
1999,9.15,6.1,3.67
1999,9.82,6.66,2.18
1999,10.37,6.49,0.38
1999,11.07,7.29,0.22
1999,12.48,7.84,1
1999,10.41,7.23,7.2
1999,6.65,3.03,0.49
1999,8.07,2.05,0.19
1999,11.35,2.69,0.29
1999,12.86,3.23,0.02
1999,10.88,5.38,0.03
1999,10.16,5.06,0.05
1999,11.91,5.56,0.13
1999,13.21,7.5,0.44
1999,12.92,6.72,0.1
1999,12.2,5.2,0.06
1999,13.62,3.89,0
1999,11.24,4.79,0.19
1999,12.42,3.57,0
1999,15.59,3.91,0.07
1999,15.85,4.22,0.4
1999,11.33,6.37,0.15
1999,10.53,4.72,0
1999,14,5.18,0.01
1999,15.91,5.19,0.07
1999,15.82,5.72,0.06
1999,15.15,5.63,0
1999,13.38,7.46,0.31
1999,11.84,5.23,0.09
1999,9.88,4.2,0.01
1999,9.29,5.65,0.2
1999,9.86,4.84,0.18
1999,9.35,5.51,0.05
1999,9.16,5.76,1.39
1999,8.67,5.34,0.61
1999,8.27,4.99,1.75
1999,11.05,3.78,0
1999,12.86,4.31,0.04
1999,11.2,5.92,0.43
1999,8.01,5.77,11.69
1999,9.34,4.95,1.08
1999,10.63,6.31,0.26
1999,11.32,6.27,0.15
1999,12.45,6.79,0.41
1999,10.99,6.64,4.89
1999,11.9,5.96,0.03
1999,11.94,5.66,0.04
1999,11.53,6.54,0.3
1999,11.53,6.41,0.05
1999,9.55,6.82,12.51
1999,13.55,6.71,0.18
1999,13.06,6.03,0.08
1999,13.18,4.4,0
1999,15.62,5.06,0
1999,12.67,5.5,0.02
1999,9.49,4.73,0.54
1999,8.37,3.76,0.75
1999,9.15,4.39,0.18
1999,9.1,5.47,0.62
1999,9.79,4.17,0.01
1999,9.48,5.15,0.36
1999,8.75,5.8,12.49
1999,8.41,5.52,6.26
1999,9,5.6,1.5
1999,8.35,3.51,0.36
1999,10.77,3.58,0.27
1999,8.3,5.95,18.73
1999,9.82,5.92,4.46
1999,13.19,6.33,0.03
1999,16.84,5.78,0.13
1999,19.49,3.75,0.01
1999,20.66,3.8,0
1999,22.47,3.87,0
1999,22,4.76,0
1999,20.66,6.25,0
1999,18.92,6.74,0
1999,15.75,6.81,0
1999,13.62,6.73,0.08
1999,12.66,6.42,0.83
1999,12.42,6.99,0.14
1999,13.39,6.53,0.08
1999,14.21,7.04,0.12
1999,14.41,6.9,0.08
1999,11.3,4.48,0.5
1999,11.12,5.54,0.31
1999,11.49,6.16,0.92
1999,13.37,6.78,0.01
1999,12.97,7,0.05
1999,12.69,6.65,0.04
1999,13.5,5.61,0.01
1999,16.76,5.25,0
1999,19.45,6.24,0
1999,18.68,6.97,0
1999,14.65,6.52,0
1999,14.03,5.98,0.01
1999,15.12,6.1,0
1999,17.77,7.1,0
1999,18.38,7.78,0
1999,16.03,6.55,0
1999,14.59,5.53,0
1999,14.4,5.39,0
1999,15.98,5.47,0
1999,19.25,5.36,0
1999,19.07,7.13,0
1999,16.47,7.23,0
1999,14.34,6.81,0
1999,14.74,6.45,0.07
1999,14.29,7.32,0.32
1999,15.94,8.06,0.4
1999,18.8,8.81,0.01
1999,18.73,9.31,0
1999,18.68,9.63,0.16
1999,19.84,9.13,0.06
1999,17.43,8.52,0.1
1999,15.2,7.53,0.04
1999,14.52,6.72,0.04
1999,15.76,6.7,0.01
1999,15.68,7.46,4.63
1999,12.91,7.52,4.12
1999,12.48,6.46,1.21
1999,13.06,6.53,0.14
1999,15.94,7.36,0
1999,17.6,7.54,0.01
1999,17.07,6.31,0
1999,16.11,6.59,0
1999,15.51,6.83,0.01
1999,15.98,6.86,0
1999,17.19,7.46,0
1999,19.35,7.32,0
1999,22.55,6.94,0
1999,24.69,6.95,0
1999,22.48,8.06,0.11
1999,20.72,8.3,0.03
1999,20.62,8.01,0
1999,21.29,7.89,0.14
1999,22.45,7.52,0.03
1999,20.38,8.28,0
1999,17.75,8.4,0
1999,19.12,7.65,0.01
1999,21.5,7.59,0
1999,21.28,7.97,0
1999,21.14,8.46,0.05
1999,19.82,8.86,0
1999,19.8,8.71,0
1999,21.53,8.33,0
1999,22.18,8.56,0
1999,21.91,9.2,0
1999,20.52,9.53,0
1999,18.48,8.93,0.02
1999,17.58,9.13,0.2
1999,19.93,8.3,0
1999,23.31,6.7,0
1999,23.89,7.42,0.04
1999,23.86,9.3,0.24
1999,22.8,11.19,0.6
1999,23.65,10.1,0.25
1999,24.74,9.87,0.15
1999,25.89,12.87,1.15
1999,27.98,12.05,1.48
1999,27.39,10.09,0.28
1999,24.67,11.36,0.17
1999,22.23,10.92,0.12
1999,21.87,10.75,0
1999,22.57,9.23,0
1999,22.62,8.07,0
1999,22.13,7.47,0
1999,21.39,7.35,0
1999,21.2,6.93,0
1999,21.73,6.61,0
1999,22.7,6.94,0
1999,23.43,6.28,0
1999,22.2,7.12,0
1999,21.53,8.02,0
1999,20.97,8.72,0
1999,20.53,8.64,0
1999,23.36,8.21,0
1999,23.67,8.1,0.01
1999,22.45,8.15,0.01
1999,23.11,7.96,0
1999,25.62,6.66,0
1999,26.06,6.78,0
1999,23.45,7.91,0
1999,19.47,9.33,0
1999,17.96,8.6,0
1999,18.8,8.69,0.02
1999,18.92,8.79,0
1999,19.62,8.66,0
1999,18.22,9.14,0
1999,19.73,8.95,0
1999,22.23,8.15,0
1999,23.47,8.41,0
1999,21.23,8.72,0
1999,21.46,8.16,0
1999,24.43,6.25,0
1999,25.27,6.89,0
1999,24.27,7.49,0
1999,24.58,6.48,0
1999,25.64,6.87,0
1999,25.98,7.6,0
1999,25.65,8.35,0
1999,26.53,6.7,0.01
1999,27.03,7.91,0
1999,27.96,8,0
1999,28.06,8.06,0
1999,26.74,8.32,0.02
1999,26.27,7.63,0.02
1999,24.67,7.11,0.01
1999,22.31,8.48,0.01
1999,21.4,7.9,0.02
1999,18.23,8.67,0
1999,17.49,8.71,0
1999,17.87,9.03,0
1999,19.7,8.48,0
1999,21.08,8.86,0.02
1999,20.68,8.95,0
1999,21.49,8.49,0.02
1999,22.37,8.68,0.06
1999,22.89,9.24,0.02
1999,21.73,7.88,0
1999,19.89,7.33,0
1999,22.29,8.15,0
1999,23.95,8.52,0
1999,21.99,7.68,0
1999,21.05,7.76,0
1999,20.63,8.52,0
1999,20.57,8.98,0.05
1999,17.91,8.77,0.01
1999,17.29,7.93,0
1999,20.96,6.85,0.01
1999,25.55,8.88,0.29
1999,24.23,11.31,0.13
1999,20.98,10.77,0.01
1999,20.44,10.19,0
1999,20.92,9.09,0
1999,20.94,9.1,0
1999,20.48,8.22,0.01
1999,24.29,4.85,0
1999,27.16,3.12,0
1999,26.81,4.36,0
1999,23.07,7.11,0.01
1999,19.54,8.91,0
1999,19.43,7.69,0
1999,22.08,6.23,0
1999,20.82,7.34,0
1999,17.89,7.83,0.01
1999,21.14,4.79,0
1999,24.21,4.42,0
1999,25.9,4.29,0
1999,25.16,5.41,0
1999,23.76,6.1,0
1999,24.9,4.52,0
1999,25.27,4.04,0
1999,22.26,7.38,0
1999,18.74,10,0
1999,20.32,4.13,0
1999,19.41,2.62,0
1999,20.17,3.32,0
1999,22.35,3.48,0
1999,23.76,3.63,0
1999,23.34,3.9,0
1999,22.13,4.78,0
1999,21.03,6.98,0
1999,21.8,5.77,0
1999,22.68,5.79,0
1999,20.11,6.63,0
1999,17.54,7.07,0.22
1999,17.02,8.44,0.01
1999,18.89,3.9,0
1999,20.75,2.97,0
1999,21.25,3.28,0.03
1999,21.77,4.14,1.89
1999,19.89,5.04,0.13
1999,19.13,4.68,0.02
1999,17.6,5.97,0.21
1999,16.26,7.37,0.65
1999,16.1,7.58,0.18
1999,14.74,8.44,0.97
1999,14.95,8.12,3.45
1999,14.25,6.77,0
1999,15.86,6.61,2.27
1999,18.38,5.65,0.23
1999,19.71,5.3,0.09
1999,20.19,6.33,0.57
1999,17.58,7.52,0.28
1999,16.76,8.81,0.04
1999,15.62,9.09,0.23
1999,13.21,6.61,0.31
1999,12.54,5.81,0
1999,13.35,7.11,0.5
1999,13.46,7.55,0.87
1999,11.52,5.24,0.08
1999,10.97,2.61,0
1999,11.56,2.78,0.2
1999,12.87,2.7,0.01
1999,14.62,3.34,0
1999,16.01,5.07,0
1999,14.78,6.85,0.11
1999,15.52,5.3,0.04
1999,16.89,4.61,0
1999,15.43,6.95,0.15
1999,11.34,5.14,0.25
1999,12.72,4.01,0.02
1999,11.5,2.98,0
1999,11.09,2.46,0.73
1999,11.09,2.89,0.07
1999,12.03,3.02,0.08
1999,10.86,4.37,0.29
1999,10.17,2.78,0
1999,11.24,3.66,0.07
1999,9.42,4.16,0.33
1999,9.6,2.62,0
1999,11.64,3.52,0.03
1999,10.4,4.85,0.18
1999,10.77,2.33,0
1999,12.38,2.1,0.01
1999,14.67,3.44,0
1999,15.65,3.61,0.21
1999,15.25,3.78,0
1999,15.55,3.36,1.74
1999,15.47,3.51,0
1999,14.74,3.4,0.02
1999,12.3,2.57,0.08
1999,13.56,2.71,0
1999,13.15,2.8,0.22
1999,13.18,3.4,0
1999,13.68,3.84,0.16
1999,14.21,3.85,0
1999,14.3,3.64,0.09
1999,13.93,4.38,0.31
1999,12.48,5.48,0.21
1999,9.29,6.19,2.22
2000,8.63,5.97,0.43
2000,8.02,4.03,0.14
2000,9.59,3.28,0
2000,11.36,3.52,0.24
2000,11.69,3.04,0.07
2000,11.12,2.37,0
2000,11.53,3.47,0.01
2000,11.27,3.3,0.24
2000,11.91,4.29,0.11
2000,10.72,4.77,0.17
2000,11.76,5.7,2.22
2000,11.87,7.08,0.44
2000,15.15,5.37,0.25
2000,17.93,4.2,0.21
2000,15.13,5.52,0.11
2000,12.92,7.02,0.76
2000,15.38,9.1,1.22
2000,16.78,8.45,0.24
2000,15.99,8.22,1.45
2000,14.48,8.73,0.82
2000,12.72,7.21,0.06
2000,11.26,6,0.1
2000,13.54,7.05,0.87
2000,15.11,8.42,2.44
2000,13.15,9.08,9.92
2000,11.24,5.71,0.4
2000,11.92,4.93,0
2000,12,3.96,0
2000,11.34,4.81,0.21
2000,11.14,7.83,2.83
2000,12.1,6.45,1.88
2000,14.02,4.69,0
2000,15.13,4.02,0.02
2000,13.84,4.95,0.06
2000,12.95,8.49,1.92
2000,13.18,7.82,0.4
2000,13.91,5.59,0
2000,16.3,4.58,0
2000,16.07,6.24,0.05
2000,13.14,7.75,1.03
2000,11.22,7.76,11.31
2000,11.02,6.83,5.68
2000,10.97,7.02,11.63
2000,10.89,7.69,5.88
2000,13.05,8.86,3.47
2000,13.02,7.53,0.13
2000,10.23,6.95,11.88
2000,9.65,5.48,0.18
2000,11.18,5,0.03
2000,14.38,5,0.47
2000,12.11,8.13,29.78
2000,9.55,6.66,22.75
2000,10.26,6.76,4.28
2000,9.09,6.64,20.56
2000,7.93,4.91,0.71
2000,9.96,6.22,0.72
2000,11.88,6.77,0.55
2000,10.07,7.33,5.07
2000,9.82,5.65,0.42
2000,10.69,6.43,0.22
2000,10.9,5.43,0.09
2000,11.9,6.12,0.38
2000,10.97,7.13,8.2
2000,10.14,6.22,5.54
2000,8.49,6.21,21.9
2000,7.36,5.17,1.67
2000,8.54,5.92,1.43
2000,9.06,6.32,11.79
2000,9.29,5.88,0.49
2000,12.06,5.52,0
2000,15.05,6.05,0.09
2000,15.45,6.75,0.02
2000,15.44,7.19,0.01
2000,17,7.11,0.02
2000,16.32,7.33,0.02
2000,15,6.71,0.17
2000,15.58,5.45,0
2000,17.32,5.62,0
2000,16.38,7.55,0.02
2000,11.5,4.04,0
2000,12.31,3.8,0
2000,13.36,5.1,0
2000,12.59,6.32,0.03
2000,13.39,6.06,0
2000,12.78,6.49,0
2000,13.68,6.7,0
2000,12.75,7.15,0.04
2000,12.55,6.54,0.05
2000,12.61,6.91,0.09
2000,14.21,6.11,0
2000,15.29,3.86,0
2000,16.34,4.41,0.28
2000,16.25,6.66,0
2000,17.34,7.46,0
2000,18.87,6.98,0.02
2000,15.88,7.99,0
2000,14.32,7.93,0.23
2000,15.42,7.35,0.42
2000,18.12,6.6,0.09
2000,15.55,6.54,2.22
2000,16.17,6.64,0.02
2000,19.09,6.7,1.1
2000,19.2,7.11,0
2000,16.63,8.1,0.45
2000,12.32,7.26,0.6
2000,13.16,7.09,0.36
2000,13.08,6.8,1.16
2000,12,7.93,29.79
2000,11.35,6.76,6.8
2000,13.94,6.31,0
2000,16.71,6.77,1.76
2000,13.83,8.1,1.64
2000,14.55,7.72,0.03
2000,15.13,6.7,0.03
2000,17.85,6.43,0.02
2000,20.42,6.91,0
2000,21.34,7,0
2000,18.24,8.54,0.36
2000,15.26,6.88,0.08
2000,16.74,5.16,0
2000,19.97,6.03,0
2000,20.61,7.47,0.11
2000,20.16,7.93,0.01
2000,19.51,8.45,0.25
2000,17.75,8.06,0.01
2000,15.77,8.39,0
2000,15.99,8.18,0.01
2000,17.41,8.53,0.02
2000,18.02,8.73,0.03
2000,18.97,7.99,0
2000,16.6,7.17,0.17
2000,14.98,4.22,0.01
2000,17.95,4,0
2000,18.13,5.26,0
2000,15.75,6.5,0.14
2000,15.03,7.94,0.13
2000,13.86,6.63,0.72
2000,15.92,7.2,0.05
2000,19.28,7.4,0
2000,20.85,7.3,0
2000,23.71,7.41,0
2000,24.02,7.77,0
2000,23.02,9.08,0.07
2000,19.27,9.94,0.01
2000,17.37,9.87,0.41
2000,16.2,9.17,0.78
2000,20.09,8.35,0.17
2000,23.99,8.89,1.43
2000,24.04,8.93,0
2000,21.69,9.6,0
2000,18.51,8.88,0
2000,17.76,8.28,0
2000,18.52,8.46,0
2000,19.65,7.33,0.02
2000,20.9,7.19,0.14
2000,21.93,7.54,0.01
2000,20.63,7.23,0
2000,20.77,7.63,0.06
2000,19.38,7.92,0.01
2000,16.41,7.85,0.16
2000,17.75,6.88,0
2000,18.68,7.27,0
2000,20.24,7.05,0
2000,22.02,7.38,0
2000,24.47,9.32,0
2000,24.31,8.65,0.04
2000,21.28,10.85,0
2000,20.06,10.87,0.03
2000,20.28,10.43,0.04
2000,20.11,9.15,0
2000,19.77,9.53,0
2000,21.59,9.36,0.03
2000,22.26,10.03,0.01
2000,22.33,10.88,0.02
2000,21.2,10.99,0
2000,22.04,9.28,0
2000,23.63,9.47,0
2000,24.79,10.2,0
2000,24.5,9.7,0.02
2000,23.77,10.27,1.72
2000,23.15,10.62,0.5
2000,21.69,10.27,0.01
2000,20.83,10.18,0.01
2000,20.68,9.95,0
2000,19.21,8.47,0.07
2000,18.67,8.49,0.07
2000,19.17,8.63,0
2000,19.97,8.57,0.02
2000,19.27,7.67,0.11
2000,19.26,7.89,0
2000,18.62,8.49,0
2000,18.9,8.78,0
2000,18.92,9.06,0.03
2000,19.15,8.45,0.01
2000,20.85,8.13,0
2000,22.9,8.16,0.01
2000,20.56,9.29,0.06
2000,19.97,9.19,0
2000,23.5,8.22,0
2000,26.92,6.73,0
2000,27.95,6.57,0
2000,26.78,5.29,0
2000,23.17,8.25,0
2000,24.11,8.94,0
2000,25.39,9.73,0
2000,24.83,9.58,0
2000,25.19,9.41,0.07
2000,25.09,9.67,0.02
2000,25.73,7.88,0
2000,25.61,7.36,0
2000,25.9,7.9,0
2000,26.41,9.26,0
2000,26.41,10.48,0.01
2000,27.33,10.32,0.19
2000,25.42,9.75,0.02
2000,25.28,10.55,0.07
2000,26.12,9.81,0
2000,27.05,9.3,0
2000,25.47,8.52,0
2000,22.33,10.28,2.3
2000,23.21,10.42,1.74
2000,26.16,7.5,0.01
2000,27.45,6.88,0
2000,28.26,6.31,0
2000,26.95,8.09,0
2000,26.4,8.03,0
2000,26.75,8.69,0
2000,26.96,9.13,0.01
2000,27.49,9.85,0.12
2000,26.03,9.79,0.02
2000,24.81,9.36,0
2000,24.49,7.34,0
2000,23.06,7.8,0
2000,21.93,9.15,0
2000,21.83,8.96,0
2000,23.27,8.14,0
2000,25.22,9.84,0.13
2000,24.71,10.9,0.02
2000,24.26,9.82,0
2000,21.6,10.72,0.26
2000,20.82,11.35,2.26
2000,19.2,11.2,0.57
2000,19,9.82,0.09
2000,18.45,9.49,0.09
2000,18.05,9.15,0.21
2000,18.73,9.32,0.43
2000,19.24,8.99,0.01
2000,19.87,8.71,0.01
2000,21.35,6.45,0
2000,23.28,4.75,0
2000,24.29,6.43,0.13
2000,22.73,7.26,0
2000,21.61,7.14,0.01
2000,22.15,6.41,0.13
2000,25.75,4.62,0
2000,28.86,5.54,0.04
2000,26.69,8.83,0
2000,25.07,10.47,0.01
2000,26.21,8.38,0.01
2000,29.67,6.5,0
2000,27.83,8.73,0
2000,26.4,9,0
2000,25.2,8.82,0.01
2000,21.62,10.8,0.01
2000,18.72,10.45,0.11
2000,17.53,9.88,2.25
2000,18.6,9.14,0.76
2000,20.88,6.96,0.06
2000,22.7,5.62,0.11
2000,23.03,7.85,0.01
2000,19.93,10.31,0.02
2000,19.5,9.74,0
2000,19.6,9.03,0.09
2000,20.74,8.39,0.23
2000,21.92,8.68,0.03
2000,20.05,9.89,0.08
2000,18.62,9.89,0
2000,18.67,10.02,0.02
2000,20.17,10.52,0.01
2000,18.85,10.18,0.04
2000,17.86,10.15,0.03
2000,18.8,9.55,0
2000,18.09,9.77,0.18
2000,14.77,7.83,0.85
2000,13.77,7.47,1.24
2000,14.67,7.22,0.11
2000,16.2,6.25,0
2000,18.69,5.85,0.03
2000,18.18,7.14,0
2000,19.81,5.99,0
2000,20.44,5.97,0.01
2000,18.87,7.84,0.01
2000,19.86,6.48,0
2000,19.54,7.58,0.01
2000,16.01,8.33,0.06
2000,17.51,4.47,0
2000,17.38,7.16,0.02
2000,16.61,8.61,0.01
2000,16.36,7.92,0.17
2000,13.96,8.04,4.48
2000,13.27,8.32,9.55
2000,13.8,8.15,0.89
2000,12.99,8.14,7.43
2000,12.05,6,2.31
2000,12.56,5.47,0.06
2000,14.17,4.58,0.05
2000,15.27,5,0
2000,14.89,3.55,0
2000,15.49,4.62,0.03
2000,14.04,6.77,0
2000,13.42,6.04,0
2000,13,3.01,0
2000,12.72,4.45,0.01
2000,11.34,6.5,0.45
2000,9.65,5.4,0.61
2000,8.81,4.25,0.04
2000,9.37,3.32,0.15
2000,10.21,3.53,0.02
2000,9.14,4.06,0.01
2000,8.62,3.56,0
2000,8.68,3.58,0
2000,10.16,2.7,0
2000,11.16,2.75,0
2000,13.88,3.23,0
2000,15.95,3.41,0.01
2000,14.96,5.13,0.01
2000,10.63,5.84,0
2000,11.84,4.58,0
2000,13.93,4.19,0
2000,15.58,4.45,0
2000,15.94,5.33,0.03
2000,15.88,4.74,0
2000,16.07,5.42,0
2000,13.37,7.23,0.06
2000,12.85,6.18,0.04
2000,13.73,4.67,0
2000,14.42,4.29,0
2000,14.48,4.48,0
2000,15.04,4.5,0
2000,17.06,3.95,0
2000,16.9,3.81,0.02
2000,16.56,6.95,0.01
2000,12.89,8.07,0.02
2000,12.48,8.37,0.02
2000,12.07,7.72,0.01
2000,10.18,6.06,0.02
2000,9.65,5.54,0.22
2000,9.08,5.07,0
2000,10.98,6.35,0.05
2000,11.25,6.01,0.01
2000,14.46,3.14,0
2000,15.52,2.76,0
2000,14.49,2.09,0
2000,15.1,2.47,0
2000,14.09,3.13,0
2000,14.52,3.67,0
2000,12.57,4.29,0.03
2000,13.39,4.29,0
2000,13.17,3.62,0.01
2000,12.63,2.74,0.04
2000,12.73,2.48,0
2000,13.03,2.74,0
2000,14.01,2.82,0
2000,15.76,3.18,0
2000,15.85,3.98,0
2000,14.97,4.38,0
2001,15.25,3.46,0
2001,14.89,2.66,0
2001,15.5,2.44,0
2001,16.48,2.47,0
2001,15.38,4.13,0.1
2001,14.07,5.53,0
2001,13.04,5.87,0.13
2001,10.12,7.47,3.61
2001,10.4,6.26,1.93
2001,10.32,7.16,30.28
2001,8.39,6.1,26.72
2001,7.8,5.52,12.59
2001,8.46,5,0.05
2001,8.42,4.64,0.07
2001,6.8,4.33,0.35
2001,6,2.88,0.04
2001,6.71,2.93,0.07
2001,8.46,2.82,0.07
2001,10.33,3.84,0.43
2001,11.95,4.28,0
2001,12.46,4.68,0.1
2001,12.29,5.54,0.02
2001,10.26,5.74,0.39
2001,8.63,6.19,6.19
2001,7.1,4.56,0.19
2001,6.71,5.51,9.14
2001,7.26,4.47,2.04
2001,7.44,4.6,0
2001,7.98,5.19,0.37
2001,8.54,3.14,0
2001,9.11,2.79,0.02
2001,10.75,3.37,0.04
2001,13.3,3.89,0
2001,16.53,4.68,0
2001,18.82,5.62,0.02
2001,17.78,6.04,0
2001,12.88,7.69,0.16
2001,6.48,3.77,0.52
2001,7.16,2.6,0
2001,7.26,5.02,0.52
2001,7.42,5.57,5.36
2001,7.97,5.43,6.38
2001,9.02,6.61,30.32
2001,6.82,5.65,26.46
2001,7.33,4.82,2.21
2001,8.22,4.86,0.14
2001,10.44,5.38,0.65
2001,11.55,5.86,0.77
2001,10.93,7.53,1.03
2001,10.68,7.32,3.54
2001,10.07,6.25,0.64
2001,11.76,6.52,0.22
2001,10.99,6.56,0.9
2001,7.09,4.92,3.19
2001,6.74,5.65,7.56
2001,9.1,6.76,34.38
2001,9.66,6.31,8.08
2001,8.6,6.19,12.7
2001,8.84,6.13,4.46
2001,10.44,5.76,0.29
2001,9.9,6.05,0.44
2001,10.32,6.13,0.26
2001,10.62,7.24,8.45
2001,11.98,7.87,10.02
2001,11.55,7.51,18.96
2001,11.91,7.1,1.14
2001,12.41,7.49,0.16
2001,9.99,7,1.86
2001,10.06,6.09,0.78
2001,10.37,6.51,0.09
2001,12.02,5.56,0.04
2001,13.32,5.73,0
2001,12.79,6.9,0
2001,12.32,6.86,0
2001,12.08,6.76,0
2001,13.74,5.89,0
2001,17.06,6.63,0
2001,19.3,7.12,0
2001,18.35,7.68,0
2001,15.21,7.8,0
2001,12.51,7.41,0
2001,13.86,7.98,0
2001,13.83,8.01,0.15
2001,14.02,8.07,0.02
2001,14.97,7.7,0
2001,15.97,6.68,0
2001,15.76,8.49,0
2001,16.1,8.3,0.07
2001,16.87,7.56,0
2001,16.76,8.27,0.01
2001,13.45,8.08,0.05
2001,12.3,6.8,0.05
2001,10.99,6.09,0.06
2001,10.4,5.77,0.04
2001,10.58,5.56,0.14
2001,10.47,6.12,1.65
2001,9.22,6.1,11.67
2001,8.34,4.35,0.92
2001,7.3,5.29,4.49
2001,9.73,5.25,0.09
2001,10.47,6.42,0.21
2001,11.95,6.03,0.02
2001,13.03,5.33,0
2001,12.53,5.54,0
2001,13.82,5.81,0
2001,15.39,5.87,0.02
2001,16.93,5.67,0.02
2001,14.75,7.55,0.03
2001,12.15,7.19,0.58
2001,10.67,6.34,3.67
2001,10.54,5.59,4.43
2001,12.84,5.56,0
2001,17.87,5.65,0.03
2001,21.38,5.68,0
2001,21.45,6.59,0
2001,17.2,7.59,0
2001,15.28,7.94,0.02
2001,14.81,8,0
2001,15.73,6.77,0
2001,18.29,7.1,0
2001,18.1,7.91,0
2001,15.73,6.16,0
2001,17.42,4.1,0
2001,17.74,5.32,0
2001,17.69,7.5,0
2001,19.77,7.06,0
2001,21.88,7.56,0
2001,23.46,8.22,0.01
2001,22.52,8.98,0.01
2001,21.31,8.73,0.01
2001,20.96,7.86,0.01
2001,16.39,8.87,0.15
2001,16.34,8.15,0
2001,16.79,7.86,0.01
2001,17.99,7.88,0.04
2001,18.84,9.52,0.01
2001,19.2,9.77,0.03
2001,17.97,9.74,0
2001,19.18,9.52,0
2001,19.79,8.78,0
2001,20.21,8.61,0
2001,22.83,9.28,0.01
2001,24.9,8.87,0.01
2001,20.87,9.85,0.02
2001,19.82,10,0.08
2001,17.97,9.32,0.14
2001,16.6,9.11,0.18
2001,16.92,8.14,0.03
2001,19.49,8,0
2001,22.1,8.7,0
2001,22.6,9.03,0.17
2001,18.99,9.92,0.13
2001,17.46,9.35,0.07
2001,16.46,7.95,0.01
2001,17.47,7.02,0.04
2001,18.99,7.56,0
2001,20.94,8.49,0
2001,22.28,9.11,0
2001,22.03,9.44,0
2001,21.54,7.81,0
2001,19.98,8.66,0
2001,19.38,8.01,0
2001,18.54,8.6,0
2001,19.31,6.63,0
2001,23.81,5.46,0
2001,24.11,7.2,0
2001,23.6,7.47,0
2001,23.13,7.43,0
2001,24.47,7.5,0
2001,24.4,7.32,0
2001,24.13,7.54,0
2001,24.68,8.12,0
2001,24.65,8.66,0
2001,23.08,7.67,0
2001,21.88,8.65,0
2001,21.17,8.18,0
2001,20.71,8.36,0
2001,21.71,7.86,0.14
2001,22.96,8.35,0.02
2001,23.61,8.55,0
2001,24.52,8.68,0
2001,25.86,9.38,0
2001,27.02,9.77,0.01
2001,26.96,10.3,0
2001,27.21,11.06,0.13
2001,25.63,11.1,0.44
2001,23.61,12.28,0.44
2001,23.8,10.51,0.1
2001,22.93,9.32,0.01
2001,20.6,9.33,0
2001,19.36,9.59,0
2001,19.39,8.13,0
2001,22.3,6.83,0
2001,24.01,7.12,0
2001,21.88,7.99,0
2001,18.6,9.28,0
2001,18.13,8.36,0
2001,19.18,8.33,0
2001,20.47,8.31,0
2001,20.89,8.07,0
2001,20.67,8.01,0
2001,20.71,7.55,0
2001,21.14,8.19,0
2001,20.77,8.35,0
2001,19.8,9.37,0
2001,20.57,9.39,0
2001,23.21,9.5,0
2001,24.15,9.09,0
2001,24.37,8.86,0
2001,22.2,10.15,0
2001,19.61,9.42,0
2001,20.16,10.08,0
2001,20.99,9.24,0
2001,22.15,8.94,0
2001,22.18,7.47,0
2001,23.48,7.43,0
2001,25.13,7.34,0
2001,27.05,8.54,0
2001,27.73,9.5,0.01
2001,26.25,9.81,0
2001,23.6,9.06,0
2001,24.06,8.83,0
2001,24.4,9.26,0
2001,23.52,9.51,0
2001,24.92,8.54,0
2001,26.92,7.35,0
2001,26.63,7.65,0
2001,26.92,8.06,0
2001,27.37,7.99,0
2001,26.49,8.31,0
2001,24.89,8.06,0
2001,22.93,8.02,0
2001,20.23,8.82,0
2001,19.61,9.46,0
2001,21.4,9,0
2001,23.34,8.16,0
2001,25.24,8.92,0
2001,26.18,9.15,0
2001,25.95,8.36,0
2001,23.65,9.01,0
2001,20.77,9.54,0
2001,19.77,9.33,0
2001,20.94,9.46,0
2001,23.41,11.31,0.09
2001,24.4,11.6,0.16
2001,23.08,11.29,0.07
2001,23.62,10.36,0
2001,23.07,10.48,0
2001,20.28,9.51,0
2001,19.35,8.5,0
2001,18.97,8.86,0
2001,19.91,8.88,0
2001,20.83,8.86,0
2001,20.29,9.52,0
2001,20,9.25,0
2001,22.28,7.79,0
2001,24.12,6.08,0
2001,23.09,7.47,0
2001,20.39,9.03,0
2001,19.16,10.03,0
2001,20.01,9.42,0
2001,20.61,8.21,0
2001,21.51,7.47,0
2001,22.3,7.69,0
2001,23.04,8.53,0
2001,23.7,7.82,0
2001,26.65,5.9,0
2001,25.92,7.93,0.08
2001,25.48,7.21,0
2001,25.22,6.34,0
2001,24.18,6.04,0
2001,24.95,5.52,0
2001,27.77,7.91,0.07
2001,25.83,8.39,0
2001,24.91,8.05,0
2001,22.08,8.71,0
2001,19.65,9.65,0
2001,16.97,9.29,0
2001,16.72,8.47,0.05
2001,17.48,8.82,0.03
2001,17,9.09,0
2001,17.99,8.52,0
2001,19.81,5.64,0
2001,20.05,6.48,0
2001,21.15,4.39,0
2001,22.37,4.9,0.02
2001,22.18,5.9,0
2001,23.32,5.99,0.04
2001,22.62,6.4,0.07
2001,19.72,6.33,0
2001,20.7,6.53,0
2001,20.46,6.67,0
2001,19.28,7.77,0
2001,17.44,8.14,0
2001,17.41,7.3,0
2001,17.34,7.48,0
2001,19.39,5.85,0
2001,20.38,6.15,0
2001,20.88,6.29,0
2001,17.91,8.03,0
2001,16.01,8.78,0.02
2001,16.99,8.5,0
2001,16.5,9.42,1.81
2001,16.37,7.93,0.38
2001,15.73,7.29,0.03
2001,15.73,7.16,0
2001,17.4,6.98,0.08
2001,18.5,7.22,0.32
2001,18.75,7.14,0.01
2001,18.24,7.68,0.01
2001,17.14,7.01,0
2001,19.94,5.67,0
2001,18.81,5.68,0
2001,15.78,8.43,0.56
2001,15.46,9.27,1.82
2001,15.04,9.44,6.86
2001,12.62,6.43,2.13
2001,15.05,5.86,0
2001,17.23,5.69,0.04
2001,17.97,6.01,0.05
2001,17.13,6,0.03
2001,16.05,5.33,0
2001,17.41,4.66,0
2001,17.26,4.77,0.01
2001,16.34,6.02,0.07
2001,14.77,8.3,0.08
2001,13.4,6.06,0.61
2001,11.67,8.32,16.08
2001,10.31,5.32,0.47
2001,9.56,4.12,0
2001,8.53,2.69,0.06
2001,9.53,3.16,0.14
2001,9.27,6.52,6.94
2001,9.91,5.35,0.18
2001,10.65,5.97,0.29
2001,11.7,7.41,2.07
2001,10.92,6.33,1.58
2001,8.53,4.36,0.09
2001,9.01,4.33,0.21
2001,12.35,4.35,0.07
2001,15.04,3.91,0
2001,15,3.15,0.02
2001,10.9,3.99,0.7
2001,7.37,4.66,0.19
2001,7.71,3.91,0.19
2001,8.94,3.58,0.04
2001,9.43,4.21,0.08
2001,8.08,5.72,3.43
2001,7.43,2.98,0
2001,8.79,2.85,0.07
2001,10.37,4.22,0.12
2001,11.3,4.95,0.05
2001,13.27,4.4,0.07
2001,9.41,6.56,3.92
2001,9.22,6.22,5.39
2001,9.08,5.32,0.14
2001,9.96,5.3,0.07
2001,10.11,3.37,0
2001,10.71,3.15,0.01
2001,12,3.3,0.06
2001,12.77,3.85,0.01
2001,12.96,5.17,1.68
2001,11.63,6.11,4.08
2001,12.22,7.39,1.69
2001,12.15,7.8,0.41
2002,11.56,6.55,0.53
2002,11.75,6.41,0.89
2002,11.85,6.99,0.64
2002,11.44,4.71,0
2002,12.75,3.81,0
2002,13.82,3.78,0.11
2002,16.54,4.5,0.02
2002,17.53,5.09,0.02
2002,13.03,7.01,0
2002,13.39,4.32,0
2002,14.63,3.21,0
2002,15.61,3.62,0
2002,13.82,3.82,0
2002,12.17,6,0.01
2002,10.59,6.53,0.13
2002,9.11,3.66,0
2002,8.47,3.79,0.18
2002,8.76,3.36,0
2002,9.06,3.27,0
2002,8.76,2.99,0
2002,11.11,3.97,0.01
2002,8.16,4.11,0.04
2002,6.95,2.36,0
2002,9,2.65,0
2002,12.53,3.62,0.03
2002,11.12,5.49,0.16
2002,9.71,6.99,9.72
2002,6.65,4.81,2.17
2002,4.94,3.57,0.49
2002,4.63,2.12,0
2002,6.53,2.28,0.05
2002,8.05,2.69,0
2002,9.6,3.02,0
2002,10.21,2.76,0.05
2002,11.97,2.93,0.01
2002,13.07,3.11,0
2002,12.94,3.86,0
2002,12.24,4.98,0.03
2002,11.94,6.19,0.16
2002,13.38,2.71,0
2002,12.85,2.73,0
2002,13.96,2.8,0
2002,15.43,3.56,0.03
2002,14.62,4.28,0.01
2002,12.74,6.74,0
2002,13.75,7.12,0.07
2002,11.26,6.88,1.16
2002,9.58,6.2,5.1
2002,9.21,5.07,0.06
2002,11.03,5.99,0
2002,13.53,6.33,0.06
2002,18.65,4.81,0.04
2002,19.74,3.2,0
2002,15.24,5.55,0
2002,14.02,4.8,0
2002,16.6,3.99,0
2002,17.9,3.11,0
2002,17.57,3.79,0.03
2002,14.27,6.95,0.01
2002,12.42,3.89,0.02
2002,11.46,2.51,0
2002,11.64,2.31,0
2002,14.18,2.74,0
2002,13.8,5.49,0
2002,12.44,7.35,1.91
2002,12.33,7.55,1.37
2002,10.66,3.84,0.16
2002,13.79,3.17,0.01
2002,15.02,4.83,0.05
2002,15.8,5.72,0.01
2002,16.2,6.41,0.01
2002,11.91,4.71,0.02
2002,9.64,3.63,0.02
2002,9.37,3.65,0.05
2002,8.53,4.52,0.26
2002,8.24,4.98,2.44
2002,9.61,3.37,0.3
2002,12.88,3.08,0.52
2002,16.56,3.89,0
2002,16.8,4.31,0.01
2002,12.54,6.04,0.08
2002,11.8,7.03,1.7
2002,11.28,5.66,0.43
2002,12.07,5.28,0
2002,14.44,5.45,0
2002,12.9,6.53,0.01
2002,12.92,6.64,0.14
2002,13.58,6.66,0.02
2002,15.59,6.03,0.01
2002,16.37,5.74,0
2002,15.54,5.99,0.02
2002,13.16,6.38,0
2002,12.16,6.73,0
2002,12.19,6.02,0
2002,11.58,6.62,0.02
2002,13.27,7.26,0.2
2002,14.36,7.5,0.01
2002,14.81,7.66,0
2002,15.48,7.3,0.04
2002,17.03,7.47,0.06
2002,17.7,7.31,0.02
2002,17.94,7.62,0
2002,20.67,6.78,0
2002,18.69,7.04,0.08
2002,14.42,6.11,0.51
2002,12.58,5.96,0.03
2002,12.13,5.59,0.14
2002,12.4,4.13,0
2002,12.95,3.94,0.09
2002,13.46,5.14,0.01
2002,16.38,4.33,0.02
2002,19.08,3.79,0
2002,16.88,5.24,0.15
2002,15.42,6.22,1.06
2002,14.09,7.22,0.11
2002,12.06,7.07,0.73
2002,11.61,6.24,0.05
2002,14.14,6.35,0.03
2002,13.77,6.73,0.01
2002,13.09,5.66,0.07
2002,12.86,5.69,0
2002,14.01,6.2,0
2002,15.1,6.69,0
2002,15.61,6.5,0
2002,15.45,6.92,0
2002,15.33,7.17,0
2002,14.4,7.37,0
2002,15.71,6.13,0
2002,16.43,6.19,0
2002,15.2,5.99,0
2002,16.25,5.35,0
2002,22.23,3.89,0
2002,23.78,4.67,0
2002,20.34,6.45,0
2002,15.93,7.68,0.01
2002,16.14,7.52,0.02
2002,17.01,7.21,0.03
2002,16.27,7.65,0.12
2002,14.94,7.71,0.35
2002,13.51,6.92,1.78
2002,14.07,5.66,0.01
2002,16.95,5.28,0
2002,17.4,5.76,0.01
2002,17.59,6.16,0
2002,16.13,7.14,0
2002,15.29,7.31,0
2002,16.18,7.83,0
2002,18.95,7.35,0
2002,22.95,7.3,0
2002,22.19,8.01,0.04
2002,20.9,8.76,0
2002,17.82,7.98,0
2002,16.51,7.54,0
2002,17.43,7.91,0
2002,21.15,7.79,0
2002,24.54,7.56,0
2002,23.66,8.19,0
2002,19.81,8.47,0
2002,17.82,9.13,0.01
2002,18.04,7.32,0.01
2002,18.56,6.16,0
2002,17.7,7.76,0
2002,17.83,7.65,0
2002,18.39,7.33,0
2002,20.24,6.87,0
2002,22.18,6.88,0
2002,22.63,6.8,0
2002,22.57,6.71,0
2002,22.91,8.48,0
2002,21.61,9.87,0
2002,18.7,9.98,0.02
2002,17.94,9.17,0.01
2002,19.17,8.04,0.04
2002,20.87,7.84,0
2002,21.04,7.93,0
2002,22.01,7.17,0
2002,21.38,7.01,0
2002,19.68,7.93,0
2002,20.42,8.77,0
2002,21.27,8.66,0
2002,22.69,7.99,0
2002,23.77,7.18,0
2002,23.53,7.8,0
2002,20.26,8.46,0
2002,19.68,8.78,0
2002,19.65,9.79,0
2002,20.59,9.6,0
2002,23.18,8.86,0
2002,25.67,8.26,0
2002,26.79,9.18,0
2002,27.03,8.86,0
2002,26.65,9.33,0.02
2002,26.32,9.76,0
2002,25.01,9.89,0
2002,24.54,10.13,0
2002,24.01,10.29,0
2002,23.69,10.05,0.13
2002,22.89,9.65,0
2002,21.55,9.92,0
2002,21.54,9.29,0
2002,20.09,9.36,0
2002,19.51,9.13,0
2002,20.37,8.5,0
2002,24.47,6.97,0
2002,25.48,8.35,0.04
2002,26.01,8.85,0
2002,23.19,9.06,0
2002,19.98,9.52,0
2002,19.84,8.8,0
2002,21.19,9.12,0
2002,21.64,9.09,0
2002,21.76,9.51,0
2002,22.56,10.52,0.02
2002,20.83,10.13,0.02
2002,20.48,8.86,0
2002,22.61,8.33,0
2002,22.53,7.84,0
2002,22.13,7.17,0
2002,22.2,7.1,0
2002,24.89,6.72,0
2002,27.18,6.44,0
2002,27.28,7.38,0
2002,27.08,8.44,0
2002,25.47,8.57,0
2002,23.57,9.39,0
2002,22.76,9.73,0
2002,21.92,10.34,0
2002,21.06,10.46,0
2002,20.83,10.48,0
2002,20.42,11.11,0.03
2002,20.24,10.64,0.01
2002,20.27,9.88,0
2002,19.04,9.45,0
2002,19.51,9.6,0
2002,21.22,8.51,0
2002,22.52,7.53,0
2002,23.8,7.05,0
2002,23.49,6.39,0
2002,21.87,7.81,0
2002,19.76,8.83,0
2002,20.72,8.16,0
2002,22.89,6.5,0
2002,26.4,6.81,0
2002,30.81,6.76,0.01
2002,28.67,7.47,0
2002,26.18,9.26,0
2002,25.86,9.43,0.02
2002,25.74,9.96,0.14
2002,24.05,9.88,0.07
2002,20.08,7.58,0.04
2002,21.1,5.03,0
2002,24.03,5.78,0
2002,24.25,6.77,0
2002,23.27,8.03,0
2002,23.42,7.36,0
2002,23.72,7.51,0
2002,25.2,6.92,0.03
2002,24.98,7.12,0
2002,21.97,7.18,0
2002,20.65,8.16,0
2002,20.97,8.14,0
2002,23.37,6.8,0
2002,23.71,7.78,0.01
2002,24.68,7.23,0.01
2002,26.83,6.6,0
2002,27.69,5.86,0
2002,26.43,7.51,0
2002,23.94,8.57,0
2002,20.68,8.26,0.02
2002,17.16,8.78,0.03
2002,16.78,9.08,0.38
2002,16.77,8.75,0.34
2002,16.32,8.99,0.04
2002,14.56,8.51,0.04
2002,15.84,6.55,0
2002,17.12,5.33,0
2002,19.16,5.29,0
2002,21.29,5.24,0
2002,23.56,4.97,0
2002,24.84,5.12,0.01
2002,22.53,7.33,0
2002,21.15,7,0
2002,18.17,7.64,0
2002,15.89,7.95,0
2002,18.11,7.35,0.17
2002,20,5.66,0
2002,18.18,6.36,0
2002,16.2,7.34,0
2002,14.54,8.3,0
2002,15.25,8.61,0.02
2002,15.41,8.59,0
2002,16.15,8.25,0
2002,16.37,7.82,0
2002,15.18,8.34,0
2002,15.31,8.49,0
2002,14.83,7.99,0
2002,14.09,7.61,0
2002,13.89,7.64,0.78
2002,13.74,7.48,0.03
2002,14.62,7.25,0.05
2002,14.95,6.81,0
2002,14.02,7.46,0
2002,14.46,7.13,0.12
2002,14.5,7.71,0
2002,14.7,6.28,0
2002,14.36,4.46,0
2002,16.63,2.61,0.04
2002,14.97,4.37,0.02
2002,16.78,3.62,0
2002,17.58,4.09,0.01
2002,14.35,7.84,1.4
2002,15.59,10.74,27.61
2002,15.01,10.39,9.94
2002,13.88,6.46,0.33
2002,16.18,5.8,0.54
2002,18.01,4.62,0.02
2002,17.6,5.53,0.35
2002,17.18,5.26,0
2002,18,3.79,0
2002,17.66,3.55,0
2002,16.69,4.21,0.01
2002,16.71,3.83,0
2002,18.48,3.67,0
2002,20.33,4.99,0
2002,20.66,5.01,0
2002,18.09,5.13,0
2002,13.29,7.3,0
2002,13.99,6.37,0
2002,13.3,3.83,0.76
2002,14.27,3.05,0.02
2002,14.34,3.76,0.02
2002,15.88,4.23,0.48
2002,14.02,7,2.98
2002,12.53,7.14,2.26
2002,12.21,6.16,0.2
2002,13,5.69,0.01
2002,12.86,5.87,0.01
2002,12.96,4.78,0.01
2002,14.22,4.72,0
2002,13.34,5.9,0
2002,12.91,7.33,0
2002,13.35,4.92,0
2002,13.95,5.17,0.01
2002,11.95,6,0.06
2002,12.69,5.37,0
2002,13.58,4.86,0
2002,13.31,5.94,0.86
2002,12.93,6.64,0.16
2002,12.42,8.18,6.09
2002,11.64,8.15,18.94
2002,9.56,6.46,3.62
2002,8.04,4.49,0.38
2002,8.97,5.08,1.98
2002,9.89,6.2,16.95
2002,9.46,6.15,1.83
2002,8.72,4.54,0.6
2002,8.03,3.45,0
2002,7.89,4.07,0.01
2002,8.51,3.53,0.04
2002,10.66,4.36,0.15
2002,12.22,4.86,0.26
2002,11.26,6,2.74
2002,8.58,5.46,0.81
2002,8.84,4.77,0.08
2002,9.17,5.98,0.11
2003,10.69,4.13,0
2003,13.8,3.75,0.02
2003,16.39,4.37,0
2003,17.54,4.81,0
2003,17.29,4.45,0
2003,15.56,4.36,0.03
2003,17.54,5.44,0.04
2003,13.77,7.71,0.14
2003,12.37,7.96,0.01
2003,11.37,7.76,0
2003,12.13,6.12,0
2003,13.35,5.71,0
2003,14.45,5,0
2003,14.09,4.92,0
2003,14.64,4.22,0
2003,15.34,3.59,0
2003,16.32,3.97,0
2003,16.51,5.26,0
2003,15.2,6.21,0
2003,13.59,6.77,0.06
2003,12.67,7.18,0.03
2003,13.81,6.37,0
2003,15.57,6.19,0
2003,16.27,6.65,0
2003,17.26,5.79,0
2003,18.38,5.34,0
2003,17.31,5.22,0
2003,16.11,5.92,0
2003,15.73,5.75,0
2003,17.88,4.92,0
2003,20.96,5.48,0
2003,17.12,7.07,0
2003,11.81,4,0
2003,12.3,3.06,0
2003,11.98,3.9,0
2003,10.71,3.39,0
2003,9.87,3.17,0.02
2003,9.82,3.51,0
2003,11.01,3.41,0.01
2003,11.29,4.09,0
2003,11.89,3.23,0.43
2003,10.69,6.33,34.68
2003,12.81,8.61,53.23
2003,13.4,9.18,11.54
2003,13.16,7.79,0.66
2003,12.97,8.15,0.11
2003,12.93,7.81,0.01
2003,12.59,5.95,0
2003,11.88,5,0
2003,10.83,5.38,0.17
2003,11.93,5.35,0.37
2003,13.68,4.89,0.02
2003,12.77,6.69,0
2003,10.96,6.71,0.7
2003,11.07,7.26,5.16
2003,10.27,6.9,21.67
2003,10.25,6.66,1.58
2003,9.48,6.39,5.92
2003,10.32,5.44,0.04
2003,10.66,5.44,0.1
2003,11,4.4,0.01
2003,9.2,5.88,0.47
2003,8.98,6.13,1.61
2003,11.07,5.25,0
2003,12.37,6.26,0.12
2003,12.88,6.13,0.02
2003,13.39,6.12,0
2003,15.36,5.51,0
2003,15.35,5.82,0
2003,15.85,6.83,0
2003,15.79,7.55,0
2003,15.36,7.55,0.06
2003,14.1,8.05,4.26
2003,12.93,9.27,47.48
2003,12.82,7.29,6.67
2003,10.74,5.54,0.69
2003,11.85,5.09,0
2003,12.53,4.9,0
2003,11.87,6.32,0
2003,14.37,5.7,0
2003,15.58,6.68,0
2003,14.88,7.38,0.02
2003,13.19,7.67,0.01
2003,15.86,6.62,0
2003,17.73,7.41,0
2003,15.93,5.65,0
2003,14.37,3.73,0.01
2003,15.2,4.15,0
2003,18.45,4.62,0
2003,18.83,5.66,0
2003,13.59,7.86,0.05
2003,11.11,6.16,0.55
2003,10.12,5.15,0.02
2003,10.07,5.67,0.31
2003,10.2,4.55,0.04
2003,11.72,4.88,0
2003,15.63,5.09,0
2003,18.1,4.65,0
2003,18.77,5.15,0
2003,15.46,7.37,0
2003,14.21,8.21,0.04
2003,13.33,7.63,0.72
2003,13.24,8.28,8.24
2003,11.47,7.47,21.88
2003,10.79,5.83,0.92
2003,11.67,5.41,0.01
2003,10.78,6.71,0.48
2003,12.65,6.35,0.04
2003,14.12,5.18,0
2003,15.44,6.07,0.05
2003,11.55,6.96,0.28
2003,10.18,5.8,0.1
2003,12.28,6.33,0
2003,12.57,7,0.01
2003,13.09,7.5,0.08
2003,13.71,6.52,0
2003,12.79,6.83,0
2003,12.29,7.11,0.07
2003,11.94,5.93,0
2003,13.21,5.88,0
2003,13.4,6.65,0.64
2003,12.86,6.62,2.98
2003,12.98,8.16,20.89
2003,14.12,7.24,0.66
2003,14.72,6.84,0
2003,13.16,7.84,0.09
2003,12.21,7.38,0.66
2003,12.7,6.75,0.14
2003,12.67,5.38,0.11
2003,14.04,5.72,0
2003,16.48,5.63,0.02
2003,17.1,6.47,0
2003,15.8,7.73,0.01
2003,13.74,7.58,0.27
2003,15.79,7.79,0.01
2003,18.08,7.14,0
2003,17.2,7.76,0.06
2003,17.04,7.01,0
2003,19.34,6.58,0
2003,21.89,6.94,0
2003,23.65,6.51,0
2003,22.03,7.6,0
2003,18.63,8.35,0.01
2003,16.46,8.72,0.01
2003,16.32,8.7,0
2003,18.57,9.26,0
2003,22.57,8.82,0.03
2003,25.24,8.09,0.25
2003,20.94,8.4,0
2003,19.09,8.54,0
2003,19.19,8.51,0.01
2003,20.17,8.57,0.01
2003,19.83,9.31,0
2003,17.98,9.48,0
2003,17.64,9.55,0.02
2003,18.03,9.86,0.01
2003,17.75,9.55,0.01
2003,18.04,9.45,0
2003,17.9,9.38,0.04
2003,17.25,9.56,0.08
2003,16.67,9.15,0.11
2003,16.35,8.97,0.01
2003,16.57,8.73,0
2003,18.13,8.57,0
2003,20.18,8.45,0.61
2003,20.79,8.24,0
2003,20.21,9.06,0
2003,20.23,9.62,0
2003,18.93,9.98,0
2003,17.21,9.59,0.13
2003,15.78,8.81,0.23
2003,16.13,8.8,0.14
2003,16.47,8.5,0.13
2003,16.04,8.15,0.03
2003,18.68,7.41,0.02
2003,22.75,7.19,0.01
2003,24.58,7.64,0
2003,23.16,8.78,0
2003,21.69,9.45,0.02
2003,22.79,8.36,0.02
2003,23.48,7.11,0
2003,24,7.77,0
2003,23.92,8.39,0
2003,25.39,8.3,0.01
2003,25.23,7.69,0.06
2003,24.48,7.79,0.08
2003,22.63,7.47,0.04
2003,21.7,8.16,0
2003,22.46,7.64,0
2003,24.19,8.15,0
2003,26.61,8.36,0
2003,25.34,9.39,0
2003,25.01,9.86,0
2003,25.99,9.29,0
2003,26.23,8.66,0
2003,27.04,8.63,0
2003,28.92,8.96,0.02
2003,27.54,10.1,0.01
2003,24.43,11.79,0.05
2003,25.26,12.61,0.04
2003,25.38,11.33,0.01
2003,25.67,9.97,0.05
2003,24.8,10.86,0.01
2003,24.53,10.99,0
2003,23.22,9.99,0
2003,22.33,9.65,0
2003,23.93,9.55,0.05
2003,23.78,10.39,0.03
2003,22.15,11.5,0.21
2003,23.41,11.56,0.9
2003,23.7,10.88,0.81
2003,23.98,10.98,0.75
2003,22.99,10.79,0.16
2003,22.86,10.68,0.03
2003,22.12,10.48,0.05
2003,23.2,8.82,0
2003,23.74,7.6,0
2003,22.41,9.55,0
2003,24.42,7.93,0
2003,25.61,7.5,0.02
2003,27.33,7.87,0.17
2003,28.08,7.61,0
2003,28.62,7.06,0
2003,27.67,7.9,0
2003,27.18,7.47,0
2003,28.03,8,0
2003,27.43,9.36,0
2003,26.71,9.03,0
2003,27.16,8.72,0.27
2003,25.93,9.41,0
2003,24.09,10.09,0
2003,24.46,10.21,0.17
2003,23.13,11.62,0.07
2003,21.5,10.12,0
2003,23.45,8.73,0
2003,26.07,9.15,0.02
2003,24.67,9.62,0.13
2003,25.29,9.43,0.23
2003,25.94,9.39,0.04
2003,25.59,8.69,0
2003,24.51,7.28,0
2003,24.3,8.52,0.09
2003,24.33,10,0.01
2003,24.35,10.52,0
2003,25.27,10.12,0.01
2003,25.09,10.61,0.09
2003,26.57,9.06,0.13
2003,27.32,9.03,0.05
2003,26.51,8.73,0
2003,24.32,8.83,0
2003,21.32,8.94,0
2003,19.54,9.35,0
2003,20.69,9.25,0
2003,23.67,7.74,0
2003,23.42,8.66,0
2003,23.17,9.31,0
2003,23.82,9.93,0
2003,22.61,8.99,0
2003,21.89,8.46,0
2003,20.52,8.49,0
2003,22.48,6.85,0
2003,23.57,7.24,0
2003,24.65,7.07,0
2003,26.14,6.4,0
2003,26.92,6.94,0
2003,24.06,8,0
2003,19.54,9.55,0
2003,21.74,9.26,0
2003,23.28,8.18,0.02
2003,23.28,8.18,0
2003,22.85,10.19,0
2003,22.28,10.46,0
2003,21.53,8.98,0
2003,19.38,8.26,0
2003,18.5,8.95,0
2003,18.07,9.71,0
2003,18.71,9.29,0
2003,19.59,9.03,0
2003,20.63,8.9,0
2003,20.11,8.67,0
2003,21.92,7.9,0
2003,21.12,8.25,0.04
2003,18.97,9.13,0.01
2003,20.59,7.52,0
2003,22.04,6.05,0
2003,22.45,6.13,0
2003,21.76,6.79,0
2003,19.78,7.04,0
2003,20.79,6.33,0
2003,24.3,5.64,0
2003,24.89,6.96,0
2003,25.04,7.17,0
2003,26.78,5.46,0
2003,27.14,4.27,0
2003,25.88,4.82,0
2003,25.27,4.93,0
2003,24.34,5.02,0
2003,24.38,3.55,0
2003,24.22,3.21,0
2003,24.44,4.3,0
2003,22.77,5.59,0
2003,17.14,9.61,0
2003,14.32,7.35,0.66
2003,12.72,6.64,5.36
2003,12.66,5.82,1.8
2003,11.29,4.77,0.05
2003,11.14,6.44,1.58
2003,11.49,5.17,0.02
2003,12.71,4.21,0.02
2003,15.03,5.3,0.01
2003,15.12,7.4,0
2003,15.03,8.49,0.32
2003,14.5,9.26,0.29
2003,15.28,7.8,0.03
2003,15.79,6.47,1.68
2003,13.79,7.44,5.1
2003,13.37,7.37,0.99
2003,13.31,7.24,0.36
2003,11.81,7.18,1.33
2003,11.51,5.97,0.32
2003,12.24,5.88,0
2003,16.04,5.39,0
2003,18.09,5.3,0
2003,15.17,7.69,0
2003,12.31,7.38,0.02
2003,8.98,3.18,0
2003,10.17,2.38,0
2003,11.21,3.81,0
2003,10.76,4.93,0
2003,9.8,3.98,0.01
2003,13.32,3.03,0
2003,14.23,2.95,0
2003,15.45,3.63,0
2003,14.3,5.26,0.03
2003,12.94,7.36,0
2003,13.4,6.22,0
2003,14.24,4.05,0
2003,15.05,4.11,0
2003,15.53,4.79,0.01
2003,15.28,7.76,0.46
2003,12.91,8.78,2.06
2003,10.48,4.32,0
2003,11.29,3.99,0.07
2003,11.06,6.74,0.42
2003,9.5,5.47,0.42
2003,9.57,4.12,0
2003,11.04,5.05,0.01
2003,9.01,6.68,2.33
2003,8.15,3.35,0.01
2003,10.58,2.58,0.1
2003,12.9,2.58,0
2003,15.5,3.45,0.01
2003,14.36,4.46,0.03
2003,12.8,7.47,0.06
2003,11.65,6.75,0.03
2003,13.79,4.41,0
2003,11.51,5.67,1.86
2003,11.76,8.03,4.13
2003,11.64,8.32,22.55
2003,6.95,4.23,0.58
2003,6.31,3.01,0
2003,7.36,2.89,0
2003,7.77,4.52,0.01
2003,9.67,3.83,0.02
2003,9.49,3.71,0
2004,9.42,5.2,0.19
2004,9.8,7.33,8.24
2004,7.1,3.83,0.28
2004,7.43,2.31,0
2004,9.05,2.3,0
2004,10.23,3.28,0
2004,12.86,6.59,0
2004,13.55,5.3,0
2004,14.14,4.35,0
2004,15.31,4.49,0
2004,15.07,4.46,0
2004,14.22,5.47,0
2004,15.75,4.85,0
2004,15.66,4.5,0
2004,13.44,4.57,0
2004,11.79,4.52,0
2004,11.67,4.72,0
2004,11.46,5.56,0
2004,12.22,6.11,0.1
2004,9.89,5.76,0.12
2004,10.82,3.87,0.13
2004,11.08,3.14,0.46
2004,12.2,3.9,0.03
2004,9.07,5.83,0.16
2004,10.46,5.15,0.17
2004,9.7,4.62,0
2004,11.11,6.03,0.39
2004,11.88,6.06,0.98
2004,12.46,5.05,0
2004,12.35,6.39,0.05
2004,9.67,4.78,0.09
2004,9.74,4.38,0
2004,10.24,6.15,13.69
2004,8.43,5.74,5.58
2004,9.15,4.9,0.51
2004,9.87,3.46,0
2004,11.19,3.2,0
2004,12.12,3.67,0
2004,11.48,3.08,0
2004,10.13,2.75,0
2004,10.48,2.93,0
2004,11.45,3.13,0
2004,11.27,2.87,0
2004,10.29,2.56,0
2004,11.98,3.82,0
2004,11.75,5.44,0.02
2004,13.31,6.04,0
2004,15.79,5.35,0
2004,10.93,6.6,7.93
2004,11.36,5.83,0.21
2004,10.27,5.82,2.01
2004,8.9,6.28,9.7
2004,10.42,7.16,21.55
2004,10.21,6.3,4.68
2004,10.59,6.61,0.77
2004,11.64,7.18,12.58
2004,10.59,6.77,35.24
2004,8.86,5.26,0.55
2004,9.26,4.81,0.02
2004,9.85,5.16,0
2004,10.17,6.5,6.83
2004,10.11,5.87,9.01
2004,13.19,5.19,0.42
2004,12.37,6.51,0.12
2004,12.87,6.87,0.02
2004,14.94,6.92,0
2004,18.53,5.81,0
2004,20.07,5.89,0
2004,19.9,6.17,0
2004,19.36,6.06,0
2004,19.95,5.86,0
2004,15.24,7.7,0
2004,15.75,6.94,0
2004,16.88,6.69,0.01
2004,17.02,7.32,0
2004,20.19,5.75,0
2004,20.58,5.55,0
2004,18.49,7.47,0
2004,17.7,7.35,0
2004,18.33,7.03,0.01
2004,18.37,7.49,0
2004,19.12,7.31,0.01
2004,15.15,8.02,0.01
2004,14.44,7.41,0
2004,14.27,7.51,0
2004,14.35,6.73,0.24
2004,16.25,5.32,0
2004,19.85,4.75,0
2004,21.58,4.45,0
2004,18.6,6.25,0
2004,15.85,7.53,0
2004,12.67,7.47,1.59
2004,13.72,6.62,1.77
2004,14.57,8.07,1.3
2004,15.76,8.01,0.06
2004,14.69,7.75,0
2004,14.06,7.38,0
2004,14.99,6.72,0.04
2004,15.05,8.14,0.48
2004,17.01,8.37,0.01
2004,16.77,7.55,0.02
2004,18.26,5.23,0
2004,17.34,6.85,0
2004,15.64,6.15,0.01
2004,14.91,6.61,0
2004,14.69,7.38,0
2004,13.27,6.92,0.23
2004,10.89,6.24,2.67
2004,12.44,5.59,0.16
2004,13.56,6.23,0.13
2004,14.98,7.07,0
2004,15.64,7.12,0.02
2004,15.76,5.53,0.01
2004,19.75,4.45,0.01
2004,20.5,4.85,0
2004,22.77,4.94,0
2004,25.06,4.83,0
2004,25.03,4.99,0
2004,17.98,7.7,0
2004,15.75,7.17,0
2004,18.08,5.8,0
2004,22.21,5.61,0
2004,25.47,5.09,0
2004,26.73,5.38,0
2004,24.14,6.66,0
2004,20.38,7.5,0
2004,21.07,6.2,0
2004,21.7,6.22,0
2004,20.67,5.76,0
2004,19.74,5.83,0
2004,17.57,6.88,0
2004,16.66,6.01,0
2004,17.31,6.02,0.01
2004,19.93,5.86,0
2004,21.53,6.14,0
2004,20.78,7.36,0
2004,18.34,8.77,0
2004,17.15,8.85,0
2004,17.16,7.28,0
2004,16.83,8.08,0
2004,15.67,8.26,0
2004,15.63,7.97,0
2004,16.29,7.44,0.02
2004,16.03,7.87,0
2004,15.02,7.33,0
2004,15.02,7.17,0
2004,16.63,8.02,0
2004,16.84,8.71,0
2004,17.43,9.42,0.02
2004,18.66,7.2,0
2004,21.28,6.84,0.03
2004,22.49,6.75,0
2004,22.04,7.61,0
2004,21.62,8.07,0
2004,21.03,8.48,0
2004,22.11,7.1,0
2004,21.94,6.99,0
2004,20.36,8.01,0
2004,18.63,8.99,0
2004,16.71,7.63,0
2004,16.49,7.2,0.01
2004,18.24,7.23,0
2004,19.25,7.62,0
2004,19.89,7.78,0
2004,20.93,7.92,0
2004,20.09,8.84,0
2004,19.09,9.1,0
2004,18.66,9.42,0.01
2004,18.36,8.73,0
2004,18.17,8.43,0
2004,18.3,9.64,0.01
2004,19.62,9.48,0
2004,18.95,9.47,0
2004,20.32,9.55,0
2004,20.69,8.89,0
2004,21.95,8.71,0
2004,23.22,7.64,0
2004,23.05,8.33,0
2004,21.37,9,0
2004,19.52,9.07,0
2004,18.44,8.26,0
2004,18.33,8.57,0
2004,19.02,8.74,0
2004,19.85,9.2,0.01
2004,19.49,9.96,0
2004,20.56,10.25,0
2004,21.44,9.17,0.01
2004,21.13,9.07,0.01
2004,19.19,8.5,0
2004,19.3,8.89,0
2004,20.5,8.64,0.01
2004,22.93,7.44,0.01
2004,25.73,7.5,0
2004,26.51,7.53,0
2004,25.77,7.19,0
2004,25.61,7.22,0
2004,25.23,7,0
2004,24.98,8.66,0
2004,25.09,8.83,0
2004,26.09,9.29,0
2004,26.08,8.96,0
2004,25.92,9.24,0
2004,24.75,9.24,0
2004,22.89,9.93,0
2004,22.53,9.65,0.01
2004,24.04,8.6,0
2004,25.63,8.82,0
2004,25.53,8.51,0
2004,22.75,9.07,0
2004,21.47,8.97,0
2004,21.21,9.04,0
2004,21.49,9.39,0
2004,21.82,8.77,0.01
2004,20.89,9.25,0.02
2004,19.37,8.87,0
2004,20.64,8.45,0.01
2004,20.57,8.31,0
2004,20.68,8.84,0.27
2004,23.31,7.23,0
2004,25.5,6.57,0
2004,26.29,7.87,0
2004,27.11,8.73,0
2004,27.89,7.91,0
2004,26.61,9,0
2004,24.23,9.18,0
2004,24.09,8.77,0.2
2004,23.82,9.37,0.17
2004,22.61,9.82,0.03
2004,23.33,9.03,0.01
2004,23.63,8.66,0
2004,23.27,8.17,0.01
2004,22,8.34,0
2004,21.3,9.54,0
2004,20.07,9.86,0
2004,19.51,9.62,0
2004,18.67,9.85,0
2004,19.63,10.27,0
2004,21.58,11.17,0
2004,21.46,11.81,0
2004,22.44,10.32,0
2004,23.15,8.6,0.01
2004,23.14,7.67,0.01
2004,24.07,7.65,0.01
2004,26.46,6.93,0.01
2004,27.73,7.28,0
2004,25.49,8.64,0
2004,20.9,9.18,0
2004,23.39,6.86,0.01
2004,27.52,4.57,0
2004,25.79,7.35,0
2004,26.01,8.38,0
2004,27.6,9.01,0
2004,26.36,10.67,0.06
2004,27.43,10.37,0.03
2004,27.3,10.19,0.01
2004,24.69,10.18,0
2004,22.12,10.36,0
2004,21.22,10.51,0
2004,22.05,11.27,0
2004,21.59,11.14,0
2004,20.85,10.36,0
2004,20.09,10.25,0
2004,18.43,7.73,0
2004,17.91,5.74,0
2004,21.23,3.91,0
2004,22.99,3.87,0
2004,24.33,5.46,0
2004,24.54,6.59,0
2004,24.56,6.81,0
2004,23.83,7.31,0
2004,22.28,8.01,0
2004,17.83,8.79,0
2004,17.26,8.98,0
2004,17.43,9.19,0.02
2004,18.56,8.95,0.03
2004,19.75,8.46,0
2004,20.12,8.36,0
2004,19.72,8.27,0
2004,20.82,7.5,0
2004,22.04,7.16,0
2004,22.88,6.37,0
2004,24.51,5.01,0
2004,20.04,7.82,0
2004,17.29,8.22,0
2004,19.07,7.51,0.01
2004,22.31,7.41,0.02
2004,21.31,7.5,0.03
2004,22.21,5.56,0
2004,19.21,8.07,0
2004,16.43,8.8,2.55
2004,16.34,10.32,13.79
2004,15.61,10.09,5.37
2004,15.45,10.03,18.87
2004,15.03,9.36,39.93
2004,14.03,7.01,0.25
2004,14.41,7.12,0.01
2004,15.55,7.81,0.03
2004,15.63,8.69,0.01
2004,15.25,8.78,0
2004,13.69,8.39,21.76
2004,11.84,6.94,26.02
2004,12.96,6.7,2.82
2004,12.88,5.97,0.01
2004,14.22,6.09,0.01
2004,14.28,6.01,0
2004,13.44,3.76,0
2004,14.61,4.38,0
2004,14.29,6.06,0
2004,11.47,5.5,0
2004,12.24,6.16,0
2004,13.57,7.38,0
2004,13.45,7.51,0.66
2004,13.21,7.73,0.84
2004,13.56,7.96,0.06
2004,14.31,7.95,0
2004,13.65,8.16,0.03
2004,14.04,7.31,0.04
2004,13.78,6.91,0.14
2004,14.88,5.59,0
2004,15.22,5.35,0
2004,15.46,5.5,0
2004,15.81,5.72,0
2004,15.87,6.3,0
2004,14.39,6.67,0
2004,12.4,6.32,0.21
2004,8.26,4.38,7.09
2004,10.22,5.37,3.18
2004,10.73,6.3,0
2004,11.97,5.25,0.02
2004,12.93,5.49,0
2004,12.37,6.33,0
2004,11.23,7.66,2.15
2004,7.99,3.61,0
2004,6.12,2.52,0.88
2004,7.27,2.69,0
2004,7.68,2.85,0
2004,8.39,3.19,0
2004,9.56,3.19,0
2004,9.13,5,0.26
2004,7.99,5.82,9.16
2004,8.42,5.52,0.07
2004,9.37,6.67,2.08
2004,11.79,7.75,2.41
2004,12.52,7.07,0.01
2004,16.51,6.08,0
2004,17.88,5.89,0
2004,14.44,7.67,0
2004,13.79,7.04,0
2004,15.92,5.62,0
2004,15.22,4.76,0
2004,14.1,4.03,0
2004,13.53,3.84,0
2004,14.36,3.74,0
2004,15.4,4.22,0
2004,14.07,5.29,0
2004,11.88,5.69,0
2004,10.26,3.47,0
2004,9.17,3.06,0
2004,9.72,3.4,0
2004,10.31,4.1,0
2004,9.99,5.59,0.39
2004,11.55,7.5,3.86
2004,11.64,8.02,54.5
2004,10.86,7.6,40.87
2004,9.96,6.09,0.55
2004,9.62,6.77,18.21
2005,8.68,5.55,0.19
2005,8.99,6.38,7.38
2005,9.05,6.7,25.48
2005,7.36,5.15,3.63
2005,7.55,5.29,0.21
2005,8.42,5.77,0.01
2005,9.26,7.31,28.03
2005,12.05,8.69,21.62
2005,13.8,9.95,78.52
2005,13.77,9.9,44.97
2005,9.69,6.63,21.84
2005,8.72,5.04,0.01
2005,8.61,4.65,0.11
2005,10.68,4.54,0
2005,12.03,4.78,0
2005,13.59,5.88,0
2005,14.05,6.18,0
2005,14.61,6.44,0
2005,15.7,6.53,0
2005,15.26,7.43,0
2005,14.74,7.65,0
2005,14.45,7.5,0
2005,15.29,7.59,0
2005,14.43,8.62,0.02
2005,13.28,9.21,0.06
2005,12.61,8.68,2.75
2005,10.49,6.79,0.61
2005,10.02,7.26,8.99
2005,8.8,5.57,0.34
2005,9.48,5.09,0
2005,10.48,4.7,0
2005,11.31,4.91,0
2005,10.92,4.77,0
2005,11.17,4.74,0
2005,12.74,4.99,0
2005,11.71,5.77,0
2005,10.51,7.22,0.76
2005,11.05,7.24,0.26
2005,11.88,6.48,0
2005,12.36,5.51,0
2005,11.81,6.39,2.77
2005,12.24,8.31,39.04
2005,12.73,8.14,5.37
2005,12.24,8.08,0.18
2005,12,7.68,0
2005,12.24,6.78,0
2005,13.47,7.45,0.3
2005,13.84,8.37,3.13
2005,12.9,9.04,27.89
2005,11.94,8.24,35.1
2005,11.56,7.77,18.26
2005,11.48,7.96,41.93
2005,11.04,7.72,25.89
2005,11.03,6.75,11.52
2005,12.02,6.66,0.12
2005,11.89,6.99,0.28
2005,12.1,7.63,0.27
2005,12.55,7.38,0.01
2005,12.17,7.64,0.22
2005,12.28,7.64,0.01
2005,11.93,7.88,0.34
2005,12.77,7.81,0.88
2005,11.53,7.55,6.58
2005,12.45,7.42,0.66
2005,13.6,7.27,0.02
2005,15.17,6.48,0
2005,15.85,7.25,0.01
2005,17.04,8.04,0.01
2005,17.61,8.25,0
2005,18.07,8.53,0
2005,15.23,8.26,0.01
2005,12.07,8.08,0.08
2005,13.1,5.91,0.02
2005,12.88,4.65,0
2005,14.02,6.22,0
2005,13.41,8.14,0
2005,11.81,7.14,1.41
2005,12.15,8.1,4.75
2005,11.84,7.32,0.86
2005,12.41,7.07,0.02
2005,12.12,8.38,14.59
2005,10.41,6.71,5.11
2005,9.33,6.16,0.66
2005,11.19,5.77,0.01
2005,13.39,5.59,0
2005,14.41,6.94,0
2005,12.47,7.1,1.07
2005,11.91,6.49,0
2005,12.97,5.76,0
2005,13.67,4.71,0
2005,15.7,5.21,0
2005,16.09,5.95,0
2005,11.97,7.47,0.01
2005,11.88,5.96,0.19
2005,15.29,5.8,0
2005,16.64,6.64,0
2005,12.73,7.63,0.17
2005,11.31,6.19,0.28
2005,11.01,5.92,0.07
2005,13.57,5.76,0
2005,14.88,6.2,0
2005,15.73,6.77,0
2005,14.25,6.32,0
2005,14.45,5.48,0
2005,16.45,6.07,0
2005,17.87,6.8,0
2005,15.15,7.75,0
2005,12.92,7.56,0
2005,12.56,6.51,0
2005,13.36,6.19,0.01
2005,15.68,6.26,0
2005,14.1,7.61,0.3
2005,13.28,7.17,0.78
2005,12.94,7.74,1.18
2005,13.87,7.58,0.02
2005,14.59,7.95,0.01
2005,13.2,7.08,0.26
2005,13.05,7.85,16.59
2005,13.73,7.48,0.15
2005,15.03,8.11,0.01
2005,14.81,8.51,0.01
2005,15.5,8.88,0
2005,16.13,8.75,0
2005,15.44,8.73,0.14
2005,14.32,9.03,6.47
2005,13.8,8.01,2.08
2005,14.54,7.98,0.02
2005,14.87,8.44,0.01
2005,13.73,8.35,1.28
2005,13.94,6.22,0.03
2005,15.69,6.67,0
2005,18.39,6.91,0
2005,20.8,7.09,0
2005,21,8.42,0
2005,19.86,9.4,0
2005,16.47,9.95,0.01
2005,16.16,7.53,0
2005,17.38,9.05,0
2005,21.03,9.79,0
2005,22.22,10.2,0
2005,22.74,7.76,0
2005,22.71,8.91,0
2005,19.76,10.4,0
2005,18.81,10.58,0
2005,19.01,9.72,0.01
2005,19.19,8.7,0.02
2005,18.02,10.01,0.22
2005,17.85,10.03,0.1
2005,16.94,8.61,0.02
2005,17.55,8.75,0.03
2005,18.43,9.35,0
2005,17.92,10.31,0.01
2005,17.05,9.73,0.04
2005,18.2,8.49,0.01
2005,17.81,9.25,0.01
2005,17.03,8.73,0.02
2005,16.58,6.71,0
2005,17.01,6.29,0
2005,18.25,8.08,0.01
2005,18.31,9.89,0
2005,18.54,9.97,0.02
2005,18.53,9.46,0.04
2005,18.98,9.83,0.04
2005,21.37,9.65,0
2005,20.18,9.52,0.01
2005,18.69,10.02,0.02
2005,17.01,9.26,0.03
2005,16.29,8.82,0.06
2005,16.67,7.5,0
2005,18.51,7.41,0
2005,21.06,7.07,0
2005,22.64,7.26,0
2005,22.27,7.48,0
2005,20,7.71,0
2005,19.69,7.11,0
2005,17.35,7.53,0
2005,17.07,8.06,0
2005,17.19,7.91,0
2005,18.18,8.76,0
2005,20.95,9,0
2005,21.57,9.02,0
2005,21.89,8.87,0
2005,20.89,10.04,0.05
2005,20.12,9,0.01
2005,20.22,8.68,0.01
2005,20.45,8.7,0
2005,20.83,9.03,0.01
2005,21.41,9.42,0.01
2005,20.79,10.45,0
2005,20.45,10.84,0.01
2005,21.32,10.81,0.01
2005,22.99,9.9,0
2005,24.12,8.68,0
2005,26.38,8.64,0
2005,26.96,9.34,0
2005,24.96,12.33,0
2005,24.6,11.56,0
2005,24.23,10.73,0
2005,25.95,10.31,0
2005,27.46,11.96,0
2005,27.26,11.22,0.07
2005,27.93,10.91,0
2005,28.12,11.1,0.06
2005,26.07,12.69,0.12
2005,24.74,13.76,1.19
2005,23.91,11.46,0
2005,24.62,11.18,0
2005,25.06,10.16,0
2005,25.3,10.13,0
2005,25.04,9.66,0
2005,25.51,9.95,0.03
2005,25.8,10.22,0.02
2005,24.4,8.86,0.01
2005,23.53,8.97,0.01
2005,24.03,8.61,0.01
2005,25.32,8.47,0.07
2005,25.9,9.29,0.07
2005,26.9,10.04,0.08
2005,25.31,9.81,0.03
2005,25.28,8.73,0
2005,24.23,9.97,0.01
2005,23.82,11.41,0
2005,23.45,10.95,0
2005,21.1,10.59,0
2005,19.83,9.96,0
2005,19.76,9.72,0.48
2005,20.7,9.54,0.15
2005,21.2,9.39,0.06
2005,21.71,8.18,0.01
2005,20.62,8.29,0.02
2005,20.88,8.45,0.02
2005,23.01,7.79,0.01
2005,24.73,6.99,0
2005,24.61,6.94,0
2005,22.72,7.74,0.01
2005,23.46,7.16,0
2005,27.09,8.85,0
2005,28.02,9.08,0
2005,27.94,10.01,0
2005,27.77,9.73,0
2005,26.58,9.46,0
2005,24.37,9.61,0
2005,21.95,8.58,0
2005,21.43,8.09,0.02
2005,22.76,6.21,0.03
2005,23.01,6.42,0
2005,22.67,6.17,0
2005,23.82,6,0
2005,24.48,5.38,0
2005,23.1,6.27,0
2005,20.78,7.57,0
2005,17.45,9.51,0
2005,17.38,9.67,0.04
2005,17.43,8.41,0
2005,17.48,7.8,0
2005,16.7,8.18,0.01
2005,17.35,8.28,0.02
2005,18.3,8.65,0
2005,17.97,9.02,0
2005,18.38,8.06,0
2005,19.16,8.08,0
2005,20.63,7.4,0.82
2005,22.06,9.83,4.69
2005,21.92,8.72,0
2005,22.65,8.21,0.01
2005,20.1,9.62,0
2005,17.17,9.02,0
2005,18.85,6.54,0.01
2005,22.31,6.59,0.4
2005,21.92,6.2,0
2005,25.22,5.2,0
2005,26.37,4.52,0
2005,25.23,5.33,0
2005,23.29,7.84,0.17
2005,18.95,9.12,0.04
2005,18.52,6.34,0
2005,19.42,3.61,0
2005,22.87,2.91,0
2005,23.41,3.15,0
2005,21.78,5.19,0
2005,16.85,7.97,0
2005,17.26,6.28,0
2005,20.19,5.12,0
2005,18.8,6.23,0
2005,19.39,6.17,0
2005,23.66,4.42,0
2005,24.3,4.31,0
2005,18.38,7.03,0.32
2005,17.54,7.84,6.16
2005,16.26,9.92,17.17
2005,14.32,8.49,7.31
2005,16.34,8.87,0.02
2005,17.66,8.56,0
2005,17.51,8.1,0.01
2005,16.54,8.29,0.04
2005,16.24,8.61,0.03
2005,15.38,8.88,0.24
2005,15.41,8.85,0.18
2005,15.37,8.08,0
2005,14.1,8.53,0.01
2005,14.75,7.63,0
2005,15.26,7.33,0.04
2005,16.34,6.28,0
2005,20.18,5.21,0
2005,21.09,4.78,0
2005,17.24,7.55,0
2005,15.05,7.63,0
2005,13.7,6.05,0.01
2005,15.09,6.36,0
2005,16.73,6.55,0
2005,15.74,8.12,0
2005,14.64,9.03,0.08
2005,14.42,9.2,4.67
2005,13.92,7.88,1.62
2005,13.43,7.53,0.01
2005,14.15,6.24,0.28
2005,17.14,5.38,0
2005,18.34,5.94,0
2005,18.03,4.33,0
2005,16.96,3.44,0
2005,17.95,3.97,0
2005,18.3,3.67,0
2005,17.76,3.56,0
2005,18.51,3.97,0
2005,18.06,3.84,0
2005,18.49,4.22,0
2005,16.6,4.61,0
2005,16.79,4.82,0
2005,15.31,6.79,0.09
2005,11.42,4.74,0.1
2005,10.07,2.53,0
2005,11.88,3.03,0
2005,13.27,6.16,0.1
2005,13.56,7.02,0.08
2005,14.28,7.2,0.1
2005,12.36,8.58,1.78
2005,10,3.76,0
2005,10.27,2.49,0.49
2005,10.61,2.42,0
2005,11.51,2.78,0
2005,12.2,3.13,0
2005,13.17,3.92,0.36
2005,12.68,4.06,0.89
2005,13.99,3.62,0.06
2005,14,4.14,0
2005,12.14,6.43,0
2005,11.48,6.13,0.01
2005,11.74,4.37,0.01
2005,10.77,2.7,0.01
2005,8.62,4.23,0
2005,9.94,6.23,0.01
2005,10.53,6.85,0.02
2005,14.05,5.58,0
2005,17.07,5.1,0
2005,18.59,5.1,0
2005,17.04,7.37,0.02
2005,16.77,7.64,0.02
2005,17.93,5.33,0
2005,14.48,7.13,0.06
2005,12.12,7.78,0.99
2005,12.09,4.9,0
2005,12.83,6.67,0.29
2005,11.23,5.75,0.1
2005,12.43,5.41,0
2005,11.43,8.21,12.03
2006,11.64,7.88,6.02
2006,11.98,8.39,28.02
2006,9.95,5.33,1.41
2006,14.64,4.33,0
2006,17.33,4.09,0
2006,17.62,3.83,0.01
2006,13.63,5.39,0
2006,12.64,4.68,0
2006,13.7,3.35,0
2006,13.24,3.1,0
2006,12.98,4.52,0
2006,13.01,5.37,0
2006,13.36,5.91,0.01
2006,10.03,7.22,1.51
2006,8.26,4.7,0.25
2006,8.76,3.09,0
2006,11.46,3.42,0
2006,10.23,6.01,0.09
2006,8.7,4.24,0.02
2006,9.17,3.03,0
2006,10,2.98,0
2006,10.64,2.94,0
2006,11.55,2.66,0
2006,12.44,3.26,0
2006,10.1,5.24,0
2006,10.33,6.49,0.06
2006,9.39,4.94,0
2006,10.59,5.23,0
2006,10.96,6.08,0
2006,12.19,6.21,0
2006,11.45,5.26,0.02
2006,12.86,5.46,0
2006,13.17,6.71,0.01
2006,15.78,6.17,0.04
2006,15.64,5.72,0.04
2006,16.37,4.14,0.01
2006,15.37,3.02,0
2006,15.6,2.74,0
2006,17.6,3,0
2006,17.12,3.53,0
2006,14.88,4.46,0
2006,15.7,3.45,0
2006,17.2,2.86,0
2006,17.77,3.53,0
2006,14.7,6.63,0
2006,10.85,5.03,0.02
2006,8.2,2.93,0
2006,9.03,4.73,2.27
2006,8.28,5.17,1.52
2006,7.41,4.77,5.55
2006,7.33,3.24,0
2006,8.23,2.71,0
2006,10.57,3.13,0
2006,12.89,3.62,0.07
2006,12.99,4.29,0
2006,14.57,3.97,0
2006,15.04,4.27,0
2006,12.27,6.65,20.26
2006,12.21,7.24,25.04
2006,10.73,5.45,0
2006,10.46,5.63,0.1
2006,9.3,6.26,8.16
2006,9.18,4.11,0
2006,10.62,4.32,0
2006,11.11,6.7,3.16
2006,10.91,6.32,1.79
2006,10.66,4.86,0.15
2006,10.4,5.63,0.08
2006,6.76,4.88,1.82
2006,4.87,4.54,4.46
2006,6,4.56,1.07
2006,8.63,4.33,0.14
2006,10.36,5.33,0.03
2006,9.87,4.85,0
2006,10.95,5.06,0
2006,9.25,6.37,3.1
2006,8.82,5.3,3.48
2006,8.8,5.46,0.93
2006,9.74,6.17,4.98
2006,9.18,4.96,3.65
2006,11.73,4.5,0
2006,15.73,4.12,0
2006,15.96,4.61,0
2006,13.31,6.76,0.41
2006,12.4,5.49,0.01
2006,12.07,6.54,1.62
2006,11,7.52,23.69
2006,10.74,6.26,5.85
2006,11.65,6.27,1.31
2006,10.58,6.2,0.52
2006,11.15,6.91,4.61
2006,12.55,5.82,0
2006,13.76,7.49,4.82
2006,12.71,8.65,18.33
2006,9.85,6.34,9.76
2006,10.6,5.71,0.05
2006,11.3,6.35,0
2006,12.29,6.5,0.02
2006,11.68,6.62,0
2006,11.71,7,0.83
2006,13.41,7.28,0.31
2006,13.69,6.73,0
2006,17.58,6.38,0.01
2006,13.27,7.93,9.45
2006,12.5,7.63,1.26
2006,12.64,7.35,0.1
2006,12.5,5.58,0.03
2006,15.23,4.41,0
2006,16.86,4.64,0
2006,16.91,5.87,0
2006,14.13,7.4,0
2006,11.76,6.94,0.94
2006,11.48,6.37,0.55
2006,13.54,7.24,0.02
2006,13.25,7.75,0.02
2006,12.57,6.56,0.12
2006,13.85,7.9,0.17
2006,15.17,8.64,0.03
2006,16.56,9.26,0.03
2006,17.39,9.39,0.02
2006,17.87,9.55,0.03
2006,16.59,8.94,0.02
2006,15.28,8.78,0.01
2006,13.82,7.77,0
2006,15.39,8.31,0
2006,15.63,8.4,0.02
2006,16.83,8.24,0
2006,17.28,8.84,0.03
2006,17.63,8.92,0.01
2006,19.72,9.14,0.05
2006,20.06,8.67,0.04
2006,18.45,8.59,0.03
2006,17.61,8.87,0.01
2006,19.61,8.33,0
2006,18.72,9.28,0
2006,19.41,9.33,0.01
2006,21.5,9.72,0.04
2006,20.33,9.64,0.05
2006,19.06,8.5,0.03
2006,18.5,8.15,0.04
2006,15.92,8.52,3.78
2006,14.86,8,13.08
2006,17.78,7.57,0.01
2006,21.73,7.81,0.01
2006,20.33,8.24,0
2006,17.28,8.59,0.02
2006,16.29,5.73,0.42
2006,17.11,5.26,0
2006,18.55,5.74,0
2006,20.67,5.96,0
2006,22.74,7.08,0
2006,22.52,8.22,0
2006,23.32,8.75,0
2006,26.25,9.32,0
2006,25.04,9.7,0
2006,21.58,11.25,0
2006,20.94,10.6,0.07
2006,20.9,10.88,0.06
2006,20.24,11.05,0.08
2006,18.79,10.22,0.14
2006,18.29,9.5,0
2006,17.58,8.9,0.03
2006,17.16,8.03,0.03
2006,18.32,7.64,0
2006,21.82,6.79,0
2006,21.95,8.27,0
2006,25.81,7.27,0
2006,24.1,8.9,0
2006,22.4,9.88,0.01
2006,21.54,10.7,0.01
2006,21.51,9.56,0.01
2006,21.44,7.94,0.01
2006,22.54,7.68,0
2006,23.5,8.3,0
2006,25.32,8.38,0
2006,27.22,10.06,0
2006,27.33,9.96,0.01
2006,25.16,9.17,0.13
2006,27.13,7.99,0.03
2006,26.79,8.86,0.03
2006,26.64,9.22,0
2006,27.86,8.62,0
2006,27.02,9.2,0
2006,26.22,8.31,0.01
2006,25.43,9.5,0.01
2006,24.27,9.04,0
2006,23.98,7.77,0
2006,25.7,8.09,0
2006,26.92,8.88,0.16
2006,26.18,9.79,0.28
2006,25.04,9.07,0
2006,24.55,7.31,0
2006,26.32,6.48,0
2006,27.09,7.15,0
2006,28.24,7.71,0.03
2006,29.04,8.86,0.17
2006,27.8,10.83,0.03
2006,25.55,11.97,0.04
2006,26.16,12.91,0
2006,25.46,13.14,0
2006,26.75,11.27,0
2006,29.42,10.42,0.02
2006,32.92,11.68,0.32
2006,31.82,11.91,0.39
2006,30.92,13.07,0.03
2006,28.88,12.98,0.26
2006,28.24,13.09,0.16
2006,26.78,13.5,0
2006,25.27,15.42,0
2006,23.56,14.69,0.04
2006,22.95,13.87,0.2
2006,22.19,12.8,0.02
2006,21.9,11.76,0.01
2006,22.51,10.66,0
2006,22.2,12.11,0.05
2006,21.13,10.74,0.07
2006,20.86,9.31,0.02
2006,20.5,10.37,0
2006,21.1,9.8,0
2006,24.05,7.78,0
2006,26.32,8.33,0
2006,26.09,9.49,0
2006,24.27,9.29,0
2006,21.76,9.46,0
2006,21.33,8.63,0
2006,20.4,8.39,0
2006,19.49,8.25,0
2006,19.83,8.72,0
2006,20.88,7.32,0
2006,22.53,8.21,0
2006,21.87,8.01,0
2006,21.21,7.46,0
2006,24.17,7.01,0
2006,26.46,8.66,0
2006,27.23,8.34,0
2006,25.33,8.97,0
2006,22.56,7.34,0
2006,22.43,6.27,0
2006,25.41,6.52,0
2006,26.68,6.85,0
2006,26.35,8.44,0
2006,25.44,9.72,0
2006,25.59,8.42,0
2006,26.72,7.37,0
2006,27.77,6.72,0
2006,28.73,7.24,0.08
2006,28.84,7.16,0.09
2006,28.27,8.43,0.09
2006,26.7,8.06,0
2006,23.46,9.28,0
2006,20.73,9.12,0
2006,19.17,8.91,0
2006,20.71,7.57,0
2006,24.57,7.39,0
2006,25.05,8.08,0
2006,22.68,8.81,0
2006,18.53,10.83,0.74
2006,17.18,8.39,0.03
2006,19.37,5.6,0
2006,22.55,3.93,0
2006,23.62,4.31,0
2006,22.28,5.97,0
2006,19.7,7.32,0
2006,19.17,6.68,0
2006,18.3,8.4,0.01
2006,19.41,5.76,0.01
2006,21.15,6.26,0.01
2006,21.65,7.32,0
2006,21.27,8.48,0
2006,22.04,7.25,0
2006,23.4,5.96,0
2006,23.84,6.15,0
2006,21.32,7.81,0
2006,20.84,8.17,0.25
2006,20.9,9.34,0.06
2006,18.37,8.5,0.03
2006,17.55,7.92,0
2006,16.7,8.37,0
2006,15.05,7.96,0.01
2006,16.95,7.21,0
2006,17.84,6.35,0
2006,17.21,8.27,0
2006,16.42,8.24,0
2006,16.78,7.36,0
2006,16.23,8.2,0.03
2006,15.68,8.29,1.29
2006,15.49,8.77,0.48
2006,15.82,8.56,0.01
2006,16.01,9.17,0
2006,15.73,7.14,0
2006,17.64,3.81,0.02
2006,18.93,3.75,0
2006,21.13,4.73,0
2006,20.6,5.18,0
2006,21.01,3.87,0
2006,22.1,4.13,0
2006,18.53,7.33,0
2006,17.45,6.35,0
2006,18.31,2.75,0
2006,19.27,3.07,0
2006,20.12,3.72,0
2006,16.31,6.1,0
2006,14.17,7.28,0
2006,14.42,7.67,0
2006,15.51,6.61,0
2006,17.76,7.31,0.01
2006,17.3,7.86,0.03
2006,18.6,5.92,0.02
2006,20.63,4.27,0
2006,22.59,4.08,0
2006,23.51,5.07,0
2006,20.77,7.08,0
2006,15.81,5.46,0
2006,17.17,3.48,0
2006,15.86,6.32,0.02
2006,14.55,3.88,0
2006,16.2,4.1,0.02
2006,16.07,8.58,0.35
2006,18.58,3.7,0
2006,19.38,3.69,0
2006,19.45,6.72,0
2006,20.05,6.29,0
2006,21.04,4.04,0
2006,20.87,3.95,0
2006,17.11,6.88,0
2006,15.82,6.85,0
2006,15.81,5.8,0.01
2006,13.2,4.03,0
2006,12.05,4.48,0.02
2006,11.03,4.3,0.26
2006,10.68,6.53,3.08
2006,9.34,4.22,0.06
2006,8.24,2.01,0
2006,9.41,1.47,0
2006,13.12,2.58,0
2006,14.36,2.79,0
2006,12.58,1.96,0
2006,13.33,1.87,0
2006,14,2.52,0
2006,14.86,2.67,0
2006,16.68,3.08,0
2006,14.47,5.04,0
2006,12.64,7.59,4.14
2006,11.37,6.71,5.22
2006,11.58,5.61,1.09
2006,12.92,5.43,0.3
2006,15.09,5.61,0
2006,16.21,5.97,0
2006,14.05,6.41,0.01
2006,9.97,6.79,2.94
2006,7.25,3.9,0.82
2006,6.39,2.78,0.07
2006,7.58,2.69,0
2006,8.06,2.86,0
2006,8.73,3.33,0
2006,10.45,4.65,0.92
2006,11.56,2.98,0
2006,13.05,3.1,0
2006,14.91,3.63,0
2006,15.1,4.4,0
2006,9.91,5.81,3.92
2006,8.9,3.11,0
2006,10.31,3.4,0.12
2006,11.13,3.95,0
2006,9.94,5.05,0.02
2007,10.29,3.95,0
2007,13.13,3.31,0
2007,14.37,4.43,0
2007,10.82,6.46,1.47
2007,7.69,2.87,0.11
2007,9.67,2.54,0.39
2007,13.25,3.36,0
2007,15.33,3.11,0.05
2007,16.87,4.14,0
2007,12.67,6.01,0
2007,9.65,6.21,0.15
2007,4.66,2.33,0
2007,3.23,1.51,0.18
2007,3.78,1.46,0
2007,5.49,1.78,0
2007,7.11,2.22,0
2007,6.36,4.44,0.63
2007,8.16,2.36,0
2007,9.96,3.17,0
2007,9,5.51,0.01
2007,8.49,3,0
2007,9.2,2.31,0
2007,11.47,2.79,0
2007,13.41,3.49,0
2007,14.25,3.35,0
2007,12.46,5.26,0.01
2007,10.96,6.6,3.67
2007,10.87,6.17,2.21
2007,11.54,5.58,0
2007,10.43,7.21,4.99
2007,9.88,6.36,3.4
2007,9.53,5.42,0.03
2007,9.84,4.3,0.02
2007,12.09,3.08,0.01
2007,16.08,2.94,0
2007,17.99,4.62,0
2007,16.53,5.61,0
2007,12.7,5.76,0
2007,12.26,4.18,0.01
2007,14.03,4.64,0
2007,14.1,6.31,0.58
2007,12.54,7.75,8.5
2007,11.08,6.8,0.29
2007,10.26,5.76,1.02
2007,10.98,4.23,0
2007,12.84,3.83,0.04
2007,17.47,4.77,0
2007,18.47,4.91,0
2007,14.63,6.74,1.04
2007,10.89,6.49,7.33
2007,10.77,6.3,0.1
2007,11.74,6.51,0.08
2007,9.91,6.41,4.49
2007,7.82,4,1.23
2007,9.45,3.33,0
2007,10.4,5.79,0.12
2007,10.69,6.21,0.39
2007,9.07,5.41,5.55
2007,7.58,4.09,0.96
2007,8.31,3.44,0
2007,10.66,3.31,0
2007,13.41,3.06,0
2007,14.45,2.94,0
2007,16.98,3.25,0
2007,19.06,4.6,0
2007,16.63,6.16,0
2007,14.5,6.03,0.02
2007,13.17,5.61,0.02
2007,15.74,5.56,0
2007,20.32,3.68,0
2007,21.43,3.94,0
2007,18.81,5.8,0
2007,16.2,6.62,0.01
2007,17.39,6.02,0.01
2007,19.34,5.99,0
2007,16.94,6.23,0.01
2007,13.58,7.13,0.01
2007,13.97,7.63,0
2007,12.83,7.64,1.89
2007,11.91,6.26,1.07
2007,16.32,5.29,0.01
2007,15.51,6.88,0.01
2007,14.68,7.36,0.02
2007,14.89,7.36,0.01
2007,13.07,7.74,0.22
2007,10.46,4.58,1
2007,11.69,4.21,0.01
2007,14.52,3.93,0
2007,15.41,4.31,0.06
2007,16.78,4.96,0
2007,16.9,5.25,0
2007,16.03,6.21,0
2007,16.34,6.99,0.01
2007,16.89,6.51,0.01
2007,16.08,6.99,0.03
2007,15.35,7.95,0
2007,14.57,8.43,0
2007,14.93,7.76,0.02
2007,14.45,6.6,0
2007,15.78,5.4,1.13
2007,15,5.7,0.03
2007,12.47,4.32,0.03
2007,15.77,3.54,0
2007,13.56,5.73,0.13
2007,11.24,5.83,0.61
2007,13.33,6.17,0.03
2007,13.07,7.25,0.04
2007,11.53,3.47,0
2007,12.85,3.28,0.21
2007,9.6,5.88,12.45
2007,11.36,5.83,0
2007,11.94,6.99,0.99
2007,13.45,5.87,0.12
2007,16.4,5.75,0.06
2007,17.5,5.92,0
2007,16.89,6.33,0
2007,21.27,6.46,0
2007,21.6,6.72,0
2007,19.22,7.39,0.01
2007,17.49,6.46,0
2007,16.14,7.58,0
2007,15.57,7.51,0.01
2007,15.02,5.3,0
2007,14.28,6.19,0
2007,15.58,4.65,0
2007,18.89,3.18,0
2007,22.31,3.45,0
2007,24.51,3.81,0
2007,22.43,5.42,0
2007,20.7,4.59,0
2007,17.71,5.26,0
2007,14.9,6.08,0
2007,16.19,6.36,0
2007,17,5.9,0
2007,15.98,6.82,0
2007,15.89,7.74,0
2007,16.86,7.5,0
2007,17.28,7.33,0
2007,17.99,6.38,0
2007,17.84,7.15,0
2007,16.07,8.43,0
2007,16.43,7.31,0.03
2007,18.15,5.75,0
2007,18.18,6.4,0.01
2007,17.88,7.16,0
2007,17.27,7.24,0
2007,17.02,7.32,0
2007,15.58,7.4,0
2007,15.82,7.8,0
2007,15.51,7.14,0
2007,15.86,7.51,0
2007,16.77,8.6,0
2007,17.67,9.14,0
2007,18.49,8.62,0
2007,19.34,7.65,0.02
2007,16.2,8.71,0.02
2007,16.65,5.35,0
2007,18.1,4.77,0
2007,18.23,6.61,0
2007,18.23,7.37,0
2007,18.71,7.58,0
2007,18.09,8.21,0
2007,20.7,7.58,0
2007,23.49,7.1,0
2007,23.38,7.64,0
2007,22.18,7.57,0
2007,20.76,8.46,0
2007,19.51,8.47,0
2007,19.66,7.9,0
2007,21.5,6.49,0
2007,22.69,6.36,0
2007,23.57,6.57,0
2007,23.52,6.97,0
2007,21.72,7.77,0
2007,20.64,6.59,0
2007,21.66,6.48,0.01
2007,21.66,6.98,0
2007,22.3,6.77,0
2007,23.42,7.09,0
2007,23.9,7.84,0
2007,24.24,7.8,0
2007,25.08,6.87,0
2007,25.78,6.33,0
2007,26.4,6.95,0
2007,26.7,7.98,0
2007,26.64,9.64,0
2007,25.28,9.68,0
2007,24.03,8.06,0.02
2007,21.61,9.18,0.01
2007,20.44,9.22,0
2007,19.7,9.77,0
2007,19.55,9.32,0
2007,21.15,8.05,0
2007,24.84,8.05,0
2007,25.14,8.72,0
2007,23.87,8.99,0
2007,22.34,9.61,0
2007,22.11,9.82,0
2007,22.45,9.79,0
2007,23.31,9.92,0
2007,23.16,8.49,0
2007,22.85,8.03,0
2007,23.82,8.82,0.01
2007,24.64,10.39,0.29
2007,25.29,9.42,0
2007,25.21,9.19,0
2007,26.08,8.96,0.01
2007,25.72,9.12,0
2007,24.94,8.17,0
2007,23.56,9.36,0
2007,22.81,10.37,0
2007,22.77,10.12,0
2007,22.98,10.28,0
2007,23.81,10.6,0
2007,24.18,9.26,0
2007,22.63,10.7,0
2007,21.37,11.54,0
2007,20.04,9.66,0
2007,20.01,8.61,0
2007,21.97,8.65,0
2007,21.77,8.31,0
2007,22.02,8.58,0
2007,22.3,7.49,0.01
2007,24.5,7.79,0.06
2007,26.5,7.23,0
2007,27.38,7.96,0
2007,27.54,8.38,0
2007,27.47,9.15,0
2007,26.87,9.45,0
2007,26.52,9.7,0.01
2007,25.61,9.26,0
2007,26.4,7.06,0
2007,25.86,8.09,0
2007,23.22,10.73,0
2007,21.35,10.35,0
2007,21.62,9.84,0
2007,23.23,9.95,0
2007,24.19,10.33,0.23
2007,24.89,11.21,0.11
2007,26.9,9.62,0
2007,28.88,9.1,0.03
2007,28.71,10.13,0.11
2007,30.29,11.01,0.07
2007,30.85,10.5,0.2
2007,32.22,10.25,0.11
2007,31.51,9.55,0.11
2007,27.44,9.31,0
2007,22.5,9.63,0
2007,20.17,9.07,0
2007,19.95,9.13,0
2007,21.01,9.12,0
2007,20.09,9.51,0
2007,22.19,8.36,0
2007,24.62,7.12,0
2007,24.47,6.77,0
2007,23.6,7.38,0
2007,21.57,7.09,0
2007,21.1,6.87,0
2007,19.4,7.71,0
2007,17.88,8.76,0.02
2007,18.82,9.24,0
2007,16.74,9.04,0.05
2007,15.56,7.04,0.38
2007,16.66,8.07,3.03
2007,15.94,9.06,10.19
2007,16.19,8.31,0.08
2007,18.47,7.46,0
2007,20.62,6.96,0
2007,22.16,5.91,0
2007,20.94,8.32,0
2007,16.97,9.38,0.05
2007,17.76,7.47,0
2007,20.64,5.21,0
2007,20.17,7.4,0
2007,21.52,7.29,0
2007,21.52,5.56,0.01
2007,17.5,8.46,0
2007,15.32,5.91,0.02
2007,14.98,4.19,0
2007,18.45,3.23,0
2007,19.8,3.83,0
2007,18.85,4.71,0
2007,16.16,7.37,0
2007,15.92,7.35,0
2007,15.11,8.2,2.88
2007,16.52,8.96,5.23
2007,16.95,8.27,0
2007,15.56,8.23,0.01
2007,15.33,7.46,0.03
2007,15.27,7.32,0.33
2007,18.22,5.71,0
2007,21.5,6.05,0
2007,18.43,6.06,0.23
2007,18.31,2.98,0.07
2007,19.66,3.21,0
2007,23.34,4.54,0
2007,24.53,4.49,0
2007,23.3,4.31,0
2007,19.79,6.03,0
2007,19.98,6.65,0.08
2007,23.17,6.57,0
2007,20.53,7.81,0.01
2007,15.79,8.15,0
2007,17.74,6.92,0
2007,17.18,6.48,0.01
2007,18.02,5.43,0.02
2007,19.55,3.95,0
2007,18.9,4.59,0
2007,16.6,6.41,0
2007,16.77,6.78,0
2007,15.99,6.82,0
2007,14.51,7.96,0
2007,13.71,8.03,0.01
2007,14.38,6.88,0.01
2007,12.51,8.07,0.18
2007,17.16,5.63,0
2007,19.79,4.2,0
2007,20.96,4.61,0
2007,21.07,4.85,0
2007,17.51,5.96,0
2007,15.32,5.96,0.01
2007,16.93,5,0
2007,16.87,5,0
2007,14.75,6.03,0
2007,14.22,3.47,0
2007,12.04,3.87,0.01
2007,11.58,3.45,0
2007,14.47,2.14,0
2007,13.71,4.45,0
2007,15,3.35,0
2007,15.54,3.28,0
2007,15.66,2.61,0
2007,15.8,3.8,0.02
2007,12.49,8.19,24.06
2007,8.92,5.26,1.53
2007,9,4.79,0.38
2007,13.52,3.95,0
2007,16.91,3.53,0
2007,17.19,6.01,0
2007,13.48,8.14,1.04
2007,11.13,7.13,10.55
2007,8.76,5.47,1.28
2007,8.97,4.48,0.89
2007,9.41,3.64,0.07
2007,8.86,3.59,0.1
2007,8.94,3.3,0.01
2007,9.39,3.15,0
2007,9.02,3.25,0
2007,10.62,3.44,0
2007,11.05,3.94,0
2007,10,6,0.33
2007,10.67,7.66,12.07
2007,12.1,7.82,8.44
2007,10.03,7,2.04
2007,7.63,3.18,0.01
2007,8.65,2.6,0.32
2007,12.69,3.45,0
2007,13.5,5.33,0
2007,10.03,2.59,0
2007,8.61,3.02,0.14
2007,5.69,2.34,0
2007,7.14,3.29,0.02
2007,8.72,5.55,0.01
2007,8.96,5.34,0
2007,11.51,3.54,0.01
2008,11.51,2.53,0
2008,13.84,3.5,0
2008,11.79,6.03,0
2008,11.24,8.05,24.03
2008,10.67,7.68,24.97
2008,9.2,6.68,19.07
2008,8.51,5.31,5.94
2008,8.73,5.94,0.02
2008,9.35,5.73,0.04
2008,10.88,5.83,0
2008,12.59,5.69,0
2008,13.29,4.91,0
2008,13.19,4.14,0
2008,12.59,3.88,0
2008,12.29,4.54,0
2008,9.73,2.77,0
2008,8.16,2.81,0
2008,8.97,3.56,0
2008,10.13,3.76,0
2008,9.49,5.26,0
2008,8.05,5.41,0.48
2008,8.87,6.21,3.63
2008,8.06,6.08,16.41
2008,7.32,5.51,19.26
2008,9.23,6.78,21.78
2008,10.4,5.7,14.94
2008,11.21,7.97,34.67
2008,8.16,5.77,10.66
2008,6.45,4.33,0.01
2008,6.96,4.53,0.36
2008,8.49,3.97,0
2008,8.51,5.6,0.03
2008,7.37,4.88,0.01
2008,8.39,6.51,14.62
2008,6.92,4.48,0.41
2008,7.11,3.31,0
2008,9,4.28,0
2008,11.18,5.21,0
2008,13.56,5.55,0
2008,14.36,5.08,0
2008,14.83,5.58,0
2008,15,5.72,0
2008,15.66,5.77,0
2008,12.81,6.61,0.05
2008,8.45,3.72,0.88
2008,9.73,3.86,0
2008,9.93,5.01,0
2008,10.49,5.44,0
2008,11.14,5.88,0
2008,10.41,6.75,0.51
2008,9.95,6.81,4.16
2008,9.74,6.63,2.6
2008,10.15,7.15,18.6
2008,9.44,5.54,1.53
2008,10.11,7.08,14.36
2008,11.32,6.04,0.04
2008,14.37,5.35,0
2008,15.82,5.25,0
2008,15.11,6.35,0
2008,13.12,6.84,0
2008,11.2,7.18,0.04
2008,10.86,4.44,0
2008,11.9,3.81,0.01
2008,13.15,5.41,0
2008,11.82,5.05,0
2008,12.75,4.51,0
2008,14.85,5.28,0
2008,14.65,6.37,0
2008,14.58,4.99,0
2008,16.33,5.36,0
2008,17.3,6.07,0
2008,16.34,6.51,0
2008,15.65,7.72,0
2008,12.36,6.12,0
2008,8.99,4.98,1.03
2008,9.61,4.43,0.47
2008,11.03,3.88,0
2008,13.03,5.48,0
2008,12.7,6.08,0
2008,13.26,6.09,0
2008,15.37,5.18,0
2008,17.35,4.87,0
2008,18.31,4.29,0
2008,18.18,5.07,0
2008,16.18,6.38,0
2008,15.06,6.94,0
2008,14.22,5.58,0
2008,13.82,6.12,0
2008,12.26,7.35,0.19
2008,10.72,5.93,0.39
2008,11.19,5.56,0
2008,11.03,6.07,0
2008,11.44,6.3,0.56
2008,13.99,7.55,0.67
2008,13.76,7.06,0.1
2008,12.55,6.84,0
2008,12.42,6.79,0
2008,12.68,5.62,0.01
2008,10.68,5.94,0.01
2008,11.62,5.36,0
2008,14.48,5.46,0
2008,18.45,4.65,0
2008,20.45,4.4,0
2008,21.83,4.65,0
2008,19.27,5.84,0
2008,13.45,5.37,0
2008,14.03,4.38,0.01
2008,17.56,4.43,0
2008,17.19,5.08,0
2008,11.84,6.63,0
2008,11.83,4.34,0
2008,12.55,4.15,0
2008,13.53,5.02,0
2008,12.85,6.55,0
2008,14.68,4.97,0
2008,19.37,4.26,0
2008,22.61,5.12,0
2008,23.19,4.11,0
2008,22.85,5.1,0
2008,18.46,7.13,0
2008,14.29,5.46,0
2008,15.63,4.17,0
2008,18.5,5.06,0
2008,17.83,5.78,0
2008,14.03,6.72,0
2008,13.98,6.68,0
2008,14.04,7.93,0.03
2008,14.41,8.08,0.11
2008,15.23,7.24,0
2008,14.86,7.95,0.01
2008,16.16,7.15,0.02
2008,15.3,7.73,0.03
2008,13.57,7.39,0.1
2008,17.58,4.82,0
2008,20.14,6.05,0
2008,23.76,7.4,0
2008,25.49,6.25,0
2008,26.4,6.97,0
2008,26.41,8.12,0
2008,24.7,8.45,0
2008,19.19,9.56,0.01
2008,18.34,6.01,0
2008,15.64,6.31,0.65
2008,12.29,7.21,6.15
2008,12.43,5.91,0.33
2008,13.07,5.89,0.02
2008,13.75,7.2,0
2008,14.91,7.4,0
2008,15.34,7.03,0.01
2008,16.44,6.87,0
2008,17.41,6.96,0
2008,16.58,7.11,0
2008,17.75,7.51,0
2008,17.39,7.65,0
2008,17.43,7.5,0
2008,17.14,7.13,0.01
2008,19.57,5.6,0
2008,20.87,7.19,0
2008,19.21,6.87,0
2008,20.08,6.25,0
2008,21.82,6.71,0
2008,19.35,8.41,0
2008,18.92,6.37,0
2008,19.19,7.54,0
2008,21,7.54,0
2008,21.87,7.04,0
2008,23.02,6.47,0
2008,23.54,7.08,0
2008,24.89,7.46,0
2008,26.68,5.77,0
2008,27.22,6.76,0
2008,30.3,6.71,0
2008,30.43,7.56,0
2008,28.04,7.88,0
2008,24.91,7.44,0
2008,22.07,8.65,0
2008,20.49,10.12,0
2008,20.33,9.53,0
2008,20.78,8.73,0
2008,22.16,7.9,0
2008,24.19,6.89,0
2008,25.09,7.36,0
2008,25.17,7.92,0
2008,25.38,7.79,0
2008,25.57,7.6,0
2008,26.28,8.51,0
2008,25.39,7.59,0
2008,24.28,7.53,0
2008,24.82,8.43,0
2008,25.15,9.41,0
2008,23.37,10.59,0
2008,23.25,11.33,0.02
2008,22.93,11.58,0
2008,24.05,10.15,0.5
2008,24.37,10.63,0.73
2008,23.97,8.95,0.09
2008,23.94,9.63,0
2008,25.18,11.07,0.02
2008,24.75,9.77,0.01
2008,23.43,9.03,0
2008,22.18,9.15,0
2008,21.98,10.6,0
2008,22.5,9.06,0.06
2008,21.79,8.36,0
2008,21.39,8.95,0
2008,22.56,7.65,0
2008,24.98,7.59,0
2008,24.35,8.12,0
2008,21.45,10.02,0
2008,20.73,10.39,0
2008,21.56,10.73,0
2008,22.63,9.49,0
2008,22.71,9.77,0
2008,23.5,9.43,0
2008,24.14,8.68,0
2008,24.14,9.27,0
2008,25.41,8.51,0
2008,24.95,8.73,0
2008,25.77,8.94,0
2008,26.12,9.91,0
2008,24.36,10.33,0
2008,23.92,8.62,0
2008,23.66,8.55,0
2008,22.96,8.84,0
2008,23.1,7.84,0
2008,24.86,7.86,0
2008,25.47,8.81,0
2008,24.14,9.31,0
2008,23.29,9.63,0.03
2008,23.03,9.75,0
2008,22.49,9.12,0
2008,21.4,8.61,0
2008,21.94,9.48,0
2008,22.43,9.36,0
2008,22.25,9.75,0
2008,23.3,8.64,0
2008,25.97,8.28,0.01
2008,26.47,10.32,0.14
2008,25.16,9.94,0.02
2008,24.11,9.09,0
2008,24.44,8.61,0
2008,25.91,9.2,0
2008,25.23,10.36,0.02
2008,22.64,12.21,0
2008,22.75,10.28,0
2008,24.1,7.76,0
2008,25.65,8.82,0
2008,26.02,8.58,0
2008,25.79,8.13,0
2008,26.14,8.66,0
2008,25.05,9.82,0
2008,23.29,10.36,0
2008,21.54,9.57,0
2008,19.36,9.41,0
2008,20.77,9.18,0
2008,20.89,10.43,0
2008,20.18,10.26,0
2008,22.32,8.64,0
2008,25.88,6.97,0
2008,24.67,9.24,0
2008,23.08,10.75,0
2008,23.56,11.12,0
2008,22.68,9.27,0
2008,19.56,8.62,0
2008,18.49,9.11,0
2008,20,8.5,0
2008,22.34,7.46,0
2008,25.55,7.67,0
2008,26.74,6.98,0
2008,25.47,7.82,0
2008,24.46,8.14,0
2008,24.49,8.44,0
2008,26.18,8.04,0
2008,28.33,7.47,0.19
2008,27.75,7.82,0
2008,24.38,8.36,0
2008,18.72,9.89,0
2008,16.38,9.64,0.76
2008,17.85,8.18,0
2008,21.84,6.45,0
2008,25.54,5.24,0
2008,25.92,5.64,0
2008,21.18,8.28,0
2008,15.76,3.89,0
2008,13.09,3.04,0
2008,14.04,2.69,0
2008,15.99,2.83,0
2008,20.12,3.37,0
2008,22.61,4.02,0
2008,23.04,4.3,0
2008,23.14,4.6,0
2008,20.34,6.54,0
2008,18.31,7.18,0
2008,17.72,6.85,0
2008,21.33,5.48,0
2008,23.3,2.83,0
2008,22.38,2.99,0
2008,22.26,3.94,0
2008,22.67,3.81,0
2008,22.24,4.4,0
2008,23.61,3.48,0
2008,25.85,3.87,0
2008,23.99,5.58,0
2008,20.01,8.21,0.01
2008,20.89,7.03,0.43
2008,19.96,8.02,5.08
2008,16.34,9.19,0.64
2008,14.35,8.14,0.12
2008,14.26,6.95,4.12
2008,13.45,4.08,0
2008,16.88,4.15,0
2008,19.15,5.19,0
2008,18.42,6.45,0.02
2008,13.12,6.91,0.66
2008,12.9,6.11,0
2008,14.46,5.93,0
2008,18.12,6.4,0
2008,20.19,6.19,0
2008,21.55,4.83,0
2008,20.9,2.98,0
2008,20.7,3.61,0
2008,20.96,3.87,0
2008,21.27,3.51,0
2008,20.79,4.21,0
2008,19.13,4.74,0
2008,19.72,4.54,0
2008,18.68,5.4,0
2008,15.95,6.96,0
2008,15.67,6.81,0
2008,16.34,8.92,9.59
2008,14.32,9.38,28
2008,13.43,7.99,2.34
2008,12.7,6.64,0.02
2008,14.59,5.48,0
2008,16.92,5.71,0
2008,17.93,5.82,0
2008,14.47,6.57,0
2008,13.72,5.36,0
2008,12.86,6.02,0
2008,14.05,4.55,0
2008,15.48,4.39,0
2008,13.9,7.34,0.04
2008,11.19,6.61,0
2008,11,3.33,0
2008,12.76,3.19,0
2008,15.68,4.26,0
2008,13.67,6.84,0
2008,10.34,6.02,0.12
2008,6.87,4.37,0.57
2008,8.74,6.53,37.16
2008,7.74,5.24,0.33
2008,5.54,4.75,16.17
2008,6.37,4,1.23
2008,6.69,4.38,0.86
2008,7.39,4.38,0.02
2008,10.01,4.65,0
2008,8.89,6.74,4.73
2008,7.23,5.05,0.02
2008,8.06,6.05,2.7
2008,8.81,6.6,10.94
2008,5.14,3.43,0.14
2008,5.87,2.34,0
2008,9.04,3.43,0
2008,12.84,4.48,0
2008,13.86,5.31,0
2008,13.26,5.54,0
2009,12.42,4.84,0
2009,10.71,5.49,0.03
2009,9.32,5.28,0.3
2009,7.05,2.47,0
2009,7.2,3.09,0.01
2009,9.68,4.88,0
2009,13.09,5.65,0
2009,13.9,5.72,0
2009,11.94,3.75,0
2009,11.81,3.03,0
2009,14.87,3.33,0
2009,16.1,3.99,0
2009,16.88,4.74,0
2009,16.16,3.47,0
2009,15.33,3.46,0
2009,14.87,3.83,0
2009,15.13,4.19,0
2009,15.86,3.98,0
2009,16.4,4.22,0
2009,17.51,4.74,0.01
2009,16.62,6.57,0.16
2009,15.27,8.5,1.27
2009,13.77,9.38,4.29
2009,12.43,8.14,3.03
2009,10.62,6.29,0.46
2009,8.21,4.57,0.18
2009,8.08,2.98,0
2009,11.93,3.41,0
2009,13.45,3.6,0
2009,14.79,3.88,0
2009,15.14,4.5,0
2009,14.18,4.03,0
2009,14.77,3.54,0
2009,15.91,3.86,0
2009,14.96,4.79,0
2009,11.87,8.04,14.14
2009,11.25,7.81,24.22
2009,9.03,6.4,9.56
2009,9.3,6.45,2.68
2009,7.38,5.25,9.29
2009,7.04,3.5,0
2009,8.47,4.87,0.14
2009,8.24,4.84,0.25
2009,7.05,5.54,6.06
2009,7.07,4.36,0.14
2009,7.41,4.88,0.61
2009,8.61,6.65,32.58
2009,8.03,5.8,6.6
2009,9.91,5.12,0.21
2009,11.87,4.3,0
2009,13.2,4.45,0
2009,14.2,5.18,0.05
2009,15.54,7.89,0.07
2009,15.25,7.67,0.23
2009,13.24,7.08,0.05
2009,11.11,6.88,0
2009,11.78,6.96,0
2009,12.14,6.37,0
2009,16.3,5.23,0
2009,18.28,5.6,0
2009,16.08,7.47,0.25
2009,12.28,7.15,0.02
2009,10.49,7.25,4.56
2009,9.89,5.26,0.03
2009,9.46,5.34,0.18
2009,10.09,4.82,0
2009,11.13,5.47,0
2009,9.78,6.12,0.03
2009,9.67,4.53,0
2009,9.97,5.86,0
2009,11.72,5.69,0
2009,12.24,5.36,0
2009,11.13,6.24,0
2009,11.67,6.39,0
2009,13.75,6.82,0
2009,17.05,6.9,0
2009,18.88,6.62,0
2009,17.05,6.61,0
2009,14.06,6.38,0
2009,11.64,7.04,0.03
2009,10.56,5.36,3.08
2009,10.86,3.75,0
2009,13.73,3.73,0
2009,15.02,4.96,0
2009,14.76,6.96,0
2009,15.15,4.18,0
2009,16.11,4.63,0
2009,12.84,7.11,0
2009,12.61,4,0
2009,13.8,4.56,0
2009,13.99,6.83,0
2009,13.05,7.45,0.01
2009,12.4,5.38,0.11
2009,12.03,4.05,0
2009,15.4,3.79,0
2009,16.82,4.25,0
2009,13.49,6.4,0.43
2009,11.77,6.43,0.35
2009,12.07,6.45,0
2009,11.13,6.83,0.85
2009,12.16,6.22,0.02
2009,14.37,6.17,0
2009,15.81,6.51,0
2009,12.87,6.68,0.01
2009,9.35,3.99,0
2009,11.81,4.67,0
2009,15.63,5.06,0
2009,18.74,5.2,0
2009,22.31,4.93,0
2009,25.14,4.85,0
2009,24.66,5.85,0
2009,17.71,8.13,0
2009,13.82,8.18,0
2009,13.25,7.24,0
2009,13.44,5.02,0
2009,12.98,6.13,0
2009,11.82,6.63,0
2009,12.22,5.94,0
2009,13.01,5.59,0
2009,15.81,6.16,0
2009,17.61,7.52,0.15
2009,16.11,8.62,0.02
2009,17.77,8,0
2009,18.5,7.85,0
2009,19.31,8.34,0
2009,22.64,7.6,0
2009,23.94,6.46,0
2009,22.03,6.71,0
2009,18.91,7.39,0
2009,18.62,7.62,0
2009,18.24,7.86,0
2009,17.46,6.86,0
2009,18.91,6.58,0
2009,20.91,7.7,0
2009,20.53,8.32,0
2009,22.41,8.05,0
2009,22.26,7.96,0
2009,21.21,7.79,0
2009,21.17,6.92,0.01
2009,21.22,6.9,0
2009,18.91,7.22,0
2009,17.05,6.89,0
2009,15.69,6.65,0
2009,15.37,7.64,0
2009,16.12,8.06,0
2009,17.37,7.69,0.02
2009,18.15,7.89,0
2009,18,7.5,0
2009,17.77,9.21,0.05
2009,17.63,9.36,0.04
2009,17.39,8.92,0.03
2009,16.52,8.94,0.02
2009,17.92,8.03,0.02
2009,16.79,8.08,0.57
2009,16.23,8.22,0.14
2009,15.77,8.39,0.94
2009,15.69,8.34,0.27
2009,16.86,8.71,0.01
2009,16.48,8.96,0
2009,16.2,8.97,0.02
2009,15.23,8.95,0
2009,16.4,9.11,0
2009,15.95,9.26,0
2009,16.59,9.13,0
2009,17.23,9.06,0
2009,16.9,8.92,0.01
2009,18.85,9.61,0
2009,19.38,9.85,0
2009,21.11,9.32,0
2009,21.48,9.17,0
2009,17.98,9.47,0.01
2009,17.89,7.86,0
2009,18.85,7.51,0
2009,18.67,7.99,0
2009,18.48,8.32,0
2009,19.41,8.05,0
2009,21.34,7.43,0
2009,23.96,7.36,0
2009,25.31,8,0
2009,23.88,8.03,0
2009,22.38,6.66,0
2009,22.24,7.88,0
2009,22.52,7.88,0
2009,22.41,7.83,0
2009,22.36,7.18,0
2009,21.32,7.29,0
2009,21.69,7.47,0
2009,20.32,8.73,0
2009,20.11,8.95,0
2009,21.32,7.64,0
2009,22.82,6.72,0
2009,25.14,7.03,0
2009,25.16,8.46,0
2009,25,8.37,0
2009,24.39,8.03,0
2009,25.08,7.52,0
2009,25.67,8.02,0
2009,25.8,8.81,0
2009,27.56,8.97,0.01
2009,27.98,9.93,0.01
2009,27.55,8.53,0.02
2009,27,8.83,0
2009,26.05,9.47,0
2009,24.73,9.79,0
2009,23.17,9.62,0
2009,24.24,8.87,0.01
2009,25.32,9.13,0
2009,24.83,9.13,0
2009,23.66,10.25,0
2009,21.64,10.83,0
2009,21.75,10.27,0
2009,22.62,10.4,0
2009,21.75,10.07,0
2009,22.56,8.76,0
2009,25.32,6.56,0
2009,26.28,6.68,0
2009,25.47,8.59,0
2009,21.32,8.52,0
2009,20.31,8.94,0
2009,21.1,8.13,0
2009,22.13,8.07,0.03
2009,22.03,8.38,0
2009,22.8,8.01,0
2009,22.94,7.26,0
2009,23,7.84,0
2009,20.86,10.12,0
2009,20.07,9.28,0
2009,20.26,8.53,0
2009,20.8,7.66,0
2009,20.63,7.18,0
2009,20.11,7.85,0
2009,21.47,7,0
2009,22.66,7.35,0.02
2009,24.62,8,0.15
2009,23.19,10.97,0.02
2009,23.67,8.31,0
2009,25.56,5.62,0
2009,27,5.18,0
2009,28.52,5.3,0
2009,28.51,6.63,0
2009,29.14,5.53,0
2009,28.9,6.27,0.01
2009,27.54,7.72,0
2009,26.97,8.98,0.02
2009,27,9.8,0.04
2009,27.53,9.38,0
2009,26.39,9.25,0
2009,23.94,8.74,0
2009,22.89,8.02,0
2009,21.95,9.24,0
2009,21.37,9.6,0
2009,22.59,8.47,0
2009,25.75,7.9,0
2009,25.42,9.15,0
2009,22.11,9.95,0
2009,19.2,9.68,0
2009,18.77,10,0
2009,20.51,9.34,0
2009,22.71,9.91,0
2009,24.93,9.49,0
2009,25.66,9.08,0
2009,24.04,9.8,0
2009,22.74,9.01,0
2009,24.05,8.2,0.02
2009,27.46,4.43,0
2009,28.29,4.34,0
2009,28.4,5.15,0
2009,28.2,6.59,0
2009,27.86,7.08,0
2009,25.45,8.54,0
2009,21.6,8.84,0
2009,18.05,8.9,0
2009,18.85,4.93,0
2009,22.2,3.39,0
2009,21.6,5.63,0
2009,18.07,8.21,0
2009,14.69,5.87,0
2009,14.21,6.14,0
2009,15.31,5.61,0
2009,15.53,7.59,0
2009,16.24,7.67,0
2009,16.3,7.57,0
2009,16.04,7.21,0
2009,14.93,7.64,0
2009,14.3,7.86,0.05
2009,15.81,9.92,10.82
2009,17.76,11.79,15.44
2009,21.03,9.13,0.18
2009,24.82,6.81,0.06
2009,24.51,6.84,0
2009,20.9,9.29,0
2009,16.93,9.32,0.01
2009,16.98,7.26,0
2009,19.1,5.56,0
2009,20.15,6.36,0
2009,21.58,6.18,0
2009,20.21,8.01,0
2009,20.79,5.72,0
2009,20.95,4.35,0
2009,16.12,5.66,0
2009,11.77,2.81,0
2009,12.88,3,0
2009,16.26,4.66,0
2009,18.49,5.21,0
2009,19.97,4.79,0
2009,20.6,4.95,0
2009,21.17,4.91,0
2009,18.41,6.57,0
2009,14.71,7.29,0
2009,14.27,7.13,0
2009,13.99,7.24,0
2009,14.82,5.97,0
2009,17.34,5.08,0
2009,19.55,5.19,0
2009,18.82,6.36,0
2009,15.86,8.35,0.28
2009,13.12,5.72,0.09
2009,11.85,4.69,0.16
2009,12.67,2.58,0
2009,14.36,2.56,0
2009,15.66,3.91,0
2009,13.58,5.76,0
2009,15.19,4.28,0
2009,14.27,5.33,0
2009,12.44,5.92,0.06
2009,12.99,4.87,0
2009,14.58,3.61,0
2009,14.93,2.44,0
2009,16,2.78,0
2009,16.85,3.09,0.02
2009,14.54,5.69,0.05
2009,10.28,5.37,2.35
2009,12.56,3.77,0
2009,14.43,3.16,0.18
2009,12.74,4.8,0
2009,11.78,6.28,0
2009,11.36,4.25,0
2009,11.99,2.86,0
2009,10.34,6.44,0
2009,9.38,5.36,0.2
2009,7.8,5.91,25.74
2009,4.95,2.9,0.31
2009,7.16,2.97,0.44
2009,9.19,3.79,2.85
2009,9.97,6.94,8.41
2009,12.46,9.21,26.75
2009,10.6,6.95,6.92
2009,9.97,5.6,0.74
2009,11.76,4.72,0
2009,13.39,4.06,0
2009,13.99,4.05,0
2009,15.06,4.72,0
2009,15.68,4.79,0
2009,14.72,5.35,0
2009,13,7.3,0.01
2009,8.75,4.86,1.2
2009,8.46,3.53,0
2009,10.18,3.48,0.01
2009,9.54,3.18,0
2009,8.99,4.17,0
2009,9.16,4.04,0
2009,10.76,3.87,0
2009,10.76,5.51,0.01
2009,8.74,6.38,1.7
2009,10.4,4.34,0
2010,11.93,3.51,0.04
2010,14.78,4.49,0
2010,13.69,3.75,0
2010,13.38,4.03,0
2010,13.9,4.03,0
2010,14.7,4.33,0
2010,14.84,4.91,0
2010,15.17,4.87,0
2010,14.67,4.12,0
2010,15.25,5.83,0
2010,15.91,4.81,0
2010,14.87,5.75,0
2010,11.35,7.01,2.27
2010,11.53,4.53,0
2010,13.06,3.94,0
2010,13.4,6.14,0
2010,11.42,7.15,5.49
2010,11.41,8.11,35.73
2010,8.86,6.8,19.49
2010,9.76,7.3,30.84
2010,8.71,6.7,30.92
2010,6.93,5.79,17.5
2010,7.4,5,0.3
2010,8.89,4.74,0
2010,10.94,5.51,0
2010,10.5,6.75,3.23
2010,10.57,5.84,0.72
2010,11.04,5.3,0.39
2010,11.31,6.24,0
2010,10.36,6.43,0
2010,10.21,5.67,0
2010,11.76,6.51,0
2010,11.61,6.95,0
2010,11.79,6.34,0
2010,11.17,7.47,0.05
2010,10.68,7.52,17.39
2010,11.19,7.9,36.27
2010,8.99,5.75,0.38
2010,9.19,5.71,0.02
2010,8.17,6.14,9.47
2010,9.02,5.46,0.9
2010,9.69,6.09,0
2010,11.14,6.18,0
2010,13.42,6.13,0
2010,14.8,5.84,0
2010,15.5,5.97,0
2010,15.84,6.19,0
2010,15.72,6.53,0
2010,13.21,7.53,0
2010,10.7,7.23,2.1
2010,10.68,6.79,2.1
2010,11.16,7.19,0.94
2010,10.01,5,0.91
2010,10.31,3.63,0.01
2010,11.26,6.34,0.6
2010,12.8,6.65,0.07
2010,13.08,6.55,0.2
2010,10.71,7.51,29.75
2010,11.31,6.21,0.08
2010,12.19,6.67,0.92
2010,11.48,7.17,0.06
2010,11.05,6.69,1.18
2010,9.61,5.27,1.08
2010,9.81,5.28,0
2010,9.7,6.82,5.79
2010,11.1,6.5,1.47
2010,10.98,6.86,0.3
2010,7.94,4.52,0.3
2010,7.73,4.59,0
2010,10.42,3.88,0
2010,11.83,5.2,0
2010,10.63,5.79,0.07
2010,11.01,4.05,0
2010,14.56,5.08,0
2010,17.22,5.87,0
2010,17.69,6.09,0
2010,15.78,7.19,0
2010,14.88,5.62,0
2010,15.91,6,0
2010,16.16,5.69,0
2010,14.73,5.95,0
2010,14.92,5.34,0
2010,14.27,6.4,0
2010,11.72,6.53,0
2010,12.46,5.63,0
2010,14.81,4.62,0
2010,16.71,4.42,0
2010,16.4,5.34,0
2010,12.71,7.38,0
2010,11.08,5.89,0.52
2010,10.19,5.31,1.06
2010,11.15,5.51,0.02
2010,11,6.22,0
2010,10.23,6.1,0.37
2010,11.26,6.59,9.19
2010,12.34,4.7,0
2010,15.8,4.52,0
2010,16.76,5.07,0
2010,14.42,6.77,0
2010,11.74,6.35,0.01
2010,11.87,6.84,7.65
2010,10.59,6.45,13.23
2010,11.39,5.67,0.03
2010,12.72,6.5,0
2010,13.96,6.67,0
2010,14.48,7.22,0
2010,15.64,6.67,0
2010,15.85,6.66,0.02
2010,15.2,7.31,0
2010,12.33,7.21,2.8
2010,9.15,5.52,2.74
2010,9.94,5.28,1.55
2010,12.37,6.49,0
2010,14.52,6.99,0
2010,15.74,7.21,0
2010,16.78,7.17,0
2010,14.49,7.25,0.29
2010,13.47,6.95,0.98
2010,11.52,4.7,0.08
2010,13.45,4.72,0
2010,14.56,5.62,0
2010,15.33,6.74,0
2010,17.12,6.02,0
2010,18.6,7.12,0
2010,16.44,7,0
2010,15.95,6.26,0
2010,17.88,5.75,0
2010,17.2,6.56,0
2010,13.51,7.11,0.03
2010,12.68,6.56,0.01
2010,12.78,5.12,0.01
2010,15.7,5.78,0
2010,17.2,6.54,0
2010,16.58,7.17,0
2010,17.45,7.4,0
2010,16.76,7.25,0.02
2010,13.15,7.4,0.32
2010,14.04,8.08,0.73
2010,18.06,8.2,0.01
2010,19.62,7.36,0
2010,16.81,5.93,0
2010,14.17,5.04,0
2010,12.01,5.12,0.28
2010,13.46,6.14,0.01
2010,14.12,6.68,0
2010,14.8,7.7,0
2010,14.29,7.77,0.45
2010,15.02,5.88,0
2010,19.23,5,0
2010,20.02,6.13,0
2010,17.62,7.96,0
2010,16.24,8.86,0
2010,18.62,9.3,0
2010,19.82,9.7,0
2010,21.32,10.38,0
2010,22.02,10.31,0
2010,21.21,10.45,0
2010,19.86,10.59,0
2010,18.81,10.07,0.01
2010,18.26,9.46,0.01
2010,17.64,7.17,0
2010,16.44,7.6,0
2010,17.17,7.97,0.03
2010,19.65,8.39,0
2010,22.2,7.89,0
2010,20.47,7.94,0
2010,17.87,7.79,0
2010,18.16,7.1,0
2010,17.14,7.6,0
2010,17.66,7.31,0
2010,17.77,7.4,0
2010,16.46,7.78,0
2010,18.56,8.57,0
2010,19.54,7.54,0
2010,19.91,7.2,0
2010,19.13,8.01,0.01
2010,18.48,9.26,0
2010,20.71,9.75,0
2010,19.66,9.9,0
2010,18.89,9.36,0.03
2010,20.83,9.44,0.02
2010,21.38,7.41,0
2010,20.23,8.16,0
2010,18.63,8.95,0
2010,18.39,8.86,0
2010,18.62,9.35,0.02
2010,17.44,8.89,0.1
2010,17.48,8.59,0.04
2010,17.44,8.84,0.01
2010,19.52,8.45,0
2010,20.12,8.86,0.02
2010,19.83,9.37,0
2010,20.16,8.01,0
2010,24.35,9.09,0
2010,26.7,9.37,0
2010,27.58,9.57,0.34
2010,27.74,9.48,0.05
2010,27.31,9.67,0.01
2010,25.21,9.6,0
2010,22.92,10.06,0
2010,20.71,9.41,0
2010,19.5,8.96,0.02
2010,20.05,8.42,0
2010,21.78,7.19,0
2010,21.83,7.9,0
2010,20.11,8.68,0
2010,18.39,8.05,0
2010,17.8,7.89,0
2010,18.58,8.56,0
2010,19.58,7.52,0
2010,20.5,6.41,0
2010,19.57,7.85,0
2010,21.64,6.67,0
2010,22.76,6.24,0
2010,23.27,6.45,0
2010,21.04,7.08,0
2010,20.5,6.81,0
2010,19.37,7.02,0
2010,18.2,7.35,0
2010,18.04,7.9,0
2010,19.53,7.14,0
2010,19.33,6.81,0
2010,19.03,7.32,0
2010,19.91,7.23,0
2010,20.84,7.35,0
2010,20.89,7.33,0
2010,22.4,7.22,0
2010,24.86,8.06,0
2010,26.37,8.39,0.02
2010,26.86,10.41,0
2010,25.15,9.39,0
2010,24.79,6.78,0
2010,25.06,7.44,0
2010,24.92,7.93,0
2010,27.14,5.5,0
2010,28.38,7.21,0
2010,29.57,8.42,0.13
2010,28.88,8.82,0.12
2010,23.71,7.81,0
2010,17.29,8.09,0
2010,16.86,8.14,0
2010,17.83,8.04,0
2010,20.98,7.06,0
2010,23.16,6.92,0
2010,25.04,6.75,0
2010,26.46,6.11,0
2010,27.85,5.65,0
2010,23.82,7,0
2010,20.55,8.59,0
2010,18.29,9.52,0
2010,16.95,8.95,0.01
2010,17.71,8.1,0
2010,18.65,7.52,0
2010,20.22,7.14,0
2010,21.32,6.5,0
2010,22.07,7.09,0
2010,21.25,7.02,0
2010,20.83,6.38,0
2010,20.93,6.48,0
2010,20.21,6.84,0
2010,20.98,7.42,0
2010,21.43,7.24,0
2010,20.34,7.44,0
2010,17.27,8.39,0
2010,16.75,7.8,0
2010,19.71,6.97,0
2010,24.98,5.67,0
2010,27.57,4.42,0
2010,29.01,4.62,0
2010,32,5.7,0
2010,26.29,7.45,0
2010,25.05,9.09,0.39
2010,25.73,9.09,0.63
2010,25.23,9.91,0.52
2010,23.17,10.97,0.63
2010,20.99,10.33,0.04
2010,16.01,9.46,1.11
2010,14.54,7.68,0.45
2010,14.66,8.3,9.63
2010,16.02,7.43,0.08
2010,17.99,7.12,0
2010,21.53,6.59,0
2010,23.93,6.45,0
2010,22.18,8.26,0
2010,21.96,8.87,0
2010,23.24,6.72,0
2010,21.63,8.33,0.01
2010,19.52,8.88,0
2010,17.12,9.49,0.07
2010,15.97,9.19,0.72
2010,16.12,9.3,1.84
2010,17.05,9.97,13.41
2010,15.94,9.47,2.1
2010,15.03,9.59,0.78
2010,14.77,8.73,0.22
2010,15.07,8.79,0.42
2010,15.85,8.91,1.04
2010,16.52,7.45,2.02
2010,14.86,4.68,0
2010,16.54,3.47,0
2010,17.74,4.54,0
2010,16.77,6.66,0.01
2010,13.95,8.02,6.24
2010,14.31,6.56,0
2010,19.1,5.34,0.01
2010,21.83,5.62,0
2010,23.61,5.88,0
2010,24.16,5.81,0
2010,21.64,6.11,0
2010,15.98,8.34,0
2010,14.5,8.34,0.36
2010,13.37,6.17,2.83
2010,12.39,4.48,0
2010,12.08,5.26,0.01
2010,12.83,3.74,0
2010,14.19,3.39,0
2010,15.9,3.58,0.01
2010,16.84,4.72,0
2010,16.81,6.44,0
2010,15.41,6.71,0
2010,15.31,5.01,0
2010,16.46,6.01,0
2010,11.63,7.48,0.74
2010,11.35,7.76,12.88
2010,9.33,5.52,7.37
2010,8.7,4.61,0.02
2010,9.46,5.87,0.81
2010,8.27,3.83,0.06
2010,7.16,2.08,0.01
2010,9.14,2.26,0
2010,10.11,4.3,1.69
2010,7,4.17,0.05
2010,6.76,2.48,0
2010,8.72,2.25,0
2010,12.56,2.65,0
2010,14.54,3.98,0
2010,13.85,5.44,0
2010,12.01,5.88,0
2010,12.83,6.44,11.66
2010,12.39,6.16,0.17
2010,13.64,4.29,0.04
2010,14.32,4.35,0
2010,14.3,6.41,0
2010,14.73,7.41,0
2010,16.39,6.34,0.01
2010,18.48,5.44,0
2010,17.87,5.28,0
2010,13.1,5.97,0.01
2010,10.84,7.23,0.83
2010,10.88,6.57,0.45
2010,10.8,7.81,14.48
2010,12.43,8.77,20
2010,13.32,9.63,57.42
2010,11.54,8.2,48.4
2010,10.79,7.61,22.6
2010,11.44,8.29,56.47
2010,10.49,6.52,0.19
2010,11.15,6.31,0
2010,10.74,6.77,12.31
2010,9.69,5.98,0.63
2010,9.86,5.08,0
2010,10.72,5.44,0
2010,8.33,6.45,15.98
2010,4.37,3.5,0
2010,4.84,3.42,0.01
2011,6.38,3.28,0
2011,6.58,4.89,10.23
2011,7.5,5.62,4.76
2011,7.99,4.67,0.07
2011,8.75,4.42,0
2011,10.16,4.4,0
2011,10.19,5.21,0
2011,7.99,5.34,0
2011,7.49,5.6,0
2011,6.76,3.87,0
2011,7.93,3.93,0
2011,10.69,4.69,0
2011,12.39,5.36,0
2011,13.76,6.19,0
2011,14.57,6.03,0
2011,16.02,6.73,0
2011,17.71,7.97,0
2011,16.97,6.52,0
2011,13.58,6.4,0
2011,11.76,4.54,0
2011,12.02,4.57,0
2011,13.34,5.64,0
2011,12.01,4.51,0
2011,12.49,4.59,0
2011,13.45,5.31,0
2011,12.8,5.12,0
2011,12.45,4.75,0
2011,12.97,4.69,0
2011,11.29,5.74,0
2011,9.19,6.66,3.42
2011,9.69,5.54,0.01
2011,8.89,4.66,0.01
2011,6.81,2.62,0
2011,8.26,3.19,0
2011,10.4,4.69,0
2011,12.71,5.98,0
2011,14.38,6.13,0
2011,14.95,6.47,0
2011,10.5,5.47,0
2011,9.81,3.59,0
2011,9.79,3.56,0
2011,11.61,4.07,0
2011,14.41,4.21,0
2011,13.8,4.8,0
2011,10.44,6.24,0
2011,11.38,7.78,3.01
2011,10.33,7.2,7.32
2011,7.72,4.83,0
2011,9.64,6.45,17.3
2011,7.95,5.52,10.88
2011,7.31,4.78,0.65
2011,8.25,5.12,0.01
2011,9.07,5.11,0
2011,8.72,5.53,0
2011,8.84,5.62,0
2011,9.05,6.25,16.67
2011,5.89,4.53,14.5
2011,5.98,3.49,0
2011,8.75,4.18,0
2011,10.14,4.61,0
2011,10.75,6.26,1.89
2011,12.21,7.16,0.59
2011,12.91,5.79,0
2011,15.06,5.27,0
2011,12.83,7.26,0.34
2011,11.59,6.26,0.96
2011,12.13,5.27,0
2011,16.67,5.33,0
2011,17.21,5.76,0
2011,13.16,6.89,0
2011,11.64,6.7,0
2011,12.6,6.59,0
2011,14.9,7.18,0
2011,16.04,7.93,0
2011,14.62,8.25,0
2011,13.23,5.22,0
2011,10.91,5.01,0.17
2011,9.95,6.5,3.06
2011,9.71,7.07,60.25
2011,7.96,5.76,6.02
2011,8.8,5.48,0.11
2011,9.16,6,9.14
2011,9.18,5.87,2.3
2011,10.4,6.52,7.79
2011,9.66,6.4,0.57
2011,11.72,7.27,1.47
2011,12.65,6.96,0
2011,14.54,6.97,0
2011,18.32,7.84,0
2011,21.48,7.83,0
2011,20.6,8.14,0
2011,14.44,8.63,0
2011,13.33,7.27,0
2011,16.43,6.14,0
2011,15.62,7.1,0
2011,13.61,8.08,0.01
2011,10.56,6.81,0.81
2011,6.94,4.48,0.76
2011,8.59,4.67,0.07
2011,11.47,5.74,0
2011,13.91,6.52,0
2011,13.58,7.56,0
2011,12.16,6.37,0
2011,14.22,5.24,0
2011,18.29,6.26,0
2011,20.37,8.35,0
2011,18.17,9.12,0
2011,14.89,9.04,0.03
2011,14.84,8.62,0.01
2011,14.68,8.49,0.11
2011,14.21,8.03,0.01
2011,14.12,7.28,0
2011,13.66,7.6,0.09
2011,13.19,8.11,0.28
2011,15.66,7.73,0.02
2011,15.95,5.9,0
2011,18.58,6.36,0
2011,18.32,7.36,0
2011,15.41,5.49,0
2011,15.52,3.74,0
2011,16.98,4.05,0
2011,19.34,4.4,0
2011,21.28,5.33,0
2011,22.34,6.4,0
2011,20.79,7.32,0
2011,17.65,7.67,0
2011,14.61,7.9,0.01
2011,12.37,7.62,0.26
2011,12.53,6.29,0.32
2011,13.8,6.27,0.01
2011,15.13,7.17,0
2011,18.01,7.51,0
2011,16.93,7.33,0
2011,14.17,7.48,0.13
2011,11.56,5.82,1.83
2011,11.22,5.31,0.06
2011,11.89,7.07,6.95
2011,13.6,6.67,3.06
2011,14.33,6.44,0
2011,15.72,7.73,0
2011,16.07,8.02,0
2011,15.38,8.28,0
2011,14.15,6.86,0
2011,14.87,6.89,0
2011,15.99,7.09,0.02
2011,16.54,6.91,0
2011,18.34,7.75,0
2011,16.29,7.72,0.01
2011,14.42,5.64,0.34
2011,16.13,5.31,0
2011,16.21,5.43,0
2011,14.47,6.41,0
2011,16.38,5.57,0
2011,16.06,5.56,0
2011,14.55,7.12,0.01
2011,15.4,7.8,0.33
2011,15.05,7.66,0.26
2011,16.29,8.02,0
2011,16.4,8.82,0
2011,16.7,8.42,0
2011,16.95,8.6,0
2011,16.02,8.23,0
2011,16.35,8.27,0
2011,17.82,8.64,0.01
2011,20.51,8.4,0
2011,19.36,9,0.02
2011,17.14,9.42,0.04
2011,16.84,8.86,0.1
2011,16.9,8.72,0
2011,17.53,8.96,0
2011,21.27,8.24,0
2011,23.01,8.71,0
2011,21.93,8.37,0
2011,20.7,7.68,0
2011,19.36,7.94,0
2011,19.47,7.16,0
2011,21.48,7.39,0
2011,22.49,7.55,0
2011,20.27,7.74,0
2011,18.25,8.43,0
2011,21.19,7.75,0
2011,24.1,8.51,0
2011,25.21,8.59,0
2011,24.48,8.37,0
2011,25.02,10.5,0.43
2011,25.44,11.2,0.2
2011,25.65,11,0.17
2011,25.46,10.3,0.11
2011,23.81,11.6,0
2011,22.9,11.59,0
2011,21.74,8.76,0
2011,19.41,9.34,0
2011,18.71,9.21,0
2011,18.29,9.39,0
2011,18.47,9.44,0
2011,18.52,8.71,0
2011,19.14,8.95,0
2011,21.36,7.87,0
2011,23.09,7.11,0
2011,23.99,7.1,0
2011,22.64,7.56,0
2011,20.62,7.46,0
2011,19.75,7.63,0
2011,20.64,7.4,0
2011,22.98,7.34,0
2011,24.23,7.29,0
2011,23.3,7.77,0
2011,20.79,10.14,0
2011,21.39,9.6,0
2011,20.43,10.12,0
2011,21.09,10.93,0.46
2011,23.57,10.12,1.66
2011,25.56,8.4,0.12
2011,25.89,7.49,0
2011,25.08,6.47,0.01
2011,23.12,6.41,0
2011,21.48,7.29,0
2011,20.72,7.5,0
2011,21.89,7.03,0
2011,21.23,7.36,0
2011,20.41,7.75,0
2011,18.61,8.42,0
2011,18.88,8.85,0
2011,19.05,8.47,0
2011,20.18,8.41,0
2011,22.14,8.8,0
2011,23.01,7.57,0
2011,23.21,6.93,0
2011,24.57,6.49,0
2011,23.84,7.76,0
2011,21.33,8.57,0
2011,19.23,8.67,0
2011,19.71,7.43,0
2011,22.46,6.86,0
2011,25.74,7.1,0
2011,25.98,8.76,0
2011,27.21,8.25,0
2011,28.9,7.28,0.01
2011,29.6,8.43,0.01
2011,28.05,9.07,0.03
2011,26.03,8.22,0
2011,22.43,7.7,0
2011,20.69,6.74,0
2011,21.56,6.06,0
2011,23.03,5.72,0
2011,23.54,5.8,0
2011,24.45,7.14,0.02
2011,25.73,8.42,0.34
2011,29.06,8.42,0
2011,29.9,8.08,0
2011,26.77,7.12,0
2011,22.91,8.21,0
2011,20.05,9.36,0.6
2011,19.56,8.19,0.07
2011,21.27,7.45,0
2011,22.48,8.41,0.76
2011,21.08,8.51,0.52
2011,20.15,8.11,0
2011,18.27,9.01,0
2011,18.51,8.88,0
2011,21.71,7.72,0
2011,23.19,7.16,0
2011,22.01,7.96,0
2011,21.84,7.69,0
2011,24.2,7.34,0
2011,23.56,8.39,0.04
2011,19.34,9.26,0.01
2011,18.53,9.39,0
2011,19.68,8.91,0
2011,23.33,8.14,0
2011,22.57,8.7,0
2011,21.34,7.57,0
2011,21.96,7.82,0.01
2011,24.23,7.3,0.42
2011,23.04,7.78,0
2011,19.78,7.99,0
2011,15.63,8.37,0.63
2011,14,8.77,21.01
2011,13.64,6.36,0.04
2011,14.87,5.74,0
2011,17.79,5.45,0
2011,19.58,5.65,0.12
2011,18.79,6.5,0
2011,21.87,7.96,0
2011,25.3,6.36,0
2011,25.44,5.43,0
2011,22.38,7.45,0
2011,19.36,7.6,0.1
2011,20.23,7.77,0.22
2011,20.88,8.08,0
2011,20.77,7.49,0
2011,18.34,8.01,0
2011,16.52,7.57,0
2011,17.68,7.81,0
2011,21.17,5.87,0
2011,20.3,6.03,0
2011,15.89,7.28,0.01
2011,14.04,8.65,0.21
2011,15.42,6.35,0.01
2011,15.9,3.22,0
2011,17.26,3.34,0
2011,19.37,3.74,0
2011,20.6,4.03,0
2011,19.92,4.5,0
2011,17.71,5.13,0
2011,17.91,2.16,0.02
2011,14.7,5.6,0.06
2011,10.88,6.41,6.17
2011,9.74,3.9,0
2011,9.09,5.86,6.37
2011,10.03,4.52,0
2011,11.27,3.82,0.01
2011,13.6,3.12,0
2011,15.91,3.86,0
2011,14.5,5.78,1.12
2011,12.34,7.37,12.95
2011,14.87,6.94,0.04
2011,13.37,7.22,0
2011,12.97,6.86,0
2011,14.14,6.44,0
2011,15.18,5.34,0
2011,12.19,6.72,0.01
2011,11.31,6.15,0.03
2011,10.42,7.18,16.71
2011,10.52,5.62,0.51
2011,12.52,4.57,0.02
2011,12.87,6.13,0
2011,11.54,6.52,0.02
2011,12.18,5.48,0
2011,16.47,3.87,0
2011,17.57,3.57,0
2011,17.02,3.9,0
2011,17.23,3.93,0
2011,14.23,4.58,0
2011,10.83,3.25,0
2011,10.44,4.27,0
2011,8.44,3.14,0
2011,8.26,2.7,0
2011,8.28,2.38,0
2011,8.05,2.26,0
2011,10.18,2.99,0
2011,11.35,3.6,0
2011,12.32,3.6,0
2011,12.85,3.75,0
2011,9.62,5.86,0.07
2011,8.06,6.11,10.67
2011,9.18,5.61,3.11
2011,9.25,5.33,0
2011,8.79,4.83,1.5
2011,10.2,3.46,0
2011,11.38,4.15,0.21
2011,10.34,5.73,0.08
2011,9.83,5.97,0.02
2011,10.13,4.17,0
2011,10.07,4.3,0
2011,8.25,2.53,0
2011,9.68,2.47,0
2011,11.78,2.65,0
2011,12.01,3.01,0
2011,13.23,3.54,0
2011,12.52,3.41,0
2011,14.19,3.37,0
2011,15.49,4.26,0
2011,15.07,5.4,0.01
2011,15.41,4.26,0
2012,16.68,3.44,0
2012,16.85,3.57,0
2012,18.18,4.19,0
2012,18.29,3.94,0
2012,18.18,4.18,0
2012,15.61,4.8,0
2012,12.08,4.47,0
2012,12.74,3.1,0
2012,14.09,3.93,0
2012,13.71,4.58,0
2012,13.59,4.48,0
2012,13.72,2.99,0
2012,13.1,2.36,0
2012,12.39,3.81,0
2012,11.81,5.86,0.34
2012,9.09,5.23,0.71
2012,7.23,2.75,0
2012,10.12,2.81,0
2012,10.6,3.17,0
2012,11.06,5.93,0.24
2012,10.5,6.46,10.89
2012,8.98,4.83,0
2012,8.98,6.83,10.9
2012,11.42,4.55,0.01
2012,15.99,4.58,0.03
2012,17.07,5.59,0
2012,14.84,4.74,0
2012,13.8,2.39,0
2012,14.43,2.71,0
2012,12.98,4.26,0
2012,12.05,5.6,0
2012,12.78,6.02,0
2012,11.64,4.15,0
2012,11.78,2.96,0
2012,12.48,3.52,0
2012,12.88,3.68,0
2012,13.46,4.4,0
2012,11.88,5.1,1.22
2012,14.11,4.51,0.01
2012,16.31,4.91,0.01
2012,14.53,6.24,0
2012,10.85,7.12,0.47
2012,10.74,6.38,0.05
2012,9.44,6.07,1.05
2012,9,4.65,0.08
2012,7.85,5.14,4.92
2012,10.41,3.76,0.02
2012,12.33,3.57,0.11
2012,10.55,4.36,0.01
2012,9.33,5.01,0
2012,9.19,4.69,0
2012,13.05,3.85,0
2012,16.61,4.99,0
2012,16.21,5.34,0
2012,15.92,4.35,0
2012,12.6,4.97,0
2012,10.81,4.36,0
2012,8.07,5.72,5.23
2012,7.67,4.32,0.13
2012,9.14,5.59,0.15
2012,10.28,5.12,0
2012,11.42,2.83,0
2012,14.39,2.94,0
2012,18.31,3.76,0
2012,18.1,4.73,0
2012,10.79,5.67,0.07
2012,8.42,2.45,0
2012,12.84,2.88,0
2012,16.38,3.18,0
2012,14.44,4.54,0
2012,11.17,6.11,0
2012,10.62,5.98,0
2012,11.13,6.16,0
2012,12.09,6.62,0
2012,12.93,7.01,0
2012,12.15,7.55,0.39
2012,9.52,6.69,24.88
2012,6.95,4.44,2.67
2012,8.6,3.74,0.01
2012,12.14,4.11,0
2012,15.77,5.11,0
2012,15.02,6.22,0
2012,12.54,6.76,0
2012,11.52,6.38,0
2012,10.27,6.89,24.9
2012,10.84,5.88,1.24
2012,11.53,5.47,0
2012,12.14,6.74,0.01
2012,14.04,7.01,0
2012,13.73,6.71,0
2012,11.77,7.11,2.88
2012,11.49,4.82,0.07
2012,14.87,4.03,0
2012,16,4.94,0
2012,14.92,6.09,0
2012,12.54,4.3,0
2012,12.88,3.24,0
2012,16.79,2.97,0
2012,16.82,3.81,0
2012,15.65,4.78,0
2012,12.66,6.27,1.19
2012,11.27,6.95,11.41
2012,11.39,6.43,0.72
2012,9.7,6.58,19.31
2012,10.14,5.1,0.55
2012,12.76,5.73,0
2012,16.54,5.5,0
2012,18.7,6.04,0
2012,18.44,6.79,0
2012,18.35,7.58,0
2012,21.12,7.72,0
2012,20.38,7.24,0
2012,17.29,7.21,0.03
2012,14.22,7.65,0.18
2012,15.55,7.52,0.02
2012,18.03,7.81,5.45
2012,14.28,8.69,3.25
2012,15.78,5.87,0
2012,18.24,6.13,0
2012,17.74,7.18,0
2012,16.76,8.01,0.04
2012,14.4,8.63,0.44
2012,14.97,8.18,0.18
2012,14.72,7.81,0.04
2012,15.99,7.43,0.09
2012,16.83,5.56,0
2012,16.79,5.52,0
2012,18.35,5.81,0
2012,21.75,5.37,0
2012,21.56,6.35,0
2012,17.32,7.35,0
2012,16.26,7.61,0
2012,17.14,7.38,0
2012,17.66,7.11,0
2012,17.95,6.39,0
2012,18.65,6.68,0
2012,21.04,7.87,0
2012,18.93,7.73,0
2012,16.62,7.02,0
2012,18.11,7.41,0.01
2012,21.5,6.67,0
2012,21.97,6.98,0
2012,21.29,7.29,0
2012,20.02,6.95,0
2012,17.29,7.32,0
2012,14.19,6.61,0.11
2012,13.5,6.2,0.05
2012,17.15,6.28,0
2012,19.61,5.86,0
2012,19.37,6.69,0
2012,18.95,7.66,0
2012,21.53,7.41,0
2012,20.88,8.34,0
2012,18.76,8.36,0
2012,18.26,8.5,0
2012,16.83,8.96,0
2012,17.56,5.71,0
2012,19.5,4.98,0
2012,20.58,6.19,0
2012,19.48,8.1,0
2012,17.65,6.5,0
2012,18.13,5.19,0
2012,19.2,6.22,0
2012,19.62,6.74,0.01
2012,18.5,7.25,0
2012,17.41,8.07,0
2012,18.09,9.12,0
2012,21.37,8.73,0
2012,22.75,7.24,0
2012,19.9,7.67,0
2012,18.51,7.74,0
2012,19.8,7.68,0
2012,18.28,7.7,0
2012,18.7,7.57,0
2012,18.56,7.76,0.01
2012,19.57,6.67,0.03
2012,18.63,5.92,0
2012,20.63,5.92,0
2012,21.75,5.98,0
2012,22.19,5.99,0
2012,21.85,6.5,0
2012,21.47,7.78,0
2012,20.77,9.38,0
2012,20.24,8.69,0
2012,19.41,7.67,0
2012,18.78,7.48,0
2012,18.66,7.82,0
2012,19.99,6.76,0
2012,21.72,5.89,0
2012,23.4,5.61,0
2012,25.71,6.23,0
2012,26.08,7.5,0
2012,25.77,8.4,0
2012,25.53,10.55,0.9
2012,24.62,11.11,1.06
2012,23.07,7.51,0
2012,20.37,6.98,0
2012,18.15,7.73,0
2012,18.45,8.53,0
2012,22.02,7.24,0
2012,26.34,7.34,0
2012,25.03,8.54,0.01
2012,25.26,8.23,0
2012,24.02,9.26,0
2012,22.38,7.64,0
2012,21.01,6.53,0
2012,20.41,6.89,0
2012,20.01,6.16,0
2012,19.53,6.1,0.01
2012,21.38,6.01,0
2012,22.74,6.14,0
2012,23.44,7.69,0
2012,23.08,7.87,0
2012,23.6,7.82,0.01
2012,23.71,7.56,0
2012,21.4,8.7,0.07
2012,21.64,9.23,0.05
2012,23.92,8.04,0.04
2012,27.35,7.98,0
2012,28.23,8.38,0
2012,28.18,9.39,0
2012,29.11,8.82,0
2012,29.42,9.5,0.59
2012,28.88,10.02,0.18
2012,29.38,9.72,0.37
2012,28.66,9.47,0.08
2012,27.35,9.26,0.11
2012,25.8,8.95,0
2012,28.02,7.99,0.01
2012,28.86,8.9,0.22
2012,27.2,10.81,0.01
2012,26.46,9.72,0
2012,25.94,9.95,0
2012,24.04,11.12,0.01
2012,23.38,11.82,0.08
2012,22.89,10.64,0
2012,21.9,8.88,0
2012,20.85,8.22,0
2012,21.05,6.74,0
2012,25.47,5.98,0
2012,28.32,6.52,0
2012,27.61,8.76,0.15
2012,26.63,9.59,0.34
2012,25.01,8.32,0.78
2012,23.6,5.75,0
2012,24.58,5.31,0
2012,25.14,6.29,0
2012,26.39,7.35,0
2012,25.29,9.34,0.1
2012,24.47,10.02,0.03
2012,24.49,10.4,0
2012,25.75,9.73,0.05
2012,26.48,11.06,0.52
2012,25.38,13.06,0.11
2012,22.93,13.28,0.02
2012,23.68,10.85,0.01
2012,26.07,7.7,0
2012,30.14,6.28,0
2012,29.32,6.42,0
2012,24.6,8.98,0
2012,22.6,8.33,0
2012,23.63,6.73,0
2012,24.74,7.4,0
2012,26.08,6.91,0
2012,25.61,8.33,0
2012,25.26,8.61,0
2012,27.36,6.96,0
2012,23.13,7.93,0
2012,20.41,8.13,0
2012,20.83,8.16,0
2012,22.59,8.47,0
2012,23.57,7.94,0
2012,25.16,7.24,0
2012,27.23,6.12,0
2012,29.19,5.41,0
2012,27.71,6.03,0
2012,23.1,8.21,0
2012,19.31,8.56,0
2012,19.88,8.81,0
2012,20.27,8.41,0
2012,20.35,9.4,0
2012,18.99,8.49,0
2012,17.85,8.65,0
2012,16.74,8.74,0.08
2012,15,7.91,4.18
2012,15.4,7.82,0.09
2012,18.2,7.48,0
2012,23.01,6.34,0
2012,24.03,5.92,0.01
2012,24.02,6.07,0.01
2012,25.73,5.98,0
2012,22.11,10.06,0
2012,20.61,11.15,0
2012,18.25,10.54,0.29
2012,17.46,9.74,0.41
2012,15.7,7.93,0.21
2012,15.36,7.07,0.14
2012,15.53,5.19,0
2012,18.21,4.89,0
2012,19.75,3,0
2012,21.1,3.33,0
2012,21.2,4.19,0
2012,20.76,4.72,0
2012,19.6,4.58,0
2012,17.15,6.03,0
2012,14.65,6.3,0
2012,15.55,7.24,0
2012,18.06,5.49,0
2012,21.28,3.55,0
2012,23.1,4.28,0
2012,20.76,6.78,0
2012,17.18,6.6,0.02
2012,14,7.92,2.79
2012,11.37,5.63,0.52
2012,9.45,3.79,0.06
2012,10.07,3.07,0.01
2012,12.64,2.36,0.04
2012,16.69,2.66,0
2012,16.84,4.12,0
2012,15.5,5.73,0.47
2012,15.02,8.45,0.73
2012,14.59,9.41,5.5
2012,14.32,8.58,0.42
2012,14.12,7.41,0
2012,14.9,6.01,0
2012,14.8,6.92,0
2012,15.11,7.03,0
2012,17.62,4.76,0
2012,19.28,4.56,0
2012,16.93,5.7,0
2012,14.28,6.03,0
2012,14.69,6.15,0
2012,13.13,7.68,1.47
2012,14.24,9.76,6.26
2012,14.8,10.29,7.94
2012,14.07,9.49,1.24
2012,14.34,9.84,4.21
2012,14.92,9.31,3.84
2012,15.21,6.93,0
2012,15.73,7.03,0
2012,14.85,8.1,0.04
2012,15.05,5.8,0.03
2012,13.91,4.71,0
2012,13.13,4.39,0
2012,14.54,4.34,0
2012,13.86,5.74,0
2012,11.9,7.85,4.55
2012,10.5,6.18,6.79
2012,7.89,4.66,1.87
2012,8.63,4.63,0.3
2012,9.74,6.46,1.83
2012,11.82,7.71,2.06
2012,10.4,6.02,6.8
2012,6.98,2.74,0
2012,9.12,2.6,0
2012,10.01,3.48,0.01
2012,10.28,5.75,0.29
2012,10.15,7.04,0.94
2012,11.25,6.57,11.07
2012,9.86,3.69,0.01
2012,9.21,5.68,4.56
2012,7.6,4.55,0.07
2012,8.65,3.97,0
2012,7.18,4.95,3.55
2012,6.41,4.31,1.2
2012,7.25,3.56,0
2013,7.94,2.74,0
2013,8.76,2.95,0
2013,9.78,2.69,0
2013,9.27,2.97,0
2013,10.15,3.53,0
2013,8.11,5.57,2.1
2013,9.14,3.88,0
2013,12.97,4.77,0.09
2013,12.9,5.79,0
2013,8.42,4.72,1
2013,4.33,3.22,0.02
2013,4.89,2.51,0
2013,4.86,2.18,0
2013,4.01,1.68,0
2013,6.82,2.52,0
2013,10.23,3.3,0
2013,12.42,2.91,0
2013,13.14,3.08,0
2013,13.16,2.98,0
2013,13.38,3.1,0
2013,13.87,2.97,0
2013,15.01,3.52,0
2013,15.27,5.42,1.82
2013,13.42,8.59,12.17
2013,13.97,8.82,9.58
2013,13.64,8.79,3.12
2013,10.57,6.1,1.05
2013,7.04,3.86,0
2013,8.46,4.6,0.07
2013,11.86,4.93,0
2013,14.1,4.77,0
2013,15.01,4.63,0
2013,16.7,5.3,0.26
2013,15.96,5.83,0.01
2013,14.12,5.29,0
2013,11.14,5.69,0
2013,10.65,5.47,0
2013,9.94,5.8,0.05
2013,6.71,5.15,4.63
2013,6.71,4.36,0.01
2013,7.94,4.76,0.01
2013,8.89,3.82,0.03
2013,9.48,3.12,0
2013,11.64,3.95,0
2013,13.47,4.51,0
2013,15.14,3.87,0
2013,15.93,3.67,0
2013,12.83,5.02,0
2013,10.13,5.68,0
2013,8.17,5.45,5.54
2013,7.06,4.02,0.61
2013,7.72,3.88,0
2013,9.66,3.89,0
2013,10.75,4.64,0.12
2013,9.9,2.58,0
2013,10.64,3.17,0
2013,11.37,3.43,0
2013,12.81,2.81,0
2013,14.67,3.18,0
2013,17.44,3.73,0
2013,17.84,4.47,0
2013,13.71,6.64,0
2013,12.63,6.65,0.02
2013,11.47,6.44,0.13
2013,10.48,5.99,0.11
2013,10,6.5,4.18
2013,8.36,5.7,12.26
2013,10.2,5.14,0.03
2013,13.07,3.7,0
2013,15.23,4.03,0
2013,17.71,4.49,0
2013,20.53,5.03,0
2013,20.22,5.29,0
2013,18.43,5.76,0
2013,15.16,6.52,0
2013,14.29,6.03,0
2013,13.45,6.03,0
2013,13.97,6.63,0
2013,15.3,6.98,0
2013,15.04,6.34,0
2013,14.26,5.37,0
2013,14.29,4.21,0
2013,15.87,4.89,0
2013,16.17,5.8,0
2013,14.74,6.08,0
2013,13.81,7.1,0
2013,15.28,7.11,0
2013,15.98,5.68,0
2013,15.09,5.59,0
2013,13.81,7.52,0.27
2013,13.36,7.58,0.5
2013,15.04,6.89,0
2013,16.28,6.39,0
2013,15.77,7.08,0
2013,15.34,7.85,0.44
2013,15.84,7.13,0
2013,16.29,6.88,0
2013,13.38,5.63,0.18
2013,14.38,3.77,0
2013,17.09,3.9,0
2013,15.93,6.51,0
2013,16.04,7,0
2013,13.63,7.34,0
2013,13.94,7.26,0.1
2013,12.59,6.65,0.11
2013,11.83,3.87,0.25
2013,13.41,3.32,0.01
2013,15.86,2.91,0
2013,18.45,3.52,0
2013,19.86,5.7,0
2013,19.39,5.95,0
2013,15.76,7.07,0
2013,16.21,6.33,0
2013,14.7,7.69,0.15
2013,15.13,7.65,0.01
2013,17.3,7.28,0
2013,19.39,6.4,0
2013,18.96,6.99,0
2013,17.39,7.23,0
2013,14.92,8.14,0.01
2013,18.84,5.59,0
2013,21.44,3.47,0
2013,22.94,3.4,0
2013,17.27,7.45,0
2013,13.44,8.06,1.76
2013,14.57,8.25,6.72
2013,15.05,7.38,1.33
2013,15.27,7.91,0.05
2013,16.36,8.58,0.5
2013,19.47,8.19,0.09
2013,22.58,7.56,0
2013,25.77,6.76,0
2013,26.54,6.68,0
2013,19.95,7.14,0
2013,17.5,8.1,0
2013,16.89,7.85,0
2013,17.27,8.26,0
2013,17.51,6.72,0
2013,19.25,6.67,0
2013,21.09,6.52,0
2013,20.05,8.11,0.36
2013,17.44,7.31,0.07
2013,15.97,6.04,0
2013,16.02,6.96,0
2013,15.88,7.02,0
2013,16.76,7.25,0
2013,18.34,7.29,0
2013,20.26,8.14,0
2013,21.87,7.64,0
2013,20.59,7.92,0
2013,21.27,7.2,0
2013,23.06,7.5,0
2013,19.56,9.3,0
2013,18.3,8.92,0
2013,17.88,8.78,0
2013,17.78,8.45,0
2013,17.98,8.41,0
2013,19.58,7.51,0
2013,19.34,7.33,0
2013,18.53,7.51,0
2013,17.9,7.83,0
2013,21.55,7.27,0
2013,18.74,8.59,0
2013,19.86,7.01,0
2013,18.85,7.16,0
2013,17.6,7.99,0
2013,19.62,7.75,0
2013,21.14,7,0
2013,20.65,7.24,0
2013,20.82,6.07,0
2013,21.07,5.86,0
2013,20.94,6.69,0
2013,20.22,7.49,0
2013,17.75,8.48,0
2013,18.77,10.36,0.05
2013,21.21,10.56,0.02
2013,24.47,9.47,0
2013,26.29,8.29,0
2013,26.88,8.91,0
2013,28.97,8.47,0
2013,28.95,9.1,0
2013,25.17,8.94,0
2013,24.81,7.53,0
2013,25.29,8.94,0
2013,23.88,8.65,0
2013,21.82,9.45,0
2013,21.72,8.77,0
2013,23.5,7.43,0
2013,26.38,7.29,0
2013,26.82,7.89,0
2013,25.08,8.48,0.02
2013,23.69,10.65,0.19
2013,23.55,9.79,0
2013,23.87,7.88,0
2013,24.64,7.97,0
2013,24.07,7.23,0
2013,22.42,5.77,0
2013,23.98,5.63,0
2013,24.18,7.16,0
2013,23.5,7.8,0
2013,21.55,10.09,0.15
2013,22.29,11.14,0.24
2013,22.87,12.15,0.49
2013,22.37,11.78,0.21
2013,23.02,10.23,0
2013,23.08,8.5,0.11
2013,23.69,10.36,0.26
2013,23.19,8.81,0
2013,20.05,7.16,0
2013,19.47,7.27,0
2013,19.78,7.74,0
2013,18.04,7.66,0
2013,19.75,8.34,0
2013,19.13,8.31,0
2013,19.85,7.78,0
2013,20.63,6.32,0.01
2013,21.47,5.82,0
2013,19.67,6.64,0.02
2013,19.93,7.05,0
2013,20.05,7.41,0
2013,19.3,6.88,0
2013,19.42,8.19,0
2013,20.57,8.18,0
2013,21.34,8.4,0
2013,22.25,7.88,0
2013,23.78,7.64,0
2013,24.34,8.02,0
2013,25.08,7.92,0
2013,25.3,7.71,0
2013,24.56,7.52,0.01
2013,24.06,8.28,0.16
2013,23.7,7.39,0.04
2013,25.34,7.5,0
2013,25.47,7.47,0
2013,24.56,7.21,0
2013,23.97,6.39,0
2013,24.75,7.26,0
2013,26.73,10.33,0.48
2013,26.03,10.66,0.11
2013,26.92,9.94,0.01
2013,28.9,8.36,0.06
2013,28.38,11.89,0.36
2013,26.91,12.8,0.02
2013,25.01,12.32,0
2013,25.42,10.96,0
2013,27.17,10.23,0.14
2013,28.26,9.92,0.05
2013,28.91,8.64,0.11
2013,29.29,7.86,0
2013,28.45,7.2,0.21
2013,26.29,6.72,0.03
2013,22.46,9.23,0
2013,20.48,7.88,0
2013,19.99,8,0
2013,22.7,6.93,0
2013,24.27,8.42,0
2013,25.64,8.56,0
2013,25.93,8.71,0
2013,25.4,7.58,0
2013,21.26,8.06,0.01
2013,20.03,7.67,0
2013,20.4,7.94,0
2013,18.6,9.95,0
2013,18.18,9.8,0.01
2013,18.61,7.32,0.01
2013,22.95,6.22,0
2013,22.29,7.32,0
2013,18.56,9.3,0
2013,17.28,5.97,0
2013,18.99,4.28,0.02
2013,21.67,4.13,0
2013,22.2,5.15,0
2013,21.54,7.07,0
2013,20.07,8.17,0
2013,17.76,9.43,0
2013,17.04,7.21,0
2013,20.07,3.41,0
2013,21.07,3.31,0
2013,22.49,3.8,0
2013,20.32,5.98,0
2013,16.07,7.5,0.01
2013,13.18,7.5,5.1
2013,13.77,6.75,0.07
2013,16.38,7.25,0
2013,16.7,6.58,0
2013,15.14,7.4,0
2013,18.29,5.2,0
2013,19.73,4.69,0
2013,19.92,4.32,0
2013,19.8,5.09,0
2013,20.31,5.11,0
2013,21.45,4.47,0
2013,18.86,5.42,0
2013,18.78,5.06,0
2013,18.44,6.38,0.01
2013,16.74,7.47,0.02
2013,16.47,8.16,0
2013,17.69,7.14,0
2013,20.81,5.34,0
2013,17.85,6.71,0.1
2013,12.44,7.2,1.31
2013,12.44,6.66,0.23
2013,14,5.67,0.06
2013,16.3,4.11,0
2013,18.94,4.38,0
2013,17.82,5.35,0
2013,14.87,7.68,0.01
2013,14.07,5.9,0.01
2013,14.56,3.11,0.02
2013,16.88,2.9,0.01
2013,19.6,3.57,0
2013,18.79,4.97,0
2013,17.23,4.85,0
2013,18.2,4.77,0.01
2013,18.62,5.3,0
2013,19.43,4.28,0
2013,21.97,3.97,0
2013,21.04,4.95,0
2013,15.22,8.3,0.02
2013,13.29,7.88,0.12
2013,13.97,7.24,0.02
2013,13.9,7.52,0
2013,13.58,7.9,0.02
2013,13.88,8.51,3.1
2013,13.41,8.7,11.8
2013,11.13,5.5,3.03
2013,11.54,5.32,0.35
2013,11.62,5.3,0
2013,13.3,4.93,0
2013,14.78,4.76,0
2013,14.83,5.27,0
2013,12.84,6.17,0.06
2013,13.42,6.81,5.19
2013,14.83,5.47,0.04
2013,15.71,4.41,0
2013,15.6,4.77,0
2013,12.9,7.21,0.44
2013,8.93,3.72,0
2013,7.92,3.56,0
2013,8.37,4.38,0
2013,6.79,4.81,4.05
2013,5.2,2.5,0
2013,5.76,1.78,0
2013,9.01,2.36,0
2013,10.93,3.01,0
2013,11.76,3.58,0
2013,10.72,4.42,0
2013,12.8,3.36,0
2013,14.89,3.63,0
2013,17.1,4.31,0
2013,18.24,4.89,0
2013,14.68,6.44,0
2013,9.41,6.21,3.75
2013,9.76,3.91,0
2013,10.09,4.68,0.01
2013,11.49,4.89,0.03
2013,13.85,4.48,0
2013,15.2,4.94,0
2013,15.03,3.23,0
2013,14.6,2.93,0
2013,16.06,3.54,0
2013,15.36,4.49,0
2013,13.42,3.08,0.01
2013,13.69,3.49,0
2013,14.16,3.85,0
2014,14.25,3.9,0
2014,16.31,4.43,0
2014,16.2,4.86,0.01
2014,14.08,5.99,0
2014,13.67,2.53,0
2014,13.91,2.81,0
2014,14.37,4.04,0.01
2014,12.88,4.71,0
2014,11.61,5.47,0
2014,13.8,5.5,0
2014,15.4,5.4,0.01
2014,13.74,4.43,0
2014,14.86,3.16,0
2014,16.36,3.01,0
2014,17.42,3.32,0
2014,17.43,2.68,0
2014,17.2,2.99,0
2014,17.11,3.03,0
2014,17.17,3.34,0
2014,16.91,3.17,0
2014,17.35,3.28,0
2014,17.16,3.81,0
2014,14.58,4.47,0
2014,15.05,3.98,0
2014,16.42,4.94,0
2014,14.38,6.94,0.05
2014,13.8,5.68,0
2014,15.41,4.67,0
2014,16.28,5.88,0
2014,12.3,7.9,0.97
2014,11.32,5.71,0.44
2014,9.37,3.11,0
2014,9.32,4.23,0.48
2014,9.98,5.37,1.63
2014,9.61,4.08,0
2014,10.04,4.23,0
2014,10.28,6.55,4.01
2014,10.81,6.54,0.16
2014,12.31,7.23,0.04
2014,12.68,7.4,0.05
2014,14.31,6.97,0.01
2014,15.99,5.26,0
2014,18.12,4.55,0
2014,18.72,4.79,0
2014,18.6,4.56,0
2014,18.49,4.46,0
2014,17.29,5.9,0
2014,14.8,5.89,0
2014,13.24,5.25,0
2014,14.49,5.43,0
2014,17.57,3.48,0
2014,17.86,4.34,0.01
2014,16.35,5.58,0
2014,15.73,5.4,0
2014,15.33,5.17,0
2014,13.94,7.05,0
2014,13.6,7.24,0.25
2014,14.46,7.29,14.84
2014,13.66,9.21,53.41
2014,11.51,7.88,16.04
2014,11.63,7.3,1.4
2014,12.84,6.78,0.01
2014,14.41,7.7,0
2014,15.62,6.95,0
2014,16.04,7.86,0
2014,15.17,5.53,0
2014,16.99,4.34,0
2014,18.59,4.45,0
2014,18.62,5.29,0
2014,16.14,6.01,0.01
2014,15.4,4.7,0
2014,14.31,5.66,0
2014,14.74,5.88,0
2014,18.41,5.15,0
2014,20.11,4.72,0
2014,17.39,6.1,0
2014,15.07,5.17,0
2014,16.02,4.72,0
2014,15.49,6.28,0
2014,13.77,7.61,0
2014,13.87,7.29,0
2014,14.27,7.07,0
2014,15.5,7.23,0
2014,13.92,7.66,0.08
2014,12.86,7.28,1.5
2014,12.69,6.02,0.04
2014,14.13,6.48,0
2014,15.7,6.8,0
2014,13.95,6.04,0.25
2014,12.04,6.32,2.16
2014,11.13,5.85,3.38
2014,10.47,5.34,1.95
2014,11.6,5.19,0
2014,11.64,5.87,0.07
2014,13.25,5.8,0.01
2014,17.54,4.78,0
2014,20.32,5.34,0
2014,22.26,4.96,0
2014,20.9,4.24,0
2014,19.82,4.36,0
2014,17.72,5.47,0
2014,13.05,7.22,0
2014,14.35,7.36,0
2014,18.52,5.16,0
2014,18.78,5.87,0
2014,16.6,6.91,0
2014,15.54,7.45,0
2014,15.91,7.89,0
2014,17.24,8.16,0
2014,18.04,7.16,0
2014,18.5,6.78,0
2014,15.78,6.45,0
2014,16.05,5.06,0
2014,17.18,6.22,0
2014,14.18,7.98,4.51
2014,12.95,5.48,0.93
2014,15.17,5.4,0
2014,18.97,5.26,0
2014,22.22,3.64,0
2014,21.78,3.37,0
2014,23.15,3.96,0
2014,24.19,5.25,0
2014,22.76,5.48,0
2014,18.7,6.86,0
2014,15.03,7.56,0
2014,14.5,5.79,0.13
2014,14.22,6.47,0
2014,15.14,6.97,0
2014,16.74,8,0
2014,16.97,6.18,0
2014,18.22,4.02,0
2014,21.8,3.82,0
2014,23.35,3.7,0
2014,25.45,3.6,0
2014,27.05,3.91,0
2014,26.18,5.89,0
2014,22.1,6.94,0
2014,18.67,7.4,0
2014,16.88,7.65,0
2014,15.26,7.31,0.12
2014,15.81,7.77,0.02
2014,16.38,8.41,0.63
2014,17.73,8.82,0.02
2014,17.75,9.19,0.02
2014,20.76,9.48,0
2014,21.39,9.57,0
2014,21.52,7.92,0
2014,20.51,7.67,0
2014,19.8,7.87,0
2014,21.05,6.03,0
2014,20.86,6.44,0
2014,21.37,6.2,0
2014,19.86,6.12,0
2014,20.85,5.34,0
2014,20.9,5.37,0
2014,21.07,7.03,0
2014,19.24,8.35,0
2014,19.62,8.24,0
2014,22.18,8.79,0
2014,22.58,7.66,0
2014,18.97,8.52,0
2014,18.64,8.2,0
2014,18.55,6.68,0
2014,18.25,6.99,0
2014,19.38,7.53,0
2014,18.17,7.71,0
2014,17.36,8.05,0
2014,17.41,7.81,0
2014,19.35,6.57,0
2014,21.32,7.15,0
2014,23.08,6.9,0
2014,22.23,7.54,0
2014,20.41,8.37,0
2014,19.58,8.72,0
2014,21.48,8.98,0
2014,21.67,9.79,0
2014,21.22,10.13,0
2014,22.22,9.49,0
2014,22.7,10.57,0
2014,23.15,9.2,0
2014,22.26,9.77,0
2014,21.74,8.92,0
2014,22.12,8.27,0.05
2014,24.13,7.74,0.13
2014,25.29,8.42,0.01
2014,26.42,7.8,0.17
2014,25.72,8.06,0.02
2014,25.26,8.5,0
2014,23.69,9.04,0
2014,22.91,8.39,0
2014,22.15,7.84,0
2014,22.21,7.97,0
2014,22.94,9.21,0
2014,25,10.24,0
2014,22.82,10.95,0.04
2014,22.42,11.56,0
2014,20.82,9.6,0.01
2014,19.5,9.25,0
2014,20.45,10.51,0
2014,21.28,10.74,0
2014,21.4,11.98,0
2014,21.98,11.32,0
2014,23.17,9.17,0
2014,26.18,7.86,0
2014,26.9,8.32,0
2014,25.3,9.61,0
2014,25.51,8.22,0
2014,25.1,7.96,0.15
2014,25.37,8.89,0.24
2014,25.54,10.37,0
2014,25.79,10.49,0
2014,26.6,10.13,0
2014,25.83,8.55,0.01
2014,25.09,9.95,0.69
2014,25.4,12.45,2.78
2014,23.41,10.37,0.01
2014,22.22,6.18,0
2014,20.54,7.87,0
2014,20.71,8.98,0
2014,21.71,9.79,0
2014,22.42,9.45,0
2014,23.68,8.96,0
2014,24.71,8.53,0
2014,23.64,9.78,0
2014,22.01,10.09,0
2014,22.83,8.97,0
2014,25.08,9.07,0
2014,25.87,8.14,0
2014,25.39,8.51,0
2014,24.19,8.43,0
2014,20.99,10.01,0.07
2014,21.42,9.86,0.25
2014,22.31,11.25,0.12
2014,22.68,10.53,0
2014,21.61,8.25,0
2014,21.11,7.62,0
2014,21.06,8.22,0
2014,23.32,8.97,0
2014,26.02,7.81,0
2014,27.25,8.29,0
2014,25.41,8.3,0
2014,26.22,8.57,0
2014,24.73,9.45,0
2014,24.18,9.3,0
2014,23.01,8.69,0
2014,21.48,8.37,0
2014,20.87,8.87,0
2014,23.48,7.58,0
2014,26.34,9.46,0.01
2014,27.51,10.45,0.28
2014,24.38,12.16,0.14
2014,24.5,10.24,0.43
2014,24.94,7.92,0
2014,26.3,8.47,0
2014,27.11,8.15,0
2014,28.71,8.7,0
2014,30.66,8.6,0
2014,30.7,9.03,0
2014,31.23,9.41,0.36
2014,28.67,10.68,0.03
2014,21.9,12.1,0
2014,21.52,11.38,0
2014,21.22,11.5,0
2014,20.96,10.35,0
2014,22.65,8.33,0
2014,23.8,7.28,0.01
2014,25.87,7.78,0.01
2014,25.05,10.27,0
2014,21.57,9.93,0
2014,18.64,9.13,0
2014,18.5,9.96,0
2014,20.37,8.62,0
2014,22.2,7.75,0.01
2014,21.84,8.17,0
2014,25.14,4.52,0
2014,25.89,3.83,0
2014,27.01,5.03,0
2014,26.29,6.79,0
2014,25.64,5.83,0
2014,25.66,5.6,0.01
2014,23.49,7.08,0
2014,20.29,9.41,0
2014,20.5,9.24,0
2014,21.66,8.12,0
2014,21.6,7.88,0
2014,22.18,6.59,0
2014,19.81,8.26,0
2014,18.65,9.31,0
2014,18.95,10.19,0
2014,18.53,9.82,0
2014,18.96,8.97,0
2014,19.3,9.82,0
2014,19.35,9.41,0
2014,19.61,7.7,0
2014,21.08,6.87,0
2014,23.42,5.52,0
2014,22.61,6.62,0
2014,20.21,9.24,0
2014,17.91,8.47,0
2014,17.21,5.74,0
2014,19.06,6.4,0.01
2014,21.35,5.61,0
2014,20.09,7.43,0
2014,16.82,9.68,3.48
2014,13.81,7.58,8.07
2014,13.36,5.89,0
2014,14.55,4.08,0.01
2014,16.39,3.6,0
2014,19.54,4.44,0
2014,21.44,5.12,0
2014,21.69,5.3,0
2014,21.96,5.4,0
2014,19.51,6.57,0
2014,15.06,7.89,0
2014,14.96,8.6,0
2014,15.52,8.94,0
2014,15.38,9.38,0.1
2014,16.25,9.02,0.12
2014,14.95,7.58,0
2014,14.13,3.15,0.01
2014,15.03,2.64,0
2014,16.03,3.74,0
2014,15.42,5.05,0
2014,14.53,7.01,0.23
2014,14.61,6.77,0.79
2014,15.1,7.36,0.03
2014,14.99,4.38,0.02
2014,15.53,3.19,0
2014,16.64,3.19,0
2014,19.25,3.76,0
2014,21.15,3.99,0
2014,19.41,4.43,0
2014,15.9,7.35,0
2014,14.91,9.31,5.99
2014,15.97,8.15,0.03
2014,14.91,9.22,29.43
2014,16.28,11.24,14.45
2014,14.88,9.2,1.08
2014,14.58,8.44,0.27
2014,15.55,8.34,0.23
2014,16.63,7.49,0.02
2014,17.31,6.67,0
2014,16.55,6.07,0
2014,16.31,6.64,0
2014,14.48,9.08,2.03
2014,12.72,8.25,37.24
2014,10.97,5.84,0.24
2014,10.93,5.59,0
2014,11.35,6.02,0.52
2014,11.21,7.9,6.75
2014,11.5,6.67,6.56
2014,11.35,5.68,0.06
2014,11.55,5.78,0
2014,12.13,7.47,0.03
2014,13.54,7.54,0
2014,16.21,7.54,0
2014,17.05,5.54,0
2014,14.34,5.6,0.05
2014,9.61,4.28,0.07
2014,7.78,2.77,0
2014,8.28,2.71,0
2014,9.42,3.4,0
2014,9.08,4.66,0
2014,8.72,4.9,2.45
2014,5.73,2.21,0.12
2015,6.44,2.33,0.1
2015,8.07,3.33,0
2015,8.74,4.06,0
2015,10.86,4.3,0
2015,15.06,4.25,0
2015,16.69,4.74,0
2015,16.92,5.64,0
2015,15.94,6.65,0
2015,14.3,7.05,0
2015,13.29,7.25,10.91
2015,12.7,8.17,15.09
2015,12.34,7.21,0.06
2015,12.33,5.45,0
2015,12.28,4.44,0
2015,13.27,4.48,0
2015,14.55,4.89,0
2015,15.75,5.1,0
2015,16.36,5.91,0
2015,15.69,6.03,0
2015,13.25,6.13,0
2015,13.1,5.26,0
2015,13.64,3.81,0
2015,13.59,3.87,0
2015,14.79,4.29,0
2015,16.24,4.95,0
2015,15.93,6.81,3.66
2015,14.52,7.79,0.42
2015,15.31,7,0
2015,15.83,7.18,0.04
2015,14.16,7.89,0.89
2015,13.91,6.98,0.1
2015,14.78,4.62,0
2015,16.7,5.19,0
2015,16.9,5.92,0
2015,16.43,5.51,0.01
2015,17.56,5.57,0
2015,15.81,6.34,0
2015,14.76,8.53,1.07
2015,16.75,9.85,0.1
2015,15.74,7.82,0.01
2015,16.15,5.66,0
2015,17.67,4.12,0
2015,18.17,4.64,0
2015,18.88,4.96,0
2015,19.27,5.37,0
2015,18.27,6.24,0
2015,16.25,7.28,0.01
2015,14.95,7.08,0.18
2015,16.48,6.3,0.01
2015,15.08,6.08,0.01
2015,14.4,6.76,0.02
2015,13.35,7.52,0.19
2015,12.45,7.71,12.98
2015,11.48,5.62,2.32
2015,12.7,4.02,0
2015,13.82,5,0.17
2015,13.84,6.75,0.02
2015,13.16,7.91,0.09
2015,11.15,6.48,1.14
2015,11.11,6.45,5.61
2015,9.94,6.1,5.69
2015,11.7,5.57,0.43
2015,12.68,4.07,0
2015,13.85,3.68,0
2015,16.44,3.51,0
2015,18.43,4.3,0
2015,16.97,6.01,0
2015,16.07,5.68,0.01
2015,18.02,5.85,0
2015,18.34,5.91,0.05
2015,18.96,6.17,0
2015,20.69,5.78,0
2015,22.22,5.73,0
2015,22.68,6.14,0
2015,21.33,6.12,0
2015,18.37,8.09,0
2015,16.51,9.64,0.81
2015,17.59,8.34,0.24
2015,17.91,7.04,0.17
2015,16.66,7.53,0.17
2015,14.69,8.12,0
2015,15.47,7.14,0
2015,17.07,6.52,0
2015,18.92,6.31,0
2015,21.98,5.27,0
2015,22.41,5.95,0
2015,20.5,6.38,0
2015,19.86,5.82,0
2015,18.88,6.29,0
2015,17.14,6.39,0
2015,16.06,5.77,0
2015,16.09,5.35,0
2015,18.75,4.06,0
2015,18.23,4.55,0
2015,13.9,6.76,0
2015,11.87,5.72,0
2015,11.46,6.21,3.62
2015,13.03,4.88,0.03
2015,14.98,5.55,0
2015,14.49,6.95,0
2015,15.95,6.45,0
2015,16.89,7.18,0
2015,16.41,7.6,0
2015,16.19,6.03,0
2015,16.85,3.51,0
2015,17.61,3.65,0
2015,18.64,4.85,0
2015,18.26,6.19,0
2015,17.3,6.49,0
2015,14.63,6.61,0.01
2015,13.93,7.07,0.04
2015,14.71,7.59,0.08
2015,14.25,8.14,0.23
2015,13.67,8.07,0.15
2015,13.81,7.32,1.42
2015,16.68,6,0
2015,20.33,4.59,0
2015,22.09,4.72,0
2015,23.63,5.19,0
2015,22.91,5.93,0
2015,22.19,5.63,0
2015,21.05,5.49,0
2015,17.15,7.88,0
2015,14.89,7.64,0
2015,14.45,7.68,0.01
2015,14.16,7.72,0.11
2015,12.82,6.71,2.31
2015,12.23,6.64,2.52
2015,14.58,7.78,0.16
2015,17.88,7.37,0.02
2015,18.61,6.57,0
2015,15.42,7.09,0
2015,14.13,6.73,0.06
2015,12.53,7.2,7.58
2015,13.14,6.86,3.33
2015,14.66,7.97,0.03
2015,15.76,8.3,0.01
2015,15.22,7.75,0.01
2015,15.43,7.88,0
2015,15.36,7.52,0
2015,14.32,7.29,0.11
2015,14.65,7.76,0.37
2015,15.18,8.42,0.15
2015,16.55,8.66,0.05
2015,16.99,8.91,0.07
2015,16.32,8.68,0
2015,17.14,8.57,0
2015,18.36,8.21,0
2015,20.28,7.23,0
2015,20.75,6.83,0
2015,18.75,7.42,0
2015,17.77,7.33,0
2015,18.4,8.77,0
2015,17.6,9.51,0.01
2015,16.64,9.1,0.01
2015,16.72,8.4,0.01
2015,18.12,9.16,0.03
2015,21.47,7.94,0.01
2015,25.25,7.46,0
2015,25.54,10.65,0.45
2015,20.34,11.86,0.12
2015,20.91,11.14,0.05
2015,21.5,11.31,0.32
2015,20.15,11.21,0.3
2015,20.56,10.73,0.01
2015,21.16,8.12,0.03
2015,22.56,6.56,0.02
2015,22.83,6.57,0.03
2015,23.62,6.58,0
2015,25.05,6.51,0
2015,24.25,7.51,0
2015,23.15,8.69,0
2015,23.34,7.1,0
2015,23.14,7.28,0
2015,23.32,7.44,0
2015,23.49,6.92,0
2015,24.26,7.22,0
2015,23.53,7.35,0
2015,25.44,8.71,0.02
2015,24.47,9.36,0
2015,26.52,9.25,0.22
2015,23.56,10.35,0.1
2015,23.94,9.44,0
2015,23.32,8.73,0
2015,21.43,8.88,0
2015,19.69,8.91,0.01
2015,19.7,9.49,0.01
2015,20.11,10.08,0.02
2015,19.65,10.87,0.01
2015,18.81,9.49,0.01
2015,19.06,9.79,0.01
2015,20.59,10.2,0.01
2015,21.84,9.85,0
2015,22.43,9.49,0
2015,21.6,9.17,0.02
2015,20.65,8.88,0.04
2015,21.46,8.11,0
2015,22.6,6.99,0
2015,23.52,11.58,11.4
2015,24.72,13.55,8.6
2015,23.8,13.86,1.14
2015,23.51,13.51,0.12
2015,22.04,12.64,0.05
2015,22.51,12.16,0.01
2015,24.01,11,0
2015,24.49,9.82,0
2015,22.28,9.71,0
2015,21.83,10.36,0.24
2015,23.34,9.51,0.1
2015,24.15,9.18,0.48
2015,25.04,11.73,1.11
2015,24.25,11.7,0
2015,23.52,9.46,0
2015,22.97,9.76,0
2015,23.14,9.76,0
2015,24.48,9.82,0
2015,25.68,9.09,0
2015,25.39,8.28,0.03
2015,20.83,9.4,0.05
2015,20.35,9.1,0
2015,20.42,9.32,0
2015,19.81,9.42,0
2015,20.63,8.97,0
2015,24.83,7.11,0
2015,27.37,8.26,0
2015,28.54,8.2,0
2015,29.62,7.19,0
2015,29.18,8.24,0
2015,24.55,10.58,0
2015,22.97,10.77,0
2015,22.06,10.29,0.02
2015,22.02,11.38,0.03
2015,21.68,11.89,0.03
2015,22.36,10.94,0.03
2015,23.82,9.63,0
2015,24.98,9.22,0
2015,25.79,10.01,0
2015,27.71,9.87,0
2015,28.12,9.84,0
2015,28.61,10.43,0
2015,27.49,10.17,0
2015,25.3,10.99,0
2015,23.11,9.95,0
2015,20.59,9.65,0
2015,20.41,9.81,0
2015,19.32,9.24,0
2015,19.45,9.81,0
2015,21.02,9.13,0
2015,23.74,8.35,0
2015,27.02,10.81,0
2015,29.43,10.91,0.2
2015,30.76,10.24,1.13
2015,28.58,11.54,0.01
2015,28.05,12.26,0
2015,26.37,12.96,0.01
2015,25.36,11.54,0.01
2015,22.69,12.77,0.73
2015,21.38,13.55,24.09
2015,19.5,10.62,3.13
2015,20.88,8.94,0.01
2015,23.2,8.8,0
2015,25.62,9.61,0
2015,28.3,9.26,0
2015,24.05,11.33,0
2015,22.72,13.44,0
2015,24.23,12.22,0
2015,26.25,10.59,0
2015,26.5,10.81,0
2015,26.41,10.64,0
2015,24.95,9.07,0
2015,24.05,8.86,0.01
2015,23.86,8.28,0
2015,24.56,9.36,0
2015,22.71,10.52,0
2015,21.71,9.89,0
2015,20.86,11.49,0.29
2015,17.52,9.76,5.59
2015,17.69,9.06,1.91
2015,19.78,9.79,0.04
2015,22.32,10.13,0
2015,25.23,9.46,0
2015,28.1,8.49,0
2015,27.49,8.96,0
2015,27.36,9.07,0
2015,26.91,10.87,0
2015,25.29,13.78,0.03
2015,24.61,13.7,0.35
2015,22.28,13.21,1.76
2015,21.91,13.18,0.57
2015,21.93,12.86,0.09
2015,20.13,12.1,0.21
2015,18.61,9.59,0.39
2015,19.73,8.33,0.05
2015,21.17,7.56,0
2015,19.56,9.77,0
2015,20.55,8.25,0
2015,22.92,6.33,0
2015,22.16,7.3,0
2015,22.69,6.59,0
2015,21.78,7.17,0
2015,21.29,7.86,0
2015,19.32,6.98,0
2015,20.25,4.22,0
2015,22.49,5.57,0
2015,21.58,7.8,0
2015,16.76,9.53,2.35
2015,13.5,6.39,0.67
2015,12.67,4.85,0.02
2015,13.54,4.11,0
2015,15.28,3.52,0
2015,16.33,3.94,0
2015,15.82,4.93,0
2015,13.91,7.51,0.2
2015,11.91,5.35,0.1
2015,12.96,3.39,0
2015,14.42,2.93,0
2015,16.71,3.66,0
2015,16.25,4.93,0
2015,13.16,7.59,0.83
2015,9.71,3.82,0.03
2015,13.23,3.06,0
2015,16.44,4.79,0
2015,18.44,4.43,0
2015,19.79,4.89,0
2015,19.92,3.26,0
2015,18.91,2.96,0
2015,17.7,5.22,0
2015,13.87,8.12,0.23
2015,11.07,5.57,0.5
2015,10.21,5.04,0.21
2015,9.96,3.75,1.39
2015,9.69,2.76,0.01
2015,10.74,3.13,0
2015,10.75,2.67,0
2015,12.5,2.77,0
2015,15.33,3.35,0
2015,15.7,4.3,0
2015,13.19,5.67,0
2015,14.47,4.29,0
2015,16.36,3.43,0
2015,17.55,3.65,0
2015,19.56,4.64,0
2015,18.79,5.96,0
2015,14.72,8.66,0.88
2015,11.23,6.09,1.01
2015,10.61,4.4,0.01
2015,10.74,5.61,6.35
2015,7.28,4.15,0.04
2015,7.31,2.83,0
2015,8.2,2.62,0
2015,10.1,3.15,0
2015,12.58,3.78,0
2015,11.78,5.79,6.5
2015,9.05,4.71,0.07
2015,10.84,6.01,1.7
2015,13.06,9,6.15
2015,10.75,5.57,0.18
2015,9.07,4.96,0.12
2015,7.16,3.97,0.06
2015,7.04,2.26,0
2015,7.66,2.2,0
2015,7.18,4,0.06
2015,7.74,3.38,0
2015,8.33,3.55,0
2015,8.54,2.84,0
2016,8.72,2.62,0
2016,11.02,3.94,0
2016,10.78,6,0.67
2016,11.83,6.65,3.53
2016,10.53,7.66,35.13
2016,9.09,6.79,21.58
2016,8.56,5.96,11.25
2016,8.5,4.82,0.04
2016,9.65,5.89,0.91
2016,10.39,6.38,0.31
2016,10.31,4.9,0.01
2016,10.86,3.72,0
2016,11.73,5.52,0
2016,10.24,6.29,0
2016,11.11,6.71,0.06
2016,11.9,7.01,0.05
2016,13.02,7.35,0.01
2016,12.28,7.99,0.2
2016,12.29,8.18,2.25
2016,13.3,7.89,0.59
2016,13.97,5.35,0
2016,14.11,4.86,0.01
2016,12,6.74,0.07
2016,10.33,5.34,0.02
2016,12.02,5.01,0
2016,12.34,3.61,0
2016,13.15,4,0
2016,14.8,4.59,0
2016,15,6.94,0
2016,13.19,8.38,0.3
2016,10.43,7.08,17.27
2016,6.87,3.6,0.11
2016,7.66,3.75,0
2016,9.08,3.5,0
2016,10.92,3.47,0.01
2016,13.12,3.67,0
2016,14.34,4.13,0
2016,16.54,4.21,0
2016,17.94,4.47,0
2016,18.76,4.79,0
2016,19.17,4.54,0
2016,19.51,4.77,0
2016,19.34,5.34,0
2016,18.07,5.38,0.01
2016,19.07,5.15,0.01
2016,20.35,5.86,0
2016,20.36,5.46,0
2016,16.24,7.74,7.43
2016,13.92,7.23,11.56
2016,13.29,6.09,0
2016,14.14,5.34,0
2016,15.51,5.6,0
2016,16.9,5,0
2016,17.4,4.4,0
2016,16.65,4.15,0
2016,17.51,4.63,0
2016,17.63,5.5,0
2016,17,6.66,0
2016,17.71,7.41,0
2016,18.19,7.01,0
2016,18.41,6.85,0.05
2016,16.93,6.73,0.02
2016,15.9,6.38,0
2016,14.68,7.08,0.37
2016,14.53,9.01,2.33
2016,13.28,7.15,20.04
2016,9.29,6.09,11.99
2016,12.48,5.54,0.01
2016,14.96,6.64,0
2016,16.9,6.64,0
2016,12.49,7.42,13.55
2016,11.15,5.95,0.08
2016,12.23,7.05,0.11
2016,14.28,7.74,0.8
2016,16.29,6.48,0
2016,20.08,6.13,0
2016,18.94,7.27,0
2016,16.44,7.57,0
2016,15.77,6.97,0
2016,15.68,6.88,0
2016,13.88,7.64,0
2016,13.18,5.61,0.02
2016,15.37,3.93,0
2016,17.1,5.04,0.04
2016,17.58,6.96,0
2016,16.9,6.71,0.01
2016,15.75,7.7,0.27
2016,12.05,6.94,0.86
2016,10.23,5.06,0.42
2016,11.46,5.63,0.23
2016,14.18,5.88,0
2016,15.45,7.08,0
2016,17.8,6.61,0
2016,18.86,6.22,0
2016,19.08,6.73,0
2016,20.84,6.73,0
2016,19.83,6.48,0.02
2016,15.64,7.99,1.35
2016,14.07,9.03,2.98
2016,14.37,8.74,3.96
2016,14.54,8.28,1.24
2016,15.28,8.3,0.8
2016,15.94,8.54,0
2016,15.59,8.61,0.01
2016,15.96,6.33,0
2016,16.34,4.71,0
2016,18.57,4.24,0
2016,20.24,4.64,0
2016,21.4,5.06,0
2016,22,5.34,0
2016,20.96,4.57,0
2016,19.11,6.05,0
2016,15.72,8.11,0.2
2016,16.64,5.57,0
2016,15.73,6.6,0.03
2016,13.3,5.28,0.41
2016,14.22,5.48,0.01
2016,14.99,7.07,0.23
2016,14.01,6.82,0.16
2016,14.85,7.74,0.1
2016,15.12,7.21,0.26
2016,16.17,7.65,0.09
2016,17.7,8.06,0.05
2016,18.94,6.9,0.02
2016,15.27,6.99,0.14
2016,14.13,7.74,0.92
2016,13.08,7.82,4.89
2016,14.38,7.73,0.71
2016,14.88,8.26,0.09
2016,15.15,8.5,0.08
2016,15.95,8.92,0.2
2016,18.25,8.24,0
2016,19.84,7.09,0
2016,18.32,7.17,0
2016,16.89,8.47,0
2016,16.91,8.81,0
2016,17.6,9.15,0
2016,18.68,8.83,0.01
2016,19.29,8.48,0
2016,16.71,8.82,0
2016,14.17,6.73,0
2016,13.91,6.42,0
2016,15.48,6.77,0
2016,15.38,7.78,0
2016,14.54,7.91,0.02
2016,14.64,7.86,0.03
2016,16.75,8.49,0
2016,17.72,8.42,0
2016,17.3,8.59,0
2016,17.05,9.34,0.01
2016,18.57,9.27,0.01
2016,19.68,8.91,0
2016,18.8,8.37,0
2016,22.57,7.36,0
2016,24.87,6.97,0
2016,24.48,6.75,0
2016,20.66,6.66,0
2016,18.04,7.16,0.01
2016,19.42,8.84,0.01
2016,19.18,8.26,0
2016,18.8,7.75,0.01
2016,18.45,7.01,0
2016,17.97,9.47,0.11
2016,17.58,8.4,0.06
2016,17.86,9.5,0.01
2016,17.53,7.78,0.01
2016,16.3,7.71,0
2016,18.47,6.66,0
2016,21.94,7.14,0
2016,25.19,6.91,0
2016,29.28,5.73,0
2016,32.07,6.64,0
2016,26.62,8.85,0
2016,24.08,8.07,0
2016,22.83,7.31,0
2016,22.69,7.89,0
2016,23.11,8.37,0
2016,25.57,8.32,0
2016,26.52,7.99,0
2016,26.82,8.08,0.01
2016,26.31,8.21,0.02
2016,23.81,7.91,0.01
2016,21.62,7.89,0.01
2016,20.8,7.12,0.01
2016,20.04,7.33,0
2016,19.53,8.05,0
2016,19.9,9.4,0
2016,19.72,9.87,0
2016,20.37,8.92,0
2016,21.5,7.97,0
2016,23.08,7.85,0
2016,22.43,8.67,0
2016,21.55,8.97,0
2016,21.57,9.69,0
2016,23.13,8.45,0
2016,23.73,6.59,0
2016,22.82,6.9,0
2016,21.87,7.65,0
2016,21.84,6.95,0
2016,22.79,7.17,0
2016,24.71,6.11,0
2016,26.78,6.74,0
2016,27.99,7.4,0
2016,29.9,6.94,0.01
2016,27.53,7.68,0
2016,25.79,7.18,0
2016,26.24,8.61,0
2016,27.54,8.09,0
2016,27.37,8.82,0
2016,26.67,8.52,0
2016,27.41,8.77,0
2016,25.83,11.04,0
2016,24.82,10.9,0
2016,24.42,10.37,0
2016,23.82,9.29,0
2016,23.59,9.97,0
2016,22.79,10.17,0.07
2016,21.38,9.1,0.03
2016,21.95,8.23,0
2016,21.66,8.6,0
2016,21.01,8.69,0
2016,20.62,8.84,0
2016,21.03,8.17,0
2016,21.32,8.51,0
2016,23.13,9.58,0
2016,25.43,9.13,0
2016,27.5,8.89,0
2016,27.41,7.85,0
2016,26.09,6.62,0
2016,25.8,5.81,0
2016,23.71,7.24,0
2016,23.56,8.06,0
2016,23.27,8.36,0
2016,23.6,8.58,0
2016,23,8.34,0
2016,23.49,8.19,0
2016,23.36,9.45,0
2016,21.17,9,0
2016,19.47,8.56,0
2016,20.15,9.71,0
2016,23.64,8.66,0
2016,26.06,8.53,0
2016,26.26,8.95,0
2016,25.53,8.73,0
2016,23.44,8.25,0
2016,20.18,8.32,0
2016,18.03,9.02,0
2016,17.8,9.41,0
2016,18.63,9.02,0
2016,20.77,8.24,0
2016,21.41,8.11,0
2016,20.58,9.25,0
2016,21.44,7.6,0
2016,23.34,6.94,0
2016,21.39,8.59,0
2016,17.49,9.01,0.08
2016,16.89,9.44,0.17
2016,18.32,7.41,0
2016,20.03,6.75,0
2016,20.45,6.33,0
2016,23.26,6.4,0.01
2016,26.88,5.75,0
2016,26.29,8.1,0.01
2016,25.03,12.43,0.05
2016,22.99,12.69,0.17
2016,20.31,8.28,0
2016,20.39,5.73,0
2016,23.95,5.82,0
2016,26.64,4.55,0
2016,27.87,5.4,0
2016,26.36,7.79,0
2016,25.4,9.1,0.07
2016,25.96,8.55,0
2016,25.13,7.81,0
2016,21.93,8.65,0
2016,18.24,8.48,0
2016,18.23,6.53,0
2016,18.01,7.34,0
2016,17.53,7.26,0
2016,20.14,4.72,0
2016,22.98,4.59,0
2016,24.24,4.77,0
2016,24.27,5.59,0
2016,22.49,7.15,0
2016,17.25,8.14,0
2016,16.14,8.05,0
2016,17.91,7.38,0.03
2016,17.54,7.73,0.03
2016,17.71,10.1,0.1
2016,17.84,10.96,1.88
2016,17.9,9.59,1.8
2016,18.04,5.76,0
2016,22.18,4.12,0
2016,23.81,3.56,0
2016,23.51,5.3,0
2016,21.2,6.6,0
2016,19.98,7.17,2.29
2016,18.86,9.77,1.26
2016,18.49,9.35,1.39
2016,20.08,8.14,0
2016,21.34,7.3,0.12
2016,18.69,10.92,2.52
2016,20.37,9.18,0.04
2016,16.79,9.44,2.5
2016,15.24,8.25,0.1
2016,15.19,7.84,0
2016,17.72,5.25,0
2016,20.34,5.14,0
2016,21,6.99,0.01
2016,19.74,7.65,0
2016,17.87,7.09,0.01
2016,19.88,6.02,0
2016,22.82,5.56,0
2016,23.48,5.86,0.01
2016,22.55,5.01,0
2016,21.52,5.19,0
2016,20.95,5.67,0
2016,21.74,6.04,0
2016,21.92,5.39,0
2016,19.61,5.95,0
2016,15.27,6.83,0
2016,13.5,3.14,0
2016,15.74,3.58,0.87
2016,15.83,5.22,0
2016,14.63,7.2,17.03
2016,13.81,7.8,4.85
2016,13.1,6.41,0.03
2016,14.49,5.81,0
2016,15.27,3.17,0
2016,14.93,3.73,0
2016,11.24,6.19,6.93
2016,10.56,6.17,2.72
2016,10.26,5.61,0.07
2016,10.98,3.51,0
2016,11.23,3.65,0
2016,11.34,5.02,0
2016,9.67,2.76,0
2016,10.99,2.86,0
2016,14.51,4.46,0
2016,12.21,5.67,0
2016,10.78,6,0
2016,10.73,4.38,0
2016,12.27,5.66,0.06
2016,13,8.31,0.19
2016,13.7,8.67,0.16
2016,14.16,8.68,0.14
2016,13.2,6.7,0.05
2016,13.06,7.46,0
2016,14.5,7.74,0.01
2016,14.22,9.1,14.38
2016,12.18,7.63,23.21
2016,7.75,3.54,0.01
2016,8.36,2.37,0
2016,10.24,2.27,0
2016,13.29,3.17,0
2016,13.51,5.87,18.05
2016,11.78,7.15,10
2016,12.03,8.32,31.98
2016,7.94,5.13,4.55
2016,5.74,3.44,0.04
2016,8.48,3.57,0
2016,11.18,3.94,0
2016,13.93,4.46,0
2016,15.47,5.15,0
2016,13.34,7.07,10.11
2016,10.18,7.3,8.14
2017,8.41,5.56,0.13
2017,9,6.33,0.63
2017,9.87,6.39,0.05
2017,10.28,7.19,2.99
2017,12.03,8.75,7.44
2017,9.71,5.13,0.29
2017,11.81,5.76,6.87
2017,14.85,6.65,0.34
2017,12.6,8.81,20.67
2017,10.95,7.82,3.73
2017,12.17,8.02,9.69
2017,10.2,7.41,22.57
2017,9.61,6.18,2.16
2017,11.65,5.92,0
2017,10.82,6.75,0.32
2017,10.61,5.56,0.1
2017,10.69,4.39,0.01
2017,9.93,5.97,2.03
2017,11.21,7.36,19.59
2017,9.74,7.23,41.03
2017,9.27,6.26,0.47
2017,9.9,7.47,68.29
2017,7.71,5.89,12.33
2017,6.49,4.61,0.33
2017,7.13,4.03,0
2017,7.62,3.91,0
2017,7.56,3.65,0
2017,10.58,4.2,0
2017,12.58,4.83,0
2017,14.25,5.28,0
2017,14.81,5.83,0
2017,12.55,5.96,0.01
2017,11.71,6.71,0.36
2017,12.26,8.38,5.63
2017,12.17,7.9,0.95
2017,10.91,7.48,1.27
2017,11.81,8.56,21.85
2017,13.68,9.56,8.88
2017,15.67,9.74,1.12
2017,16.46,8.24,0.01
2017,13.72,8.41,6.27
2017,12.34,7.58,3.02
2017,12.62,6.11,0.87
2017,14.53,6.38,0
2017,14.27,7.01,0.14
2017,15.89,6.02,0
2017,14.21,6.79,1.05
2017,11.05,8.01,60.39
2017,9.95,7.17,7.23
2017,10.78,7.22,1.01
2017,11.56,7.88,2.32
2017,12.79,8.1,0.67
2017,10.66,6.41,0.07
2017,6.98,4.17,0.05
2017,7.84,3.92,0
2017,9.04,5.18,0.01
2017,8.91,6.02,2.56
2017,9.05,6.78,3.92
2017,9.48,5.22,0.02
2017,11.25,4.83,0
2017,13.08,4.83,0
2017,14.57,5.24,0
2017,12.76,7.2,0.02
2017,9.93,6.61,1.83
2017,8.97,4.44,0
2017,12.96,5.76,0
2017,17.14,6.62,0
2017,18.86,7.31,0
2017,18.91,7.74,0
2017,18.4,7.88,0
2017,19.36,7.59,0
2017,20.62,7.28,0
2017,20.53,7.61,0
2017,20.43,7.55,0
2017,18.1,7.78,0
2017,18.56,7.27,0.02
2017,16.58,7.28,0.06
2017,15.58,7.39,0.13
2017,13.05,7.32,0.2
2017,13.73,8.84,5.13
2017,13.49,8.14,1.38
2017,12.04,6.47,0.07
2017,13.23,7.64,0.04
2017,13.34,8.25,0.32
2017,13.19,7.54,0.06
2017,13.53,6.89,0.01
2017,14.89,5.5,0
2017,17.35,6.79,0
2017,15.61,7.66,0.01
2017,13.05,6.06,0
2017,15.4,6.97,0
2017,15.34,7.17,0
2017,13.52,7.41,0
2017,15.27,7.4,0
2017,18.64,7.33,0.01
2017,16.35,7.36,0.06
2017,14.08,6.98,1.5
2017,13.28,7.18,2.39
2017,12.62,4.93,0
2017,15.57,5.92,0
2017,15.02,6.93,0
2017,14.85,8.24,0
2017,13.42,7.89,0.12
2017,13.38,6.04,0
2017,15.27,6.28,0
2017,15.68,6.57,0
2017,15.24,8.28,0.06
2017,15.77,9.71,0.55
2017,16.55,8.04,0.04
2017,17.19,6.73,0
2017,20.42,6.73,0
2017,20.81,7.75,0
2017,17.77,9.09,0.03
2017,16.07,8.12,0
2017,16.4,6.87,0.01
2017,18.86,8.71,0
2017,19.08,7.37,0.01
2017,18.49,5.86,0
2017,18.74,4.3,0
2017,19.67,5.75,0
2017,20.16,7.8,0
2017,20.84,8.24,0
2017,20.98,8.68,0
2017,20.57,7.81,0
2017,15.97,7.74,0.11
2017,12.16,7.31,2.6
2017,10.96,5.86,4.34
2017,15.76,6.01,0
2017,15.22,8.77,0.43
2017,15.69,8.83,0.25
2017,16.41,8.57,0.01
2017,16.15,8.09,0
2017,15.81,5.98,0
2017,14.49,7.54,0
2017,12.81,6.76,0.5
2017,13.64,7.43,0.03
2017,14.91,7.35,0.07
2017,17.18,6.69,0.06
2017,20.61,5.65,0
2017,23.39,6.16,0
2017,22.78,7.53,0
2017,22.3,7.62,0
2017,22.36,7.59,0
2017,17.71,7.48,0
2017,14.3,7.86,0.03
2017,15.13,8.59,0.07
2017,16.97,8.82,0.01
2017,18.87,8.63,0
2017,17.51,8.78,0
2017,16.92,8.27,0
2017,16.86,8.77,0.01
2017,18.66,9.75,0.01
2017,20.83,8.85,0
2017,20.96,8.1,0
2017,20.99,8.73,0
2017,19.63,7.65,0
2017,17.81,9.24,0
2017,17.38,8.94,0.03
2017,17.42,8.49,0.02
2017,18.14,9.96,0
2017,16.58,9.32,0.01
2017,15.71,7.99,0.06
2017,16.69,6.34,0
2017,19.61,7.1,0
2017,21.86,7.88,0
2017,23.54,8.35,0
2017,24.58,7.62,0
2017,23.97,8.57,0
2017,24.74,8.93,0
2017,25.46,8.93,0
2017,26.4,7.47,0
2017,26.01,7.65,0
2017,21.96,8.11,0
2017,20.9,8.7,0
2017,23.4,10.57,0
2017,27.02,8.32,0.03
2017,26.86,7.2,0
2017,23.93,7.23,0
2017,21.11,8.13,0
2017,19.62,8.98,0
2017,20.07,8.89,0
2017,19.47,8.21,0
2017,19.86,7.73,0
2017,22.71,6.99,0
2017,24.79,7.21,0
2017,25.32,8.66,0
2017,26.37,9.38,0
2017,28.61,9.2,0
2017,29.76,9.2,0
2017,25.56,11.15,0.06
2017,26.39,8.72,0.01
2017,24.87,8.66,0
2017,23.99,9.28,0
2017,24,8.86,0
2017,24.9,7.67,0
2017,26.07,9.23,0
2017,25.03,9.42,0
2017,24.49,8.56,0
2017,24.86,8.55,0
2017,25.06,8.18,0
2017,23.73,9.46,0
2017,23.54,8.96,0.01
2017,24.64,8.34,0
2017,24.03,7.87,0
2017,23.08,9.27,0.01
2017,23.13,11.25,0.02
2017,23.82,11.17,0
2017,24.4,8.72,0
2017,23.43,8.43,0
2017,22.83,9.11,0.04
2017,23.7,10.28,0.06
2017,25.28,9.07,0.12
2017,27.73,9.69,0.7
2017,26.49,13.38,0.19
2017,25.36,14.96,0.8
2017,24.86,11.56,0
2017,23.53,9.21,0
2017,22.79,10.11,0
2017,23.6,10.19,0
2017,24.55,7.44,0
2017,23.8,7.16,0
2017,24.58,7.58,0
2017,25.35,8.11,0
2017,23.68,8.36,0
2017,22.53,8.32,0
2017,19.7,8.95,0
2017,19.19,10.05,0
2017,20.53,9.75,0
2017,22.16,8.93,0
2017,22.66,8.26,0
2017,21.05,9.59,0
2017,21.05,9.12,0
2017,21.69,8.94,0
2017,22.88,8.27,0
2017,20.54,8.61,0
2017,21.34,9.45,0
2017,22.52,8.39,0.01
2017,25.73,6.19,0
2017,27.36,7.72,0
2017,30.01,7.89,0.02
2017,31.25,7.99,0.01
2017,30.57,9.01,0.1
2017,31.68,9.88,1.03
2017,32.08,8.93,0
2017,30.88,9.72,0.07
2017,28.4,13.29,0.8
2017,23.62,13.09,1.37
2017,24.39,12.58,0.05
2017,24.65,10.61,0
2017,24.34,9.25,0
2017,22.45,8.48,0.13
2017,22.7,8.1,0.09
2017,25.05,10.5,0.22
2017,25.37,12.18,0.3
2017,23.43,12.76,0.06
2017,19.9,10.08,0.02
2017,18.97,11.03,0.13
2017,20.01,11.51,0.1
2017,20.46,10.5,0.04
2017,20.36,10.97,0.07
2017,19.53,10.63,0.03
2017,19.51,10.64,0.05
2017,19.15,10.39,0.02
2017,18.16,9.42,0.71
2017,16.6,7.12,0
2017,17.42,7.27,0
2017,20.01,5.75,0
2017,21.61,4.3,0
2017,22.26,5.84,0
2017,22.94,6.84,0
2017,24.68,5.84,0
2017,24.09,6.62,0
2017,20.72,8.69,0
2017,19.14,9.63,0
2017,18.21,8.28,0.2
2017,17.09,9.2,0
2017,18.83,6.03,0
2017,21.06,5.87,0
2017,23.61,4.05,0
2017,24.4,4.39,0
2017,19.54,8.33,0
2017,20.2,4.03,0
2017,20.48,5.33,0
2017,18.51,7.02,0
2017,17.94,6.89,0
2017,18.31,5.33,0
2017,20.65,4.33,0
2017,23.55,3.73,0
2017,25.02,3.76,0
2017,26.01,4.7,0.01
2017,23.07,8.6,0
2017,19.26,9.26,0.02
2017,17.89,7.78,0.07
2017,17.98,4.26,0
2017,23.03,4.4,0
2017,27.09,4.35,0
2017,27.79,4.51,0.01
2017,26.55,4.2,0
2017,24.85,5.81,0
2017,23.59,6.39,0
2017,22.55,6.9,0
2017,18.83,7.71,0.04
2017,16.17,9.68,0.22
2017,16.19,9.85,0.29
2017,16.52,8.93,0.16
2017,14.78,8.39,0.52
2017,14.94,8.24,0.08
2017,16.16,9.05,0.1
2017,15.27,8.61,0.43
2017,15.78,7.99,0.01
2017,17.28,8.59,0
2017,17.25,9.38,0
2017,15.86,9.17,0.01
2017,15.81,9.17,0
2017,16.09,7.21,0
2017,15.81,7.28,0.01
2017,16.73,6.19,0
2017,17.79,6.3,0
2017,19.6,6.38,0.01
2017,18.6,6.42,0.02
2017,16.81,9.01,0.21
2017,15.85,3.62,0
2017,16.38,2.88,0
2017,17.06,4.45,0
2017,21.62,4.75,0
2017,24.05,6,0
2017,23.58,5.53,0
2017,21.65,5.9,0
2017,21.41,6.03,0
2017,18.13,5.98,0.01
2017,13.8,6.14,0.29
2017,14.94,4.43,0
2017,15.95,4.85,0.01
2017,16.18,5.67,0
2017,17.23,5.9,0
2017,17.18,6.2,0
2017,14.28,6.79,0
2017,12.62,2.46,0
2017,12.11,1.96,0
2017,14.92,2.52,0
2017,14.97,2.31,0
2017,16,2.95,0
2017,17.14,2.49,0
2017,17.99,2.16,0
2017,17.65,2.06,0
2017,16.54,2.05,0
2017,17.73,2.81,0
2017,16.84,3.47,0
2017,16.78,3.41,0
2017,13.35,6.67,0
2017,12.84,2.88,0
2017,13.64,2.94,0
2017,13.2,4.5,0
2017,10.41,5.48,0.14
2017,7.92,2.4,0
2017,10.36,1.93,0
2017,12.73,2.51,0
2017,14.87,3.43,0
2017,14.59,3.93,0
2017,14.51,4.15,0
2017,16.93,4.4,0
2017,18.04,3.56,0
2017,19.67,3.45,0
2017,16.62,3.9,0.01
2017,14.29,4.46,0
2018,15.53,3.54,0
2018,17.42,3.58,0.01
2018,17.75,3.51,0.01
2018,16.86,5.91,0.01
2018,16.3,8.29,0
2018,15.87,8.3,0
2018,16.5,7.49,0.03
2018,16.58,8.43,14.08
2018,11.68,7.95,56.2
2018,11.84,7.32,0.18
2018,14.13,6.61,0.06
2018,16.58,6.03,0
2018,17.52,4.76,0
2018,16.8,5.18,0
2018,16.12,5.08,0
2018,15.51,5.54,0
2018,17.06,5.43,0
2018,17.14,6.08,0
2018,12.63,7.76,0.73
2018,8.63,4.53,0.07
2018,8.97,3.17,0
2018,11.47,3.49,0
2018,13.23,3.81,0
2018,13.69,3.93,0
2018,10.43,5.93,0.18
2018,10.27,4.18,0
2018,13.09,3.29,0
2018,17.02,4.38,0
2018,18.59,4.39,0
2018,18.07,4.46,0
2018,18.23,4.46,0
2018,18.35,4.72,0
2018,18.89,4.74,0
2018,18.45,5.68,0
2018,18.79,5.41,0
2018,17.37,6.15,0
2018,15.81,5.9,0
2018,17.18,4.23,0
2018,18.13,4.53,0
2018,17.11,5.74,0
2018,13.25,7.76,0.03
2018,12.93,4.55,0
2018,11.08,6.27,0.62
2018,11.13,5.65,0.13
2018,12.8,7.24,0.65
2018,13.85,5.4,0.01
2018,14.07,3.03,0
2018,13.99,3.86,0
2018,12.16,5.93,0
2018,6.93,3.51,0.01
2018,6.95,2.51,0
2018,8.29,3.23,0
2018,8.49,4.72,0.04
2018,6.73,3.22,0.07
2018,7.89,2.53,0
2018,10.27,3.22,0
2018,10.26,4.86,3.52
2018,6.81,4.12,1.76
2018,8.26,4.23,0
2018,9.72,5.69,0.48
2018,10.47,7.45,11.81
2018,9.11,6.34,4.06
2018,9.32,3.65,0
2018,12.58,2.97,0
2018,15.34,3.16,0
2018,15.37,4.38,0
2018,15.46,5.71,0
2018,14.63,7.5,0.14
2018,12.86,8.52,13.87
2018,14.8,9.05,3.06
2018,16.32,8.29,0.31
2018,15.45,9.18,3.48
2018,12.64,7.5,6.31
2018,11.96,5.8,5.85
2018,10.47,6.27,4.97
2018,10.18,5.53,2.69
2018,10.42,4.44,0.04
2018,13.62,4.11,0
2018,15.29,5.3,0.79
2018,16.18,7.82,15.41
2018,14.55,9.48,25.72
2018,13.57,7.95,0.23
2018,11.56,6.54,0.05
2018,11.04,5.19,0.01
2018,11.25,4.04,0
2018,14.35,3.72,0
2018,16.11,5.66,0
2018,17.27,6.5,0
2018,18.62,6.37,0
2018,16.63,5.8,0
2018,13.5,6.68,0
2018,13.64,7.74,0
2018,15.64,8.16,0
2018,14.99,7.75,0
2018,15.13,7.02,0
2018,16.29,8.78,0.03
2018,16.79,10.03,0.26
2018,17.09,5.95,0
2018,22.36,5.25,0
2018,22.19,5.62,0
2018,16.99,7.64,0.13
2018,13.27,4.82,0.02
2018,16.31,3.66,0
2018,18.65,3.84,0
2018,16.24,5.75,0.03
2018,11.97,6.05,0.03
2018,12.55,4.44,0.02
2018,13.69,5.18,0
2018,11.78,5.34,0.81
2018,14.62,5.91,0
2018,18.93,5.55,0
2018,19.84,6.04,0
2018,18.67,6.58,0
2018,17.62,5.6,0
2018,16.85,5.58,0
2018,14.28,6.7,0
2018,14.31,6.68,0
2018,14.89,6.77,0
2018,14.26,7.39,0
2018,13.32,7.25,0.08
2018,11.85,6.61,1.68
2018,13.19,7.18,0.59
2018,16.86,7.16,0.02
2018,21.49,6.05,0
2018,22.78,5.84,0
2018,20.46,6.39,0
2018,19.32,6.53,0.03
2018,18.89,7.15,0.03
2018,20.05,8.79,0.12
2018,17.96,8.32,0.01
2018,14.87,9.02,0.6
2018,14.48,8.2,0.42
2018,14.93,8.21,0.19
2018,15.5,8.4,0.01
2018,15.18,7.87,0
2018,15.41,6.63,0
2018,15.39,7.8,0
2018,16.08,9.08,0
2018,16.85,9.64,0
2018,16,8.89,0.09
2018,14.51,8.43,0.32
2018,15.3,8.65,0.06
2018,15.96,8.46,0.09
2018,15.73,8.09,0.14
2018,15.02,7.93,0.11
2018,15.65,8.12,0.02
2018,17.36,8.45,0.02
2018,18.85,8.74,0.03
2018,18.43,8.77,0.05
2018,16.76,8.99,0.18
2018,16,8.68,0.05
2018,18.45,7.1,0
2018,21.27,6.65,0
2018,21.91,7.68,0
2018,20.56,7.16,0
2018,17.84,8.84,0
2018,16.98,8.66,0
2018,17.83,7.73,0
2018,21.36,7.82,0
2018,21.2,8.53,0
2018,21.19,6.82,0
2018,22.38,7.33,0
2018,22.73,7.67,0
2018,22.8,6.69,0
2018,22.24,7.45,0
2018,20.81,7.59,0
2018,17.07,8.67,0
2018,15.61,8.41,0.04
2018,17.72,9.2,0
2018,19.78,8.99,0
2018,21.46,8.47,0
2018,20.59,9.38,0
2018,21.75,7.69,0
2018,19.45,8.86,0
2018,19.46,8.6,0
2018,19.87,7.34,0
2018,20.69,7.71,0
2018,20.84,7.21,0
2018,19.81,7.52,0
2018,19.44,9.45,0
2018,20.6,9.03,0
2018,21.46,7.51,0
2018,20.61,7.72,0
2018,19.83,8.75,0
2018,21.04,8.36,0
2018,26.06,6.82,0
2018,33.31,5.83,0
2018,31.66,8.46,0.15
2018,29.9,9.12,0.49
2018,27.91,8.21,0
2018,25.83,9.08,0.01
2018,25.86,9.85,0.11
2018,25.28,10.9,0.02
2018,25.53,9.22,0
2018,25.61,9.98,0
2018,25.27,10.18,0
2018,23.81,9.69,0
2018,24.15,10.47,0
2018,22.97,11.9,0.05
2018,24.86,12.8,0.01
2018,24.33,12.96,0.01
2018,23.39,12.34,0
2018,25.1,10.44,0
2018,28.08,11.05,0
2018,29.12,11.08,0
2018,27.82,10.15,0
2018,26.91,8.99,0
2018,26.19,9.07,0
2018,24.91,9.4,0
2018,26.15,8.59,0.01
2018,27.04,9.28,0
2018,27.75,9.7,0.01
2018,27.43,9.15,0
2018,26.18,9.47,0
2018,26.9,7.93,0
2018,26.35,8.63,0
2018,26.42,8.4,0
2018,27.96,7.49,0
2018,27.91,8.75,0
2018,27.19,7.67,0
2018,28.69,8.23,0.01
2018,26.87,9.59,0.03
2018,24.94,10.34,0.02
2018,23.86,10.3,0.02
2018,23.76,8.34,0
2018,23.28,8.26,0
2018,23.64,10.03,0
2018,24.43,11.81,0.06
2018,24.83,12.87,0
2018,24.61,12.73,0
2018,25.57,11.72,0
2018,23.33,11.73,0.17
2018,23.07,9.76,0
2018,22.92,8.83,0
2018,22.8,8.25,0
2018,21.72,8.67,0
2018,21.36,10.14,0
2018,20.73,9.41,0
2018,19.83,8.64,0
2018,20.6,9.29,0
2018,22.8,8.85,0
2018,23.37,6.63,0
2018,22.97,8.46,0
2018,21.39,10.98,0
2018,22.1,11.77,0
2018,22.21,12.07,0
2018,21.77,10.15,0
2018,21.69,9.59,0
2018,22.19,8.09,0
2018,24.12,7.23,0
2018,26.83,7.63,0
2018,25.91,8,0
2018,22.44,9.02,0
2018,20.9,9.68,0
2018,20.09,9.76,0
2018,22.77,7.19,0
2018,25.23,5.72,0
2018,22.84,7.27,0
2018,23.15,6.54,0
2018,22.82,5.64,0
2018,21.55,6.6,0
2018,21.48,7.38,0
2018,21.28,8.67,0.01
2018,22.19,7.11,0
2018,24.09,7.47,0
2018,21.69,8.82,0
2018,19.14,9,0
2018,20.63,9.46,0
2018,22.7,8.01,0
2018,24.21,6.78,0
2018,21.09,8.17,0
2018,18.79,8.11,0.06
2018,21.38,9.54,0
2018,24.27,9.27,0
2018,22.12,9.87,0.01
2018,19.27,11.38,1.69
2018,18.62,10.69,0.43
2018,19.88,10.34,0.05
2018,18.91,10.33,0.04
2018,18.41,8.86,0.01
2018,18.01,8.35,0.15
2018,17.14,8.34,0.23
2018,16.24,8.5,0.11
2018,16.76,8.49,0.25
2018,19.18,9.01,2.95
2018,17.62,10.77,10.51
2018,18,9.15,0.23
2018,17.39,3.4,0
2018,18.19,4.29,0
2018,19.04,5.26,0
2018,20.19,5.58,0
2018,21.34,5.72,0
2018,21.76,6.47,0
2018,20.1,9.23,0.01
2018,18.69,8.58,0.01
2018,19.67,8.14,0
2018,19.97,7.94,0
2018,20.14,6.76,0
2018,22.94,5.56,0
2018,22.84,5.41,0
2018,21.59,5.4,0
2018,19.21,7.53,0
2018,17.53,5.89,0
2018,18.43,3.89,0
2018,20.3,4.98,0
2018,22.03,6.17,0
2018,21.64,6.07,0
2018,21.35,6.74,0
2018,18.51,7.75,0.01
2018,17.53,8.08,0
2018,16.41,7.57,0
2018,17.22,4.1,0
2018,16.87,2.47,0
2018,15.67,3.72,0
2018,15.64,3.56,0
2018,15.02,2.37,0
2018,15.18,2.54,0
2018,17.16,3.05,0
2018,17.81,3.91,0
2018,17.11,4.93,0
2018,15.18,5.98,0
2018,16.65,4.85,0
2018,15.97,5.31,0.01
2018,15.85,6.9,0.01
2018,14.87,8.04,3.47
2018,14.56,8.53,5.86
2018,14.35,8.12,0.02
2018,15.06,9.05,0.11
2018,15.05,5.9,0.03
2018,15.65,3.85,0
2018,16.04,4.88,0
2018,14.04,7.7,2.47
2018,13.5,8.72,30.4
2018,12.16,6.54,0.3
2018,10.82,5.9,0.09
2018,9.89,4.7,0.05
2018,11.74,4.25,0
2018,12.33,3.77,0.08
2018,11.33,6.7,19.58
2018,11.75,8.06,39.22
2018,13.22,6.96,1.32
2018,13.38,6.36,0
2018,13.7,6.42,0
2018,13.85,6.08,0
2018,13.45,5.33,0
2018,12.46,6.06,0
2018,13.94,4.1,0
2018,13.85,4.66,0
2018,15.11,5.28,0
2018,14.39,6.36,0
2018,12.74,8.06,0.26
2018,12.96,7.39,0
2018,14.78,6.33,0
2018,16.44,5.78,0
2018,15.05,6.7,0
2018,13.99,6.24,0.02
2018,13.97,6.77,0.04
2018,13.05,7.19,0.51
2018,11.57,6.48,1.42
2018,10.57,4.82,0
2018,9.12,4.31,0
2018,7.37,2.93,0
2018,8.28,2.94,0
2018,10.53,4.7,0
2018,8.41,3.89,0.08
2019,6.12,2.32,0
2019,8.43,2.62,0
2019,9.47,3.28,0
2019,10.65,4.25,0
2019,10.57,7.26,12.45
2019,10.1,6.59,1.21
2019,10.76,7.44,4.67
2019,12.64,7,0.03
2019,12.89,8.18,0.08
2019,12.49,7.58,0.15
2019,11.33,6.91,0.16
2019,10.48,6.6,23.76
2019,9.78,6.19,0.08
2019,9.98,6.94,31.65
2019,10.91,7.31,25.9
2019,13.24,9.3,17.38
2019,13.28,9.55,31.6
2019,12.36,7.39,0.15
2019,14.56,6.65,0
2019,14.63,8.22,0.05
2019,9.41,5.51,0.11
2019,9.09,3.71,0
2019,11.17,4.14,0.03
2019,13.83,5.46,0
2019,13.28,4.97,0
2019,14.35,4.91,0
2019,15.45,6.34,0
2019,15.95,7.1,0
2019,15.34,7.42,0
2019,13.56,7.92,0.13
2019,11.28,8.01,31.95
2019,11.73,7.87,3.62
2019,11.2,7.99,54.01
2019,10.55,7.5,13.66
2019,10.52,7.4,18.43
2019,8,5.66,4.02
2019,5.48,3.8,0.01
2019,7.66,4.03,0
2019,8.06,4.4,0.04
2019,8.62,6.09,4.98
2019,7.72,5.8,5.22
2019,6.95,3.63,0
2019,10.16,4.63,0
2019,10.6,7.11,21.37
2019,12.34,8.96,38.99
2019,10.03,7.01,5.11
2019,8.6,5.57,0.23
2019,6.78,5.25,2.36
2019,6.06,4.04,0.18
2019,6.62,3.55,0
2019,7.48,4.99,1.88
2019,6.43,4.66,2.15
2019,7.06,3.95,0
2019,8.44,5.09,0
2019,11.08,5.23,0
2019,12.02,7.02,0
2019,11.23,6.79,0.11
2019,12.01,7.62,0.78
2019,12.6,8.61,1.68
2019,12.89,8.37,0.95
2019,12.39,8.95,26.62
2019,11.52,8.06,3.08
2019,11.91,7.37,0.39
2019,12.81,7.56,4.77
2019,12.62,8.75,28.11
2019,10.84,7.04,0.61
2019,9.29,5.67,0.09
2019,9.08,5.8,0.01
2019,9.25,5.95,0.41
2019,10.9,6.06,2.06
2019,12.35,6.81,1.68
2019,10.83,5.45,0.05
2019,10.75,4.06,0
2019,12.05,4.61,0
2019,14.46,5.38,0
2019,16.88,6.66,0
2019,16.21,8.24,0.04
2019,13.84,8.21,0.16
2019,11.66,7.41,3.09
2019,10.49,6.93,5.14
2019,11.88,7.03,0.04
2019,12.55,7.81,0.05
2019,13.26,7.23,0.02
2019,14.91,7.3,0.01
2019,14.03,7.67,0.03
2019,13.24,8.41,0.11
2019,12.92,7.8,0.02
2019,13.56,6.72,0.01
2019,15.84,6.39,0
2019,17.81,6.37,0
2019,17.19,7.72,0
2019,14.21,8.76,0.13
2019,13.21,8.02,0.13
2019,12.96,7.98,0.38
2019,12.75,7.89,0.12
2019,14.22,8.27,0.03
2019,17.36,8.67,0
2019,20.34,9.08,0
2019,17.04,7.82,0.01
2019,14.2,5.87,0
2019,14.54,6.48,0
2019,14.86,6.65,0
2019,15.95,7.08,0
2019,15.27,6.9,0
2019,13.18,6.67,0.01
2019,12.63,7.57,0.08
2019,15.66,7.34,0
2019,19.12,7.61,0
2019,17.44,7.88,0.01
2019,12.81,7.98,0.03
2019,14.25,7.77,0
2019,16.68,8.01,0
2019,18.93,8.02,0
2019,18.64,8.17,0
2019,18.18,8.13,0
2019,16.45,8.31,0.05
2019,14.86,8.69,0.18
2019,14.95,8.6,0.28
2019,14.08,8.51,1.32
2019,13.33,8.21,0.35
2019,15.15,7.92,0.02
2019,15.97,8.27,0
2019,16.28,8.45,0
2019,15.33,8.49,0
2019,14.15,7.95,0.1
2019,14.13,8.27,0.5
2019,13.81,8.67,0.41
2019,15.24,9.08,0.4
2019,14.61,9.12,0.67
2019,15.52,8.8,2.36
2019,16.76,9.65,0.62
2019,17.78,9.76,0.18
2019,17.09,9.78,0.13
2019,16.94,8.64,0.05
2019,14.8,8.38,0.45
2019,14.39,8.02,12.98
2019,14.43,6.82,0.02
2019,14.46,8.17,2.33
2019,12.41,7.58,8.43
2019,13.88,7.22,0.13
2019,13.9,7.64,0.22
2019,13.05,7.04,2.07
2019,13.22,8.16,1.36
2019,15.57,8.02,0.02
2019,14.73,8.46,0.32
2019,12.42,7.77,3.27
2019,13.17,6.84,0.03
2019,15.58,8.38,0.02
2019,17.53,9.35,0.03
2019,17.43,7.76,0.01
2019,15.68,7.51,0.01
2019,16.39,9.12,0.1
2019,17.33,10.2,0.19
2019,17.97,9.53,0.05
2019,18.89,9.83,0.04
2019,18.65,8.76,0.01
2019,17.83,7.76,0
2019,17.69,8.87,0.02
2019,19.3,8.41,0.01
2019,23.1,7.83,0.01
2019,25.88,7.5,0
2019,26.36,8.67,0
2019,22.46,9.09,0
2019,17.81,8.03,0
2019,17.58,9.56,0
2019,18.73,10.39,0.01
2019,17.59,9.43,0.02
2019,18.3,10.49,0.89
2019,20.03,11.26,0.03
2019,19.14,10.01,0.01
2019,17.35,10.03,0.19
2019,17.62,10.44,0.46
2019,20.1,9.09,0.12
2019,20.47,8.64,0.04
2019,18.5,9.09,0.03
2019,17.34,10.48,0.01
2019,18.5,9.67,0
2019,19.26,9.01,0
2019,19.48,8.2,0
2019,21.14,7.96,0
2019,22.43,8.07,0
2019,22.26,8.06,0
2019,20.57,9.19,0
2019,19.51,10.11,0
2019,19.54,9.98,0
2019,19.57,9.54,0
2019,20.18,8.44,0
2019,18.25,9.03,0
2019,18.47,10,0.03
2019,20.26,8.71,0.01
2019,22.08,7.9,0
2019,23.56,7.99,0
2019,24.5,8.56,0
2019,24.53,8.2,0
2019,23.91,7.7,0
2019,24.95,8.89,0
2019,23.94,8.31,0
2019,21.22,8.27,0
2019,20.86,7.97,0
2019,19.06,7.95,0
2019,19.62,8.16,0.01
2019,22.54,6.45,0
2019,24.06,7.84,0
2019,26.3,9.6,0.03
2019,28.18,8.81,0.01
2019,28.16,9.75,0.11
2019,26.74,10.05,0.01
2019,27.31,9.98,0.01
2019,25.82,8.77,0.01
2019,22.97,8.7,0.02
2019,23.57,8.88,0.01
2019,22.21,7.9,0
2019,23.98,6.5,0
2019,25.17,7.44,0
2019,25.28,7.82,0
2019,25.38,7.57,0
2019,25.49,6.56,0
2019,25.79,7.85,0
2019,23.15,7.99,0.01
2019,22.24,6.95,0
2019,22.21,7.35,0
2019,21.68,8.6,0
2019,22.22,8.71,0
2019,22.73,7.38,0
2019,24.62,6.37,0
2019,26.55,6.2,0
2019,25.96,6.69,0
2019,23.59,7.73,0
2019,20.21,8.78,0
2019,20.84,8.45,0
2019,21.7,7.19,0
2019,23.98,6.28,0
2019,25.66,7.85,0
2019,23.02,8.62,0
2019,21.86,8.93,0
2019,24.54,8.7,0
2019,25.92,6.99,0
2019,27.07,6.73,0
2019,25.04,8.61,0
2019,23.02,8.74,0
2019,24.9,8.88,0
2019,25.49,10.56,0
2019,25.65,8.67,0
2019,26.33,8.3,0
2019,27.29,8.91,0.01
2019,27.17,10.03,0.35
2019,28.94,9.54,0.02
2019,27.95,9.67,0.04
2019,26.69,9.57,0.01
2019,24.66,10.58,0
2019,22.08,9.18,0
2019,20.95,10.28,0
2019,19.73,10.9,0
2019,21.65,9.76,0
2019,24.71,7.4,0
2019,27.27,6.9,0
2019,27.07,7.08,0
2019,24.41,7.6,0
2019,22.01,8.52,0
2019,21.25,8.6,0.01
2019,20.86,9.01,0
2019,19.82,9.99,0
2019,20.67,8.68,0
2019,23.02,7.58,0
2019,23.66,7.18,0
2019,21.75,7.99,0
2019,24.87,7.38,0
2019,23.5,9.49,0
2019,20.53,12.08,0.14
2019,19.79,12.07,0.26
2019,17.87,10.66,0.45
2019,16.54,6.35,0
2019,16.37,6.77,0
2019,16.77,5.77,0
2019,18.6,5.75,0
2019,18.82,7.31,0
2019,18.91,5.98,0
2019,20.68,5.49,0
2019,22.48,6.28,0
2019,22.7,6.05,0
2019,20.95,6.02,0
2019,16.9,7.91,0.02
2019,18.33,3.53,0
2019,19.86,2.61,0
2019,20.22,5.39,0
2019,18.19,8.68,0.01
2019,17.58,7.96,0.01
2019,21.11,6.06,0
2019,22.52,6.72,0
2019,18.42,8.37,0
2019,18.52,5.46,0
2019,19.55,6.18,0
2019,21.09,6.13,0
2019,23.21,5.72,0
2019,24.76,5.38,0
2019,24.22,5.04,0
2019,24.17,3.3,0
2019,23.9,4.17,0
2019,21.81,6.84,0
2019,16.5,9.09,0
2019,16.4,3.41,0
2019,15.29,6.61,0
2019,14.22,1.75,0
2019,15.47,2.01,0
2019,17.43,2.51,0
2019,19.5,3.7,0
2019,19.57,6.65,0
2019,20.2,4.29,0
2019,20,5.52,0
2019,18.25,6.69,0
2019,18.95,5.63,0
2019,21.58,4.03,0
2019,21.71,4.3,0
2019,18.83,5.58,0
2019,18.28,5.8,0.01
2019,19.66,5.77,0
2019,17.94,4.95,0.04
2019,16.78,5.78,0.01
2019,15.38,6.74,0.01
2019,19.34,5.02,0
2019,21.51,3.88,0
2019,22.13,4.49,0
2019,17.64,8.5,0.51
2019,11.84,7.1,9.49
2019,12.08,7.19,1.01
2019,13.65,6.7,0
2019,15.28,5.58,0
2019,15.59,4.8,0
2019,13.75,5.92,0
2019,11.24,3.25,0
2019,9.67,6.25,15.83
2019,7.85,6.18,43.27
2019,7.59,5.29,1.76
2019,8.85,5.41,2.13
2019,11.16,4.8,0.04
2019,13.98,6.08,0
2019,13.87,6.44,4.26
2019,12.5,8.4,27.6
2019,12.99,7.87,0.13
2019,13.9,8.13,3.15
2019,14.12,9.66,5.11
2019,12.59,9.02,4.79
2019,12.63,6.76,0.28
2019,12.41,5.86,0.05
2019,13.2,5.94,0
2019,15.14,7.92,0
2019,15.3,8.81,0.01
2019,12.75,8.13,0.07
2019,9.03,4.98,0.01
2019,9.96,3.48,0
2019,9.32,2.95,0
2019,9.7,3.48,0
2019,10.35,4.24,0
2019,13.16,4.23,0
2019,13.45,5.27,0
2019,13.02,7.83,14.99
2019,11.3,7.73,17.14
2019,9.85,6.23,0.35
2019,8.52,6,29.39
2019,6.83,5.55,32.28
2019,8.02,4.77,0
2019,7.88,4.11,0
2019,8.24,4.71,0.02
2019,9.04,5.08,0.62
2019,11.7,4.83,0
2020,10.99,5.46,0
2020,11.51,6.11,0
2020,14.2,6.24,0
2020,13.31,6.29,0
2020,12.24,5.25,0
2020,13.4,4.39,0
2020,13.8,5.01,0
2020,10.55,6.39,0.01
2020,8.45,5.78,0.32
2020,10.07,4.44,0
2020,9.89,5.75,0
2020,9.09,5.92,0
2020,9.56,5.45,0
2020,9.83,6.09,0
2020,9.87,5.31,0
2020,9.56,6.7,6
2020,9.47,4.95,0.51
2020,11.06,4.22,0
2020,13.99,5.62,0
2020,12.86,7.61,0.6
2020,11.12,7.37,0.32
2020,12.18,7.5,0.02
2020,14.69,6.51,0
2020,15.06,6.77,0
2020,14.72,6.41,0
2020,12.52,6.99,0.01
2020,13.43,6.55,0
2020,13.81,6.24,0
2020,12.09,5.09,0.01
2020,13.81,5.11,0
2020,15.7,5.43,0
2020,17.38,5.51,0
2020,14.94,6.47,0.08
2020,7.59,3.22,0
2020,6.55,2.11,0
2020,8.92,3.27,0
2020,11.09,5.76,0
2020,13.53,7.4,0.09
2020,13.51,6.92,0.14
2020,10.94,6.43,3.01
2020,12.2,4.3,0.48
2020,12.74,4.08,0
2020,11.74,6.41,0
2020,12.32,6.02,0
2020,12.57,5.86,0
2020,13.15,6.25,0
2020,14.28,7.39,0
2020,13.9,7,0
2020,13.9,6.09,0
2020,13.44,6.7,0.01
2020,15.51,5.41,0
2020,15.38,6.41,0.04
2020,11.73,7.49,2
2020,12.67,7.55,0.18
2020,14.11,6.33,0.03
2020,16.71,4.5,0
2020,15.79,4.57,0
2020,17.46,5.04,0
2020,18.12,5.73,0
2020,14.26,7.23,0.09
2020,10.84,6.4,1.24
2020,11.68,4.5,0.48
2020,15.67,4.9,0
2020,14.98,6.74,0.01
2020,16.53,6.66,0
2020,15.19,7.44,0.05
2020,11.2,7.02,0.68
2020,11.45,6.18,0.03
2020,13.12,6.72,1.97
2020,13.96,8.91,10.38
2020,14.39,8.66,1.37
2020,13.05,8.42,53.24
2020,11.94,7.69,11.49
2020,12.5,7.97,4.52
2020,11.77,6.99,1.83
2020,10.97,7.03,16
2020,9.15,5.01,0.52
2020,10.29,5.3,0.2
2020,9.6,6.38,3.15
2020,11.4,6.76,0.6
2020,12.58,6.95,0.04
2020,12.65,7.71,20.41
2020,11.99,7.34,3.32
2020,11.71,7.24,0.97
2020,10.44,6.42,1.06
2020,8.9,5.01,0.25
2020,9.94,5.18,0.02
2020,11.11,6.52,0.02
2020,12.08,7.01,0.05
2020,13.79,6.92,0
2020,15.65,7.38,0
2020,15.9,8.27,0.06
2020,14.45,7.34,0.07
2020,13.09,6.1,0
2020,13.12,7.7,0.32
2020,12.18,7.66,6.14
2020,11.4,7.53,29.39
2020,11.85,6.84,13.79
2020,10.01,6.23,5.15
2020,9.36,6.61,25.42
2020,11.1,6.64,8.43
2020,13.61,7.64,0.06
2020,12.38,8.19,0.79
2020,13.69,8.2,0.16
2020,15.74,6.28,0.01
2020,16.62,6.72,0
2020,14.99,8.2,0.01
2020,13.23,7.76,0.11
2020,13.07,7.91,0.21
2020,13.85,8.3,0.02
2020,14.15,8.49,0.01
2020,15.54,8.38,0.01
2020,18.75,8.45,0
2020,21.45,9.42,0
2020,23.38,8.68,0
2020,22.47,9.41,0
2020,21.82,9.09,0.06
2020,20.15,8.77,0
2020,20.94,9.26,0
2020,19.8,9.52,0
2020,19.92,9.6,0
2020,18.74,8.29,0
2020,18.28,8.32,0
2020,17.78,8.52,0
2020,19.52,7.1,0
2020,22.41,7.24,0
2020,23.28,7.3,0
2020,23.15,8.03,0
2020,21.45,8.59,0
2020,19.59,9.12,0
2020,17.38,8.26,0.02
2020,15.21,7.88,0.04
2020,15.03,8.44,0.24
2020,16.05,7.67,0.01
2020,17.99,8.37,0
2020,19.11,8.73,0
2020,19.25,8.88,0
2020,17.92,9.46,0.12
2020,16.18,9.41,2.82
2020,14.96,6.98,0.02
2020,16.76,7.33,0.01
2020,18.8,7.53,0
2020,17.33,8.84,0.06
2020,17.51,7.61,0.02
2020,18.73,7.73,0
2020,21.69,8.06,0
2020,22.82,8.65,0
2020,22.03,9.12,0
2020,20.18,9.05,0
2020,18.02,9.09,0
2020,16.69,8.41,0
2020,18.05,8.72,0
2020,21.4,8.4,0
2020,21.59,9.27,0
2020,24.77,9.68,0
2020,20.42,9.81,0.01
2020,17.5,9.93,0.3
2020,16.96,9.06,0.2
2020,17.93,5.94,0
2020,19.93,4.27,0
2020,23.79,4.8,0
2020,25.03,5.77,0
2020,23.44,7.34,0
2020,19.2,8.16,0
2020,19.01,7.33,0
2020,19.25,8.07,0.02
2020,19.91,9.25,0.01
2020,18.67,9.38,0
2020,19.31,9.45,0
2020,19.7,9.36,0
2020,19.35,9.98,0.12
2020,18.93,10.33,0.28
2020,19.19,9.66,0.13
2020,20.64,9.33,0.08
2020,21.09,8.92,0.04
2020,20.22,8.77,0.04
2020,19.31,8.9,0
2020,21.46,8.44,0
2020,19.9,9.31,0.01
2020,17.92,10.38,0.14
2020,17.99,8.03,0.05
2020,19.31,8.96,0.02
2020,18.42,9.58,0
2020,19.43,8.89,0
2020,22.44,7.12,0
2020,23.86,8.41,0
2020,24.46,8.82,0
2020,24.67,8.52,0
2020,23.23,8.79,0
2020,21.5,9.4,0
2020,22.04,8.08,0
2020,25.26,7.52,0
2020,26.94,7.41,0
2020,27.16,8.85,0
2020,23.52,9.46,0
2020,21.02,8.71,0
2020,20.55,8.44,0
2020,20.84,8.28,0
2020,20.94,8.93,0
2020,22.21,8.38,0
2020,21.97,9.32,0
2020,22.45,9.46,0
2020,21.14,9.17,0
2020,19.37,8.07,0
2020,18.53,8.44,0
2020,20.02,8.5,0
2020,21.11,8.82,0
2020,22.88,7.94,0
2020,21.78,8.26,0
2020,22.3,8.03,0
2020,22.95,7.3,0
2020,25.85,7.65,0
2020,27.78,7.32,0
2020,26.98,7.23,0
2020,24.76,9.05,0
2020,24.6,8.52,0
2020,22.49,9.36,0
2020,20.12,10.19,0
2020,19.65,9.35,0
2020,20.84,9.29,0
2020,22.27,9.01,0
2020,23.01,8.27,0
2020,22.52,7.13,0
2020,23.01,6.1,0
2020,25.46,6.5,0
2020,27.32,8.24,0
2020,29,9.84,0
2020,29.58,10.97,0.01
2020,28.16,12.51,0.11
2020,28.41,10.37,0.01
2020,29.91,10.86,0
2020,29.31,12.45,0.12
2020,28.4,11.77,0.3
2020,27.68,10.74,0
2020,27.73,11.5,0.06
2020,26.18,13.87,0.01
2020,26.15,11.38,0
2020,26.05,11.21,0
2020,26.01,10.3,0
2020,26.83,9.29,0
2020,24.95,7.24,0
2020,22.38,7.92,0
2020,21.34,8.29,0
2020,20.03,8.76,0
2020,20.54,8.75,0
2020,22.44,9.62,0
2020,24.35,10.13,0
2020,27.07,9.38,0
2020,33.11,7.17,0
2020,33.93,7.18,0
2020,27.56,11,0
2020,24.15,9.35,0.01
2020,23.97,5.2,0
2020,24.53,5.6,0
2020,24.16,5.99,0
2020,24.06,7.54,0
2020,23.27,7.67,0
2020,24.61,7.68,0
2020,24.98,6.78,0
2020,25.63,5.55,0
2020,25.64,5.68,0
2020,26.81,7.25,0.03
2020,24.38,8.65,0
2020,22.25,8.49,0
2020,21.67,8.4,0
2020,22.4,7.59,0
2020,23.25,7.87,0
2020,24.1,7.76,0
2020,22.24,9.14,0
2020,21.76,9.29,0
2020,22.54,9.42,0
2020,25.01,7.64,0
2020,27.78,5.59,0
2020,29.73,5.34,0
2020,29.06,5.69,0
2020,27.82,6.54,0
2020,26.11,7.15,0
2020,26.69,5.32,0
2020,26.01,5.27,0
2020,24.68,6.89,0
2020,22.17,8.3,0
2020,18.75,10.37,0
2020,18.6,10.23,0
2020,19,10.68,0
2020,20.45,9.82,0.12
2020,25.33,7.1,0
2020,26.39,6.96,0
2020,26.25,6.72,0
2020,26.36,7.22,0
2020,27.31,5.2,0
2020,24.49,7.24,0
2020,22.19,9.66,0
2020,20.93,8.64,0
2020,20.11,7.18,0
2020,18.63,7.81,0
2020,17.84,10.56,0.01
2020,17.93,10.43,0.01
2020,16.86,9.77,0.01
2020,15.38,8.85,0.16
2020,14.47,2.18,0.01
2020,17.11,3.26,0
2020,18.28,5.38,0
2020,20.16,4.82,0
2020,21.07,5.1,0
2020,21.95,4.57,0
2020,22.38,5.11,0
2020,20.46,7.23,0
2020,19.89,7.35,0
2020,22.24,5.35,0
2020,24.26,4.7,0
2020,17.72,9.06,0.53
2020,10.61,6.08,4.53
2020,10.21,5.61,1.74
2020,9.41,3.75,0
2020,11.74,3.87,0
2020,13.1,4.79,0
2020,13.68,5.8,0
2020,13.19,6.66,0
2020,14.78,5.89,0
2020,18.87,4.2,0
2020,20.04,4.16,0
2020,17.51,6.05,0
2020,14.83,8.44,0
2020,15.23,6.22,0
2020,17.52,5.03,0
2020,17.83,4.83,0
2020,16.79,6.04,0
2020,13.18,6.39,0
2020,13.18,5.68,0
2020,13.28,6.8,0
2020,11.69,3.69,0
2020,12.19,2.45,0
2020,12.92,2.73,0
2020,14.25,3.07,0
2020,16.68,3.54,0
2020,16.32,3.4,0
2020,16.14,2.99,0
2020,13.18,2.35,0
2020,13.38,2.55,0
2020,14.32,3.33,0
2020,15.19,3.13,0
2020,14.95,3.15,0
2020,17.32,2.69,0
2020,16.39,5.52,0
2020,11.71,7.22,0
2020,9.77,5.93,0
2020,10.95,5.91,0.1
2020,12.07,4.18,0.01
2020,10.9,5.47,0.06
2020,11.87,3.23,0
2020,13.73,3.86,0
2020,12.21,6.7,0.02
2020,11.26,3.99,0
2020,12.99,3.2,0
2020,16,3.06,0
2020,17.35,3.7,0
2020,14.41,7.09,0.06
2020,13.73,2.67,0
2020,12.85,2.37,0.38
2020,14.18,4.28,0
2020,13.26,5.86,0
2020,11.58,6.29,0.82
2020,9.29,6.48,33.32
2020,9.07,4.17,0.18
2020,10.53,2.91,0.02
2020,10.48,3.94,0.01
2021,11.42,3.66,0
2021,11.7,5.31,0
2021,11.14,5.44,0
2021,11.95,6,0
2021,11.8,5.29,0
2021,14.52,4.52,0
2021,13.65,4.36,0
2021,13.7,3.82,0
2021,12.58,3.47,0
2021,12.28,3.59,0
2021,12.71,3.73,0
2021,12.75,3.92,0
2021,14.73,3.55,0
2021,18.61,4.95,0
2021,19.1,4.1,0
2021,19.64,4.67,0
2021,18.61,4.24,0
2021,16.65,4.36,0
2021,12.39,4.15,0.02
2021,14.97,5.64,0.03
2021,13.87,7.39,0.01
2021,11.54,7.11,0.39
2021,8.77,5.54,5.84
2021,8.29,5.03,2.35
2021,6.62,4.36,3.77
2021,5.93,3.73,0.13
2021,8.25,5.46,1.29
2021,10.12,6.14,28.63
2021,7.92,5.82,9
2021,8.81,4.44,0.02
2021,12.48,4.41,0
2021,14.34,5.59,0
2021,14.74,6.23,0
2021,13.01,6.32,0
2021,10.92,4.51,0
2021,12.76,4.36,0
2021,15.16,4.24,0
2021,14.24,4.92,0
2021,11.51,5.5,0
2021,9.86,5.94,0.01
2021,11.45,6.66,0.02
2021,12.35,7.08,0.03
2021,12.39,6.29,0.9
2021,11.17,5.95,0.03
2021,11.3,4.91,0
2021,11.97,6.59,0.06
2021,11.44,5.42,0.02
2021,10.9,4.3,0
2021,11.62,3.08,0
2021,13.88,4.59,0
2021,11.53,4.69,0
2021,12.63,3.31,0
2021,15,3.51,0
2021,16.46,4.82,0
2021,15.03,5.99,0
2021,12.61,2.47,0
2021,13.21,3.69,0
2021,13.19,4.44,0
2021,12.48,2.57,0
2021,12.86,3.16,0
2021,13.07,3.73,0
2021,9.62,6.32,4.78
2021,11.91,5.89,0.06
2021,15.25,5.16,0
2021,12.91,6.63,0
2021,11.07,6.66,0.36
2021,11.93,6.5,0.15
2021,10.48,5.17,0.29
2021,8.62,5.64,12.43
2021,7.4,4.92,7.31
2021,8.28,4.48,0.98
2021,10.21,5.18,0.02
2021,10.89,6.4,0.14
2021,9.23,5.09,5.29
2021,8.31,4.36,0.01
2021,11.05,4.88,0.01
2021,13.06,5.36,0
2021,14.38,7.3,0.06
2021,13.02,6.06,0.16
2021,11.73,4.28,0
2021,12.29,4.75,0
2021,12.37,5.49,0.04
2021,13.3,3.82,0
2021,10.11,6.35,0.17
2021,11.89,5.15,0.06
2021,15.41,4.04,0
2021,18.85,4.48,0
2021,17.99,5.36,0
2021,15.91,4.91,0
2021,18.59,3.41,0
2021,19.97,3.89,0
2021,16.27,6.58,0
2021,16.45,5.68,0
2021,17.69,6.09,0
2021,16.48,7.32,0
2021,15.87,7.28,0
2021,17.47,6.94,0
2021,17.76,6.14,0
2021,17.51,6.02,0
2021,18,5.87,0
2021,15.94,7.02,0
2021,14.88,7.78,0.03
2021,12.63,7.85,0.16
2021,11.39,5.81,0.01
2021,13.36,6.15,0
2021,14.79,6.17,0
2021,16.17,5.97,0
2021,19.77,3.88,0
2021,19.72,4.84,0
2021,15.5,6.91,0
2021,13.01,7.15,0.04
2021,13.39,7.7,0.16
2021,13.44,7.53,0.12
2021,13.69,7.51,0.03
2021,13.13,6.86,0.28
2021,12.38,6.5,0.39
2021,13.54,5.71,0.04
2021,18.25,4.8,0
2021,22.68,4.8,0
2021,23.35,5.63,0
2021,17.63,7.47,0
2021,15.78,7.14,0
2021,18.73,6.43,0
2021,20.07,6.88,0
2021,20.5,7.15,0
2021,17.33,7.39,0
2021,15.87,7.68,0
2021,17.19,7.39,0
2021,17.24,7.5,0
2021,17.31,8.61,0
2021,18.71,7.9,0
2021,18.54,7.7,0
2021,16.8,7.59,0
2021,16.05,7.4,0
2021,14.32,7.98,0.13
2021,13.99,8.01,0.64
2021,16.58,8.92,0.18
2021,18.77,8.2,0.02
2021,17.33,6.84,0
2021,16.22,5.94,0
2021,15,5.19,0
2021,14.43,6.25,0.03
2021,16.91,6.17,0
2021,22.16,5.15,0
2021,22.03,6.45,0.01
2021,18.85,8.07,0.02
2021,17.35,7.75,0.03
2021,17.76,7.47,0.02
2021,16.76,8.42,0.03
2021,18.66,8.82,0.04
2021,19.88,8.3,0
2021,21.18,6.93,0
2021,21.25,7.35,0
2021,19.48,8.18,0
2021,19.58,7.19,0
2021,18.86,7.43,0
2021,16.77,8.13,0.01
2021,15.75,8.32,0.09
2021,17.05,8.23,0.02
2021,17.36,6.6,0
2021,18.87,5.2,0
2021,20.41,5.58,0
2021,22.17,6.15,0
2021,22.42,7.22,0
2021,24.83,7.63,0
2021,27.46,6.91,0
2021,26.52,7.83,0.01
2021,25.65,8.4,0
2021,23.68,8.45,0.02
2021,22.44,8.47,0
2021,21.7,8.15,0
2021,21.1,8.14,0
2021,22.44,7.48,0
2021,21.8,8.54,0.03
2021,19.51,8.35,0
2021,21.7,8.13,0
2021,24.69,8.44,0
2021,26.46,9.35,0
2021,25.49,9.9,0
2021,22.87,10.52,0.01
2021,22.54,9.87,0.01
2021,23.27,9,0
2021,23.83,7.19,0
2021,24.35,7.59,0
2021,21.71,6.92,0
2021,22.41,6.94,0
2021,23.46,6.95,0
2021,24.5,7.33,0
2021,25.81,9.13,0
2021,26.7,9.59,0
2021,25,9.99,0
2021,25.11,9.96,0
2021,23.02,9.45,0.05
2021,24.45,9.21,0
2021,24.4,8.83,0.07
2021,23.83,8.62,0
2021,23.39,8.41,0
2021,24.34,8.5,0
2021,26.26,9.08,0.14
2021,25.97,9.84,0.01
2021,25.48,9.06,0
2021,26.26,8.87,0
2021,24.63,9.22,0
2021,23.59,8.71,0
2021,22.89,8.09,0
2021,22.19,8.06,0.02
2021,22.06,10.44,1.73
2021,24.13,9.37,0.04
2021,25.58,8.33,0
2021,25.26,8.74,0
2021,24.92,7.9,0.01
2021,24.74,7.4,0.01
2021,25.09,7.67,0
2021,26.66,6.94,0
2021,26.94,7.99,0
2021,26.79,8.68,0
2021,25.39,8.43,0
2021,23.34,8.24,0
2021,22.1,8.16,0
2021,22.02,8.14,0
2021,22.81,7.64,0.13
2021,25.72,7.86,0.4
2021,26.25,8.14,0
2021,25.82,7.54,0.01
2021,25,7.54,0
2021,25.14,8.81,0
2021,24.51,9.56,0
2021,25.12,9.82,0
2021,22.81,12.22,0.06
2021,21.15,12.48,0.17
2021,21.46,11.76,0.02
2021,21.67,11.37,0
2021,20.2,11.09,0.1
2021,20.68,10.35,0.03
2021,20.22,10.4,0.01
2021,21.47,8.91,0
2021,24.18,7.5,0
2021,26.85,6.29,0
2021,26.54,6.15,0
2021,25.92,6.67,0
2021,26.37,7.09,0
2021,23.64,8.19,0.01
2021,20.81,8.85,0.02
2021,20.23,11.58,0.03
2021,20.29,10.69,0
2021,22.62,7.11,0
2021,26.13,5.58,0
2021,28.05,6.34,0
2021,25.28,9.66,0
2021,24.36,10.11,0.02
2021,24.91,8.71,0.01
2021,26.52,9.35,0.62
2021,26.18,9.69,0.12
2021,26.32,9.36,0.02
2021,25.49,7.36,0
2021,24.46,6.12,0
2021,21.82,7.09,0
2021,20.45,6.93,0
2021,18.41,7.25,0
2021,18.93,7.54,0
2021,18.53,7.85,0
2021,19.89,8.86,0
2021,22.08,8.51,0
2021,26.36,6.5,0
2021,26.66,8.72,0
2021,23.71,9.42,0
2021,22.31,7.88,0.18
2021,20.77,9.01,0.02
2021,17.84,9.04,0.02
2021,17.97,10.08,0.06
2021,17.66,9.77,0.01
2021,19.13,6.77,0
2021,22.77,4.36,0
2021,23.68,4.41,0
2021,24.94,4.66,0
2021,25.28,6.04,0
2021,24.25,7.34,0.18
2021,20.52,11.12,2.7
2021,18.89,11.17,0.02
2021,17.73,10.56,0.65
2021,16.6,9.39,1.43
2021,17.13,6.38,0.01
2021,19.09,5.62,0
2021,16.73,6.04,0.02
2021,14.02,3.4,0
2021,15.64,4.06,0
2021,17.76,5.36,0
2021,20.26,3.83,0
2021,20.69,4.15,0
2021,17,7.7,0.05
2021,14.36,7.09,0.34
2021,14.1,6.64,0.01
2021,16.66,6.49,0
2021,18.33,5.94,0
2021,16.52,7.18,0.15
2021,15.98,8.82,0.3
2021,15.52,9.08,0.29
2021,13.57,8.95,14.85
2021,14.18,6.23,0.04
2021,18.85,6.27,0
2021,22.04,7.11,0
2021,21.43,7.12,0
2021,17.02,7.21,0
2021,14.72,8.3,0
2021,14.66,8.88,0
2021,16.54,8.92,0
2021,18.79,7.46,0
2021,19.12,6.9,0
2021,18.8,6.63,0
2021,16.28,6.16,0
2021,15.19,6.69,0
2021,14.43,7.24,0.03
2021,14.57,8.58,0.02
2021,17.46,7.44,0
2021,21.43,6.12,0
2021,22.49,5.92,0
2021,22.01,5.96,0
2021,22.16,5.23,0
2021,20.45,5.55,0
2021,16.23,5.99,0
2021,14.93,6.66,0
2021,16.53,6.22,0
2021,15.24,6,0
2021,15.36,5.89,0
2021,18.58,4,0
2021,18.87,3.74,0
2021,16.68,8.12,0
2021,15.29,4.56,0
2021,14.53,2.42,0
2021,15.67,2.89,0
2021,17.39,4.17,0
2021,18.43,4.27,0
2021,18.99,4.57,0
2021,19.19,4.33,0
2021,19.19,4.42,0.01
2021,16.04,4.95,0.04
2021,13.79,5.7,0.01
2021,13.55,6.07,0.02
2021,14.85,5.09,0
2021,15.05,6.15,0.04
2021,12.6,7.51,0.39
2021,13.17,6.82,0.13
2021,10.69,7.24,3.34
2021,9.35,4.57,0.01
2021,10.74,2.98,0
2021,11.24,4.45,0
2021,10.6,6.77,3.74
2021,9.73,7.02,49.12
2021,7.72,3.94,0.1
2021,8.95,5.95,1.18
2021,10.24,4.7,0.31
2021,11.09,3.46,0
2021,11.59,4.91,0
2021,11.75,4.66,0
2021,13.92,4.97,0
2021,14.31,5.8,1.99
2021,12.19,8.23,50.74
2021,11.52,8.08,13.12
2021,9.72,6.88,9.67
2021,8.78,5.55,3.09
2021,7.91,6.01,6.32
2021,6.94,5.12,0.44
2021,8.37,6.44,30.05
2021,10.49,7.83,60.31
2021,9.74,6.51,0.12
2022,7.3,3.86,0
2022,7.96,3.39,0
2022,9.49,4.52,0
2022,10.33,5.57,0
2022,11.87,6.18,0
2022,14.77,6.87,0
2022,11.93,7.25,0
2022,10.8,6.18,0
2022,11.96,5.12,0
2022,12.2,4.74,0
2022,12.92,4.49,0
2022,14.24,5.14,0
2022,15.03,6.74,0
2022,15.3,6.63,0
2022,13.62,6.34,0.38
2022,15.05,7.31,0.01
2022,13.44,9.21,2.23
2022,12.6,8.17,0.27
2022,11.69,6.92,0.01
2022,13.93,5.54,0
2022,13.37,4.98,0
2022,11.32,4.47,0
2022,12.86,4.75,0
2022,12.92,5.93,0
2022,12.14,6.25,0
2022,11.35,4.34,0
2022,11.44,4.23,0
2022,11.29,3.7,0
2022,11.3,4.52,0
2022,11.86,5.07,0
2022,11.71,5.83,0
2022,10.68,6.21,0
2022,8.7,3.02,0
2022,9.79,3.8,0
2022,10.38,3.78,0
2022,11.2,4.15,0
2022,13.67,4.17,0
2022,14.24,4.72,0
2022,15.2,5.09,0
2022,16.84,4.79,0
2022,17.61,5.67,0
2022,18.05,6.03,0
2022,18.75,5.03,0
2022,18.87,5.43,0
2022,16.17,6.71,0.05
2022,10.82,6.43,1.56
2022,10.11,5.4,0.02
2022,12.07,4.32,0.01
2022,13.27,4.38,0
2022,14.97,5.55,0
2022,12.82,6.91,0.12
2022,10.68,6.42,0.24
2022,9,5.59,1.67
2022,6.68,3.95,0.86
2022,7.39,3.11,0
2022,9.44,3.63,0
2022,10.96,3.43,0
2022,12.93,3.58,0
2022,16.27,4.01,0
2022,18.21,4.99,0
2022,18.26,6.29,0
2022,13.95,6.98,0.78
2022,11.84,7.26,3.85
2022,8.71,4.99,0.6
2022,8.78,4.32,0.02
2022,11.01,3.71,0
2022,12.28,4.1,0
2022,12.99,6.76,0
2022,13.01,5.43,0
2022,12.91,3.3,0
2022,15.03,4.57,0
2022,14.39,6.45,0
2022,15.89,6,0
2022,17.18,6.93,0
2022,16.74,7.04,0
2022,17.45,5.55,0
2022,17.44,6.09,0.01
2022,13.94,7.6,1.94
2022,14.05,6.27,0.36
2022,16.24,5.06,0
2022,20.2,6.03,0
2022,20.51,5.79,0
2022,20.8,6.22,0
2022,20.45,6.41,0
2022,17.05,6.58,0.03
2022,13.18,7.07,0.3
2022,12.21,7.81,23.98
2022,13.67,7.22,0.49
2022,14.49,7.8,0.22
2022,14.5,8.11,0.35
2022,15.5,8.11,0
2022,14.9,8.52,0
2022,14.51,8.31,0.01
2022,15.93,6.89,0.05
2022,19.62,7.53,0
2022,21.78,6.55,0
2022,23.55,4.62,0
2022,24.43,5.62,0
2022,20.54,7.95,0
2022,15.62,6.89,0
2022,14.18,7.53,0.08
2022,11.7,3.55,0
2022,13.03,4.22,0.01
2022,13.96,6.01,0
2022,14.51,7.43,0
2022,14.21,7.83,0
2022,15.58,6.98,0
2022,17.3,7.51,0
2022,16.63,7.83,0
2022,14.13,7.22,0
2022,13.57,7.66,2.05
2022,13.28,6.49,3.48
2022,16.02,5.38,0
2022,19.19,4.83,0
2022,20.9,4.53,0
2022,18.43,6.89,0
2022,15.82,8.36,0
2022,14.71,7.37,0
2022,16.28,6.4,0
2022,17.96,7.11,0
2022,16.51,7.78,0
2022,15.95,7.19,0
2022,16.8,6.99,0
2022,19.15,6.68,0
2022,18.84,6.93,0
2022,19.36,7.81,0
2022,18.05,8.23,0.02
2022,15.48,6.78,0.04
2022,13.79,4.77,0.01
2022,13.79,4.9,0
2022,13.6,3.95,0
2022,17.61,4.39,0
2022,21.52,5.63,0
2022,23.86,6.04,0
2022,22.21,6.29,0
2022,18.69,8.04,0
2022,17.27,7.72,0
2022,18.79,8.05,0.01
2022,17.31,8.7,0.06
2022,16.45,8.92,0.18
2022,17.11,8,0.02
2022,16.92,7.54,0
2022,18,7.72,0
2022,19.8,7.88,0
2022,20.34,7.65,0
2022,18.13,8.03,0
2022,16.5,8.41,0
2022,16.55,9.24,0
2022,18.13,7.35,0
2022,18.28,7.12,0
2022,19.36,6.84,0
2022,21.38,7.32,0
2022,19.82,7.97,0
2022,17.91,9.09,0
2022,18.62,9.06,0
2022,20.26,10.01,0
2022,22.19,10.68,0
2022,21.85,9.43,0
2022,22.2,8.01,0
2022,23.5,8.06,0
2022,24.77,8.6,0
2022,23.99,8.21,0
2022,21.62,7.93,0.01
2022,20.73,9.36,0.04
2022,21.63,6.97,0
2022,22.79,7.58,0
2022,21.12,8.61,0
2022,18.08,8.4,0
2022,17.85,7.49,0
2022,20.52,6.46,0
2022,24.28,6.56,0
2022,23.83,6.94,0.05
2022,25.24,8.28,1.22
2022,25.18,8.78,0.23
2022,24.96,7.17,0.01
2022,25.07,6.98,0
2022,25.75,7.18,0
2022,27.66,6.7,0
2022,26.97,7.02,0
2022,25.34,7.35,0
2022,23.8,8.27,0
2022,22.78,7.92,0
2022,21.42,7.51,0
2022,19.32,8.93,0
2022,20.18,9.42,0
2022,21.02,11.21,0
2022,21.24,10.47,0
2022,22.41,8.76,0
2022,22.3,8.33,0
2022,23.59,7.79,0
2022,24.47,8.48,0
2022,23.59,7.51,0.01
2022,20.77,7.45,0.01
2022,21.62,7.32,0.01
2022,22.85,7.93,0.02
2022,25.43,8.7,0.02
2022,26.2,8.5,0
2022,25.27,8.31,0
2022,26.07,8.84,0.02
2022,26.17,7.93,0
2022,24.81,8.98,0
2022,25.48,8.36,0
2022,24.11,8.42,0
2022,23.21,9.38,0
2022,21.94,9.71,0
2022,22.31,8.21,0.02
2022,22.71,7.53,0.02
2022,22.7,7.79,0.02
2022,23.74,8.6,0.02
2022,24.34,8.23,0.03
2022,23.31,10.63,0.11
2022,23.97,12,0.36
2022,24.83,10.96,0.34
2022,24.83,9.65,0.03
2022,24.86,11.35,0
2022,23.56,12.93,0.15
2022,24.46,11.03,0.01
2022,25.71,9.15,0
2022,26.97,8.63,0
2022,26.78,8.93,0.02
2022,26.68,9.13,0
2022,26.72,9.35,0
2022,27,7.72,0
2022,26.97,8.6,0
2022,27.86,7.96,0.02
2022,26.81,8.24,0
2022,26.49,7.75,0
2022,26.92,8.12,0.01
2022,26.66,8.43,0
2022,25.05,8.37,0
2022,25.46,8.77,0
2022,23.15,10.05,0
2022,22.05,11.33,0
2022,23.57,9.83,0
2022,25.71,8.39,0
2022,25.08,9.25,0
2022,25.61,10.19,0.11
2022,25.05,8.78,0
2022,22.73,9.15,0
2022,22.33,9.78,0
2022,23.22,9.77,0
2022,27.11,8.52,0
2022,30.72,7.74,0
2022,30.66,8.32,0
2022,29.03,10.06,0
2022,30.65,10.82,0.11
2022,30.5,11.3,0.22
2022,29.56,11.76,0.04
2022,29.54,10.7,0.13
2022,30.13,8.89,0
2022,29.86,10.12,0.03
2022,27.88,12.88,5.48
2022,25.01,14.19,1.72
2022,24.94,14.34,3.46
2022,23.94,13.86,1.85
2022,22.84,12.1,0.05
2022,21.3,11.14,0.01
2022,20.71,11,0
2022,20.99,10.51,0
2022,20.08,11.23,0.06
2022,19.15,9.68,0.05
2022,19.53,9.9,0.12
2022,20.8,10.99,0.11
2022,20.08,9.57,0
2022,22.32,8.56,0
2022,24.51,8.26,0
2022,25.37,10.02,0
2022,25.97,9.27,0
2022,26.9,9.66,0
2022,26.81,9.55,0
2022,26.37,8.78,0
2022,24.01,8.61,0
2022,20.6,9.05,0
2022,19.33,9.45,0
2022,19.84,9.38,0
2022,21.19,9.56,0.01
2022,22.69,8.98,0
2022,22.56,9.08,0
2022,21.99,9.83,0
2022,22.49,9.79,0.01
2022,22.68,9.31,0.04
2022,22.26,8.84,0.05
2022,21.06,8.78,0.18
2022,20.36,10.81,0.79
2022,20.36,10.53,0.92
2022,19.84,9.43,0.19
2022,19.46,10.48,0.2
2022,18.35,11.01,2.08
2022,18.93,10.98,0.57
2022,20.71,10.04,0
2022,23.68,7.89,0
2022,25.42,7.9,0
2022,24.46,8.61,0
2022,20.36,8.75,0.02
2022,16.49,9.42,0.46
2022,16.23,6.3,0.04
2022,16.75,3.77,0
2022,17.88,5.44,0
2022,16.9,7.07,0
2022,16.61,5.48,0
2022,17.79,5.68,0.02
2022,18.73,5.93,0
2022,19.8,4.89,0
2022,19.3,6.39,0
2022,15.58,8.87,0.91
2022,14.23,6.54,2.88
2022,11.19,4.94,0.21
2022,13.24,4.21,0
2022,15.08,5.42,0
2022,14.98,8.38,0.32
2022,13.87,9.2,8.79
2022,12.98,8.67,36.99
2022,11.4,5.84,1.92
2022,11.62,4.44,0
2022,12.37,3.75,0
2022,12.29,4.59,0
2022,11.61,5.23,0
2022,12.48,4.27,0
2022,13.2,3.65,0
2022,13.56,3.09,0
2022,14.05,3.93,0
2022,13.69,4.78,0
2022,12.93,3.08,0
2022,14,3.28,0
2022,14.23,3.65,0
2022,14.95,4.26,0
2022,14.65,4.54,0
2022,14.96,3.8,0
2022,14.46,4.23,0
2022,14.43,5.2,0
2022,13.9,5.76,0
2022,12.71,7.71,0.03
2022,11.86,5.92,0
2022,11.12,6.03,0.04
2022,10.92,6.47,0.62
2022,11.84,7.64,4.7
2022,14.42,7.57,0.04
2022,12.94,8.79,2.02
2022,11.84,7.06,0.06
2022,10.56,6.33,0.05
2022,10.27,6.1,0.18
2022,10.51,5.44,0
2022,10.67,5.27,0
2022,11.28,7.33,5.15
2022,10.37,6.94,25.98
2022,7.1,5.28,7.02
2022,7.59,4.5,0.06
2022,8.84,4.3,0
2022,10.41,4.35,0
2022,10.99,3.49,0
2022,10.3,3.3,0
2022,10.61,3.63,0
2022,10.71,3.85,0
2022,12.44,4.53,0
2022,13.7,4.75,0
2022,13.96,6.22,0
2022,14.03,6.61,0
2022,15.63,5.61,0
2022,16.91,5.61,0
2022,17.81,6.33,0
2022,12.92,8.07,13.89
2022,11.32,6.78,1.48
2022,10.83,7.14,0.84
2022,11.39,7.69,1.29
2022,12.23,8.9,33.34
2023,10.1,6.53,2.98
2023,8.25,5.7,0.8
2023,10.74,7.99,5.54
2023,12.72,9.18,10.46
2023,11.3,7.91,27.53
2023,10.11,5.57,0.05
2023,11.53,5.58,0
2023,12.65,6.7,0.34
2023,12.5,8.86,62.24
2023,11.96,8.5,22.54
2023,10.3,6.45,0.05
2023,12.34,5.96,0
2023,12.36,6.79,0.01
2023,11.18,8.3,43.26
2023,9.93,7.27,10.43
2023,10.55,7.36,14.89
2023,7.98,5.34,0.24
2023,8.48,4.87,0
2023,8.54,5.47,0.44
2023,7.25,4.19,0
2023,8.18,4.1,0
2023,8.91,4.4,0
2023,7.62,3.78,0
2023,9.86,4.41,0
2023,11.25,4.8,0
2023,10.68,4.62,0
2023,11.19,5.31,0
2023,10.23,6.68,0.09
2023,9.01,6.45,2.96
2023,8.38,5.8,6.58
2023,7.53,3.28,0
2023,9.6,3.94,0.01
2023,11.86,4.78,0
2023,13.01,5.21,0
2023,12.91,5.98,0
2023,11.26,7.13,0.6
2023,9.86,5.03,0.03
2023,11.38,4.89,0
2023,13.62,5.43,0
2023,13.85,5.29,0
2023,13.4,5.02,0
2023,10.17,6.09,0.04
2023,9.41,5.81,0.11
2023,9.93,6.77,0.04
2023,9.08,5.4,0.42
2023,7.3,3.52,0.01
2023,7.97,3.42,0
2023,9,3.81,0
2023,10.57,4.47,0
2023,11.02,5.46,0.01
2023,13.22,6.21,0.03
2023,11.05,7.25,0.51
2023,6.01,4.37,0.42
2023,5.96,5.01,6.79
2023,8.67,6.68,63.28
2023,6.6,5.57,40.23
2023,6.64,4.99,1.32
2023,7.58,6,6.61
2023,8.86,6.13,8.35
2023,7.02,4.99,12.67
2023,8.25,4.39,0
2023,9.38,5.7,0.01
2023,9.03,6.1,0.13
2023,8.41,6.29,1.35
2023,9.07,5.94,0.16
2023,9.45,5.42,0.01
2023,10,5.57,0
2023,11.4,5.93,0.01
2023,10.84,7.83,27.2
2023,13.19,9.09,3.56
2023,13.38,8.3,0.19
2023,12.98,8.01,0.12
2023,11.93,8.63,37.17
2023,12.32,8.63,26.53
2023,11.83,7.16,0.55
2023,13.36,6.98,0.04
2023,14.51,6.08,0
2023,12.52,7.79,4.24
2023,11.61,7.83,4.85
2023,9.62,6.92,37.11
2023,8.85,6.27,6.47
2023,10.03,6.4,1.46
2023,9.89,5.34,0.06
2023,9.89,5.09,0
2023,9.24,4.7,0
2023,11.18,4.47,0
2023,11.93,5.36,0.35
2023,9.91,6.38,18.87
2023,8.7,5.7,5.62
2023,10.2,5.76,0
2023,13.03,6.35,0
2023,12.09,7.53,0
2023,9.83,5.19,0.15
2023,8.69,4.67,0
2023,11.2,5.09,0
2023,13.55,5.1,0
2023,13.54,6.98,0
2023,13.77,7.65,0
2023,16.3,8.29,0
2023,17.08,7.5,0
2023,15.46,7.47,0.02
2023,12.92,8.11,0.47
2023,11.67,7.49,0.85
2023,11.75,6.72,0.02
2023,14.12,7.4,0.01
2023,13.58,7.68,0
2023,12.85,7.85,0.01
2023,12.78,7.08,0.01
2023,12.56,5.63,0
2023,16.49,6.37,0
2023,19.71,7.7,0
2023,19.53,9.09,0
2023,17.36,9.42,0
2023,15.87,8.81,0
2023,16.12,8.21,0
2023,17.71,7.57,0
2023,18.12,7.69,0
2023,17.7,8.09,0
2023,17.68,8.25,0
2023,14.6,7.82,0.34
2023,11.68,7.58,0.93
2023,11.45,6.64,0.29
2023,11.58,6.67,4.69
2023,11.87,7.36,8.4
2023,12.69,7.37,1.46
2023,13.46,7.68,0.01
2023,14.22,7.94,0.01
2023,15.21,8.58,0.01
2023,13.3,8.24,0.09
2023,13.99,8.11,0.02
2023,15.18,8.51,0
2023,17.12,8.9,0
2023,18.44,8.84,0
2023,17.65,9.22,0
2023,17.46,9.25,0
2023,18.62,8.6,0
2023,18.94,8.5,0
2023,17.99,9.32,0
2023,16.72,9.21,0.02
2023,16.96,9.1,0.07
2023,17.91,9.79,0.15
2023,17.07,9.26,0.22
2023,15.85,9.2,0.13
2023,14.87,8.36,0.13
2023,14.54,8.08,0.11
2023,14.33,8.73,0.03
2023,15.77,9.09,0.01
2023,15.88,9.36,0.03
2023,15.95,9.14,0.05
2023,14.72,8.64,0.09
2023,14.99,9.11,0.17
2023,15.46,9.26,0.07
2023,16.44,9.41,0.02
2023,17.08,9.39,0
2023,16.87,8.75,0.02
2023,15.28,8.37,0.1
2023,14.79,8.14,0.24
2023,15.4,8.99,0.24
2023,16.71,9.65,0.04
2023,16.55,9.83,0.11
2023,15.55,9.61,0.24
2023,15.23,9.38,0.93
2023,16.29,9.46,0.17
2023,16.98,9.82,0.03
2023,16.64,9.95,0.04
2023,17.36,10.21,0.05
2023,19.14,10.94,0.02
2023,20.38,11.14,0
2023,17.84,9.76,0
2023,17.09,9.29,0
2023,18.03,7.88,0
2023,18.69,7.55,0
2023,15.8,7.55,0
2023,16.47,8.23,0
2023,17.33,9.1,0
2023,17.28,8.57,0
2023,18.23,9.08,0
2023,18.63,9.06,0
2023,17.61,9.02,0
2023,20.24,9.94,0
2023,22.88,9.3,0
2023,23.51,8.97,0
2023,22.55,9.36,0
2023,22.55,9.02,0
2023,20.28,7.08,0
2023,19.72,7.02,0
2023,18.59,7.85,0
2023,18.55,8.99,0
2023,19.48,9.45,0
2023,19.68,9.04,0
2023,21.75,7.92,0
2023,23.68,7.6,0
2023,24.96,8.66,0
2023,24.8,8.75,0
2023,25.88,8.9,0
2023,26.59,9.58,0
2023,25.4,9.42,0
2023,25.37,9.68,0
2023,26.01,9.54,0
2023,25.96,9.77,0
2023,26.87,9.51,0
2023,26.37,9.05,0
2023,26.37,8.85,0
2023,24.89,10.07,0
2023,26.28,10.48,0
2023,27.54,9.37,0
2023,27.22,9.85,0
2023,26.98,10.51,0
2023,25.94,10.18,0
2023,26.49,10.66,0
2023,26.88,10.86,0.01
2023,26.42,11.04,0.02
2023,25.24,11.17,0.03
2023,23.79,9.16,0
2023,22.93,8.06,0
2023,23.2,9.28,0
2023,24.75,8.94,0
2023,24.85,8.01,0
2023,23.68,7.43,0
2023,23.27,9.74,0
2023,22.98,11.94,0.11
2023,22,11.79,0.18
2023,22.35,12.29,0.07
2023,23.33,12.08,0.01
2023,23.51,9.86,0.02
2023,24.63,9.45,0.03
2023,26.13,8.94,0.08
2023,27.42,10.6,0.11
2023,26.33,8.12,0
2023,24.69,8.15,0
2023,23.34,9.19,0.18
2023,23.11,14.64,61.95
2023,20.81,12.08,3.86
2023,22.55,11.21,0.02
2023,24.08,10.36,0.01
2023,22.29,9.81,0
2023,22.83,8.29,0
2023,24.27,7.83,0
2023,27.05,8.41,0
2023,28.83,8.49,0
2023,28.47,8.8,0
2023,26.6,8.66,0.01
2023,23.74,9.4,0.03
2023,21.44,11.12,1.51
2023,21.47,12.54,1.46
2023,20.29,11.59,0.33
2023,20.8,11.14,0
2023,20.51,11.53,0.02
2023,20.87,10.43,0.02
2023,22.49,8.94,0
2023,25.73,8.89,0
2023,26.76,11.59,0.01
2023,26.45,12.88,0.17
2023,25.32,13.21,0.06
2023,22.95,11.34,0
2023,20.34,10.95,0
2023,20.31,10.5,0
2023,20.93,11.36,0
2023,20.28,11.59,0.03
2023,19.99,11.24,0.04
2023,19.27,10.86,0.01
2023,19.36,11.11,0
2023,18.75,11.11,0.02
2023,17.76,10.38,0.04
2023,18.46,9.45,0
2023,19.07,8.79,0
2023,19.43,8.24,0
2023,19.48,8.15,0
2023,21.14,7.79,0
2023,21.33,9.72,0
2023,19.32,9.95,0.01
2023,17.99,10.37,0.07
2023,16.53,9.91,0.36
2023,15.19,7.73,0.13
2023,17.25,8.74,0
2023,20.48,8.48,0
2023,23.69,7.45,0
2023,25.43,7.24,0
2023,26.11,7.32,0
2023,25.12,8.03,0
2023,24.69,7.59,0
2023,21.6,8.09,0
2023,18.73,10.11,0.08
2023,18.51,8.16,0.09
2023,19.17,6.49,0.02
2023,19.64,7.82,0
2023,21.38,6.91,0
2023,23.69,6.11,0
2023,23.38,6.75,0
2023,22.74,8.12,0
2023,23.97,7.19,0.01
2023,25.33,6.63,0
2023,25.01,7.86,0
2023,22.07,8.94,0
2023,18.3,10.3,0.12
2023,17.88,9.77,0.14
2023,18.16,9.66,0.02
2023,17.2,10.37,0.14
2023,17.55,8.64,0.01
2023,16.51,7.31,0
2023,16.21,5.41,0
2023,16.54,2.65,0
2023,17.06,2.69,0
2023,18.83,3,0
2023,19.61,3.57,0
2023,20.83,4.71,0
2023,21.15,5.47,0
2023,20.74,6.1,0
2023,20.43,6.87,0
2023,17.93,9.43,0
2023,16.19,7.83,0.01
2023,15.95,4.12,0
2023,16.3,3.18,0
2023,16.05,3.57,0
2023,17.28,3.18,0
2023,18.28,4.01,0
2023,16.35,6.83,0
2023,17.83,4.86,0
2023,15.85,7.59,11.38
2023,15.91,9.4,0.97
2023,15.96,8.68,0.63
2023,15.45,9.77,1.56
2023,14.83,6.44,0.12
2023,14.74,3.48,0
2023,16.87,4.33,0
2023,17.72,5.04,0
2023,16.07,8.45,0
2023,13.99,7.23,0.05
2023,12.68,4.6,0.01
2023,12.71,3.56,0
2023,13.62,3.81,0
2023,14.47,4.98,0
2023,12.89,7.63,0.32
2023,12.37,7.53,0.17
2023,11.61,5.97,0
2023,12.07,5.76,0
2023,13.45,6.01,0
2023,17.06,5.81,0
2023,18.5,5.84,0
2023,16.65,7.71,0
2023,13.66,6.47,0
2023,12.12,4.78,0
2023,13.11,2.71,0
2023,15.02,3.22,0
2023,15.78,5.28,0
2023,14.06,6.16,0
2023,13.13,5.33,0
2023,14.41,4.23,0
2023,15.63,3.86,0
2023,16.46,4.12,0
2023,17.34,4.33,0
2023,17.62,6.83,5.38
2023,14.6,9.3,3.81
2023,13.98,9.78,18.76
2023,14.34,9.38,16.72
2023,13.84,8.73,7.77
2023,13.11,8.27,0.1
2023,12.72,6.64,0.05
2023,12.63,5.03,0
2023,14.1,6.52,0
2023,13.88,6.45,0.04
2023,13.18,5.85,0.03
2023,12.64,5.96,0.8
2023,11.45,7.85,10.51
2023,10.43,7.22,0.7
2024,12.14,6.19,0.04
2024,11.55,6.6,0.09
2024,10.86,6.45,5.87
2024,9.76,4.69,0.02
2024,10.8,4.66,0
2024,10.5,4.76,0.12
2024,7.77,4.11,0.26
2024,7.65,2.94,0
2024,9.17,3.65,0
2024,8.77,5.49,0.02
2024,9.17,4.45,0.14
2024,9.11,3.81,0
2024,10.09,5.19,0
2024,10.77,6.4,0
2024,12.1,6.13,0
2024,13.4,6.2,0.01
2024,12,7.83,0.24
2024,12.96,6.81,0.11
2024,13.93,7.71,0.44
2024,12.5,9.09,10.28
2024,12.55,8.29,3.64
2024,12.82,9.06,20.82
2024,12.66,7.52,0.29
2024,11.77,7.92,0.24
2024,12.56,7.31,0.75
2024,13.31,5.26,0
2024,15.82,5.14,0
2024,17.02,6.25,0
2024,17.5,5.83,0
2024,16.24,6.35,0
2024,13.73,7.75,0.92
2024,11.66,8.18,43.31
2024,10.49,6.66,1.98
2024,10.22,6.14,2.63
2024,11.02,7.47,66.16
2024,11.74,8.09,56.07
2024,8.94,6.66,27.08
2024,9.71,6.61,11.35
2024,8.29,5.73,1.17
2024,9.13,5.51,0.56
2024,8.56,4.48,0
2024,9.77,4.23,0
2024,11.02,5.29,0
2024,11.42,7.08,0
2024,11.52,7.35,0.02
2024,12.54,7.46,0.07
2024,12.37,6.89,0.06
2024,12.01,7.29,0.46
2024,12.3,8.13,5.54
2024,12.5,8.85,24.17
2024,12.86,8.73,28.73
2024,12.63,7.92,5.27
2024,12.67,6.99,0.07
2024,14.91,6.71,0
2024,15.25,7.52,0.01
2024,13.71,8.92,0
2024,12.65,7.87,1.3
2024,13.04,7.84,0.31
2024,13.27,7.2,0.05
2024,12.42,8.1,0.25
2024,11.96,7.73,5.57
2024,11.37,7.9,11.1
2024,11.04,7.11,1.66
2024,11.43,6.87,0.05
2024,11.97,7.23,0.05
2024,11.95,7.73,13.91
2024,11.71,6.97,1.43
2024,13.05,6.51,0.02
2024,13.46,6.69,0
2024,12.71,7.09,0
2024,12.18,7.39,0.02
2024,13.22,8.11,0.03
2024,13.23,7.16,0.02
2024,12.07,4.56,0.01
2024,12.39,6.15,0.49
2024,12.6,7.64,0.31
2024,13.79,7.91,0.1
2024,15.57,7.99,0.47
2024,15.64,8.87,0.11
2024,15.19,8.69,0.05
2024,14.43,8.16,0.12
2024,13.79,8.19,0.12
2024,11.81,7.62,6.79
2024,10.09,6.32,1.66
2024,11.6,6.59,0.01
2024,12.4,7.04,0.01
2024,12.78,7.13,0.1
2024,12.52,7.81,0.09
2024,11.2,6.91,4.43
2024,10.93,6.84,37.98
2024,10.52,7.1,14.07
2024,12.99,6.98,0.47
2024,15.56,7.03,0.01
2024,15.27,8.06,0.01
2024,10.37,6.98,0.82
2024,8.02,5.52,2.71
2024,9.65,4.75,0.01
2024,10.91,5.77,0
2024,12.86,5.66,0
2024,16.31,5.67,0
2024,17.76,7.32,0
2024,18.4,7.59,0.01
2024,13.38,7.44,0.19
2024,11.96,7.58,7.42
2024,9.81,6.75,6.01
2024,12.91,6.78,0.03
2024,16.73,7.71,0
2024,16.95,8,0
2024,15.23,7.61,0
2024,13.92,8.37,0
2024,15.76,8.82,0
2024,17.37,8.89,0
2024,15,8.35,0.01
2024,13.66,8.01,0.02
2024,13.34,8.27,0
2024,12.77,8.12,0.04
2024,14.17,7.85,0.16
2024,14.56,7.53,0.02
2024,16,8.27,0
2024,17.22,7.93,0
2024,16.66,8.55,0.01
2024,16.08,8.13,0.04
2024,15.66,8.05,0.08
2024,15.44,9.05,0.15
2024,13.49,8.61,1.31
2024,13.21,5.98,0.91
2024,14.76,6.31,0.01
2024,15.64,6.95,0
2024,15.77,6.95,0
2024,16.65,7.84,0
2024,16.79,8.03,0
2024,17.13,8.27,0
2024,17.1,8.53,0
2024,15.67,8.27,0
2024,15.29,8.48,0
2024,14.87,9.33,0.03
2024,16.32,9.54,0.03
2024,15.83,9.71,0.03
2024,15.34,8.77,0.01
2024,14.46,8.21,0
2024,14.42,8.25,0
2024,15.84,8.03,0
2024,15.55,8.67,0
2024,15.37,9.14,0.01
2024,14.82,8.77,0.01
2024,14.66,8.26,0
2024,15.85,8.88,0
2024,16.55,8.88,0
2024,16.11,8.3,0.05
2024,16.87,8.7,0
2024,17.38,9,0
2024,16.91,8.76,0
2024,16.67,9.17,0
2024,17.14,9.27,0.59
2024,18.6,9.89,0.01
2024,20.23,9.93,0
2024,20.92,9.3,0
2024,19.82,9.95,0
2024,18.97,11.32,0.02
2024,18.06,10.51,0.01
2024,17.71,10.08,0.01
2024,18.99,9.58,0
2024,19.54,8.89,0
2024,19.18,9.21,0
2024,18.89,7.65,0
2024,21.29,9.41,0
2024,22.75,8.85,0
2024,20.42,8.72,0
2024,19.05,8.98,0
2024,19.47,6.44,0
2024,18.69,9.14,0
2024,20.01,9.09,0.03
2024,22.53,8.55,0
2024,24.6,8.11,0
2024,24.88,8.46,0.01
2024,24.62,10.56,0.02
2024,23.45,11.11,0
2024,22.03,10.79,0
2024,22.01,11.11,0
2024,20.9,10.15,0
2024,21.5,7.35,0.03
2024,23.91,7.4,0
2024,22.91,8.14,0
2024,23.33,8.23,0
2024,25.18,8.16,0
2024,24.9,9.36,0
2024,27.39,9.77,0
2024,25.55,10.79,0
2024,23.53,9.66,0
2024,24.55,8.65,0
2024,25.02,8.62,0
2024,26.64,8.87,0
2024,25.15,9.89,0.01
2024,24.15,10.35,0.03
2024,23.23,9.28,0.02
2024,23.09,9.49,0.06
2024,23.35,9.36,0.04
2024,22.25,10.05,0
2024,23.46,11.1,0
2024,24.62,9.78,0
2024,25.7,8.57,0
2024,27.07,7.84,0
2024,25.75,8.41,0
2024,26.23,8.11,0
2024,26.54,9.03,0
2024,26.58,9.46,0
2024,27.17,9.97,0
2024,25.72,9.7,0
2024,22.3,8.73,0
2024,21.8,7.05,0
2024,22.42,6.59,0
2024,22.8,6.42,0
2024,24.2,6.8,0
2024,25.34,8.84,0
2024,27.07,9.42,0.05
2024,27.64,7.83,0
2024,27.37,8.29,0
2024,28.83,7.65,0
2024,28,9.05,0
2024,25.3,8.41,0
2024,24.97,8.4,0
2024,25.47,9.18,0
2024,26.06,9.54,0
2024,25.98,9.09,0
2024,25.49,8.75,0
2024,24.62,9.32,0
2024,24.58,9.47,0
2024,25.52,8.26,0
2024,25.12,9.12,0
2024,22.52,9.55,0
2024,23.46,8.79,0
2024,25.72,7.28,0
2024,27.41,6.87,0
2024,25.46,7.99,0
2024,22.05,9.48,0
2024,20.1,9.03,0
2024,19.98,9.06,0
2024,21.88,9.09,0
2024,24.08,8.1,0
2024,23.44,7.93,0
2024,21.71,8.04,0
2024,21.04,7.87,0
2024,22.24,8.89,0
2024,24.7,9.4,0
2024,25.62,9.14,0
2024,25.66,9.57,0
2024,27.74,8.74,0.01
2024,29.37,8.22,0
2024,32.86,7.05,0
2024,32.95,7.66,0
2024,30.63,9.18,0.01
2024,32.26,8.78,0.21
2024,31.07,7.14,0
2024,26.47,6.96,0
2024,20.82,8.84,0
2024,19.93,9.49,0
2024,20.35,11.1,0
2024,20.17,10.56,0
2024,18.62,10.87,0.01
2024,17.2,8.71,0.01
2024,17.56,8.47,0
2024,18.33,9.73,0.01
2024,18.4,10.11,0.05
2024,18.81,10.42,0.2
2024,19.52,10.54,0.02
2024,21.91,8.97,0
2024,24.01,7.89,0.03
2024,22.68,7.56,0
2024,20.52,7.7,0
2024,21.09,7.93,0
2024,21.85,7.3,0
2024,21.2,6.08,0
2024,21.7,6.37,0
2024,24.03,6.46,0
2024,26.44,7.29,0
2024,27.23,7.51,0
2024,26.51,7.89,0
2024,25.18,8.12,0
2024,26.51,7.76,0
2024,26.41,7,0
2024,25.86,6.99,0
2024,24.43,7.14,0
2024,22.91,7.11,0.01
2024,21.98,6.79,0
2024,22.54,5.91,0
2024,21.05,6.4,0
2024,18.92,7.96,0
2024,18.32,8.98,0
2024,18.72,9.49,0
2024,17.53,10.02,0.01
2024,17.37,10.19,0
2024,17.13,4.87,0
2024,19.17,4.93,0
2024,20.87,6.07,0
2024,21.68,5.45,0
2024,23.26,5.24,0
2024,23.16,5.81,0
2024,22.11,6.07,0
2024,21.36,5.89,0
2024,22.16,5.88,0
2024,21.64,7.55,0.01
2024,17.04,8.68,0.38
2024,14.65,6.37,0.04
2024,15.03,6.2,0
2024,15.45,6.5,0
2024,15.23,6.56,0
2024,14.01,8.64,0.35
2024,14.67,5.42,0.01
2024,16.28,3.78,0
2024,16.62,4.98,0
2024,15.2,2.71,0
2024,14.98,2.64,0
2024,15.96,3.72,0
2024,17.26,4.74,0
2024,17.88,4.49,0.03
2024,15.05,6.44,0.1
2024,13.7,4.7,0
2024,16.19,4.25,0
2024,15.47,6.21,0.07
2024,11.63,6.06,0.55
2024,10.86,4.71,0.09
2024,12.47,4.03,0
2024,11.65,5.65,0
2024,12.01,4.06,0
2024,14.96,3.79,0
2024,16.76,4,0
2024,15.66,4.53,0.01
2024,12.37,7.98,1.36
2024,12.57,7.28,0.19
2024,14.51,6.94,0.1
2024,14.4,9.17,1.3
2024,14.77,7.15,0.01
2024,15.14,3.5,0
2024,14.01,3.32,0
2024,17.04,3.55,0
2024,17.09,5.06,0
2024,15.82,4.84,0
2024,14.85,5.67,0
2024,14.22,4.81,0
2024,14.9,4.7,0
2024,17.36,3.66,0
2024,17.33,4.14,0
2024,14.76,6.21,0
2024,12.99,3.89,0
2024,13.06,2.46,0
2024,14.58,2.89,0
2024,12.21,5.93,0.15
2024,11.3,5.89,0.01
2024,12.59,6.86,0.04
2024,11.83,5.18,0
2024,14.21,4.54,0
2024,16.04,4.83,0
2024,17.89,4.24,0
2024,17.82,4.49,0
2024,16.41,4.46,0
2024,14.79,5.03,0.01
2024,14.93,7.35,0.02
2024,15.16,7.5,0.07
2024,13.38,6.77,0.24
2024,11.53,5.16,0.01
2024,13.01,5.37,0
2024,12.08,7.78,0.1
2024,12.78,6.52,0.01
2024,13.68,6.75,0
2024,12.7,6.15,0.01
2024,12.43,4.57,0
