Year,T,H,P
1981,15.33,4.02,0.04
1981,16.39,4.83,0
1981,15.26,4.9,0
1981,12.09,4.16,0.04
1981,12.7,3.09,0.04
1981,10.7,2.29,0
1981,11.77,2.92,0
1981,10.91,3.08,0.1
1981,11.07,1.94,0
1981,13.13,2.48,0.03
1981,11.48,5.79,7.45
1981,11.19,6.62,0.95
1981,12.69,6.18,0
1981,13.08,5.6,0.05
1981,12.57,6.01,0.06
1981,11.95,6.03,0
1981,12.36,5.18,0
1981,13.71,4.76,0
1981,12.42,4.63,0.03
1981,12.69,3.84,0
1981,13.91,3.8,0.02
1981,12.57,4.08,0.58
1981,10.07,5.73,1.5
1981,8.17,3.65,0
1981,8.22,2.6,0
1981,8.32,2.72,0.12
1981,7.98,4.8,8.69
1981,7.88,6.24,24.94
1981,6.92,6.34,10.56
1981,4.49,3.99,0.87
1981,3.64,2.62,0.06
1981,7.23,2.37,0.01
1981,8.54,2.34,0.08
1981,8.4,2.29,0
1981,8.74,2.34,0.01
1981,9.86,2.36,0
1981,9.08,3.09,0
1981,10.38,3.03,0.98
1981,9.24,5.32,18.81
1981,11,6.86,2.15
1981,10.66,5.05,0.02
1981,11.01,6.07,0.07
1981,13.14,5.53,0
1981,14.36,3.64,0
1981,14.21,5.21,0
1981,15.5,4.27,0
1981,17.27,3.74,0.02
1981,17.11,5.63,0
1981,18.73,4.77,0
1981,18.77,4.73,0.02
1981,13.74,3.23,0.02
1981,11.7,1.94,0
1981,14.72,2.7,0
1981,14.21,3.26,0
1981,9.46,5.79,0.6
1981,7.59,5.1,6.06
1981,7.99,3.85,4.66
1981,9.13,2.79,0.17
1981,8.47,5.88,23.97
1981,8.69,6.81,18.16
1981,8.26,6.08,2.42
1981,9.79,5.46,0.62
1981,8.93,6.26,3.79
1981,6.13,5.78,11.34
1981,8.59,5.46,0.12
1981,9.89,5.72,0.16
1981,11.79,4.7,0.02
1981,12.68,3.88,0.01
1981,13.81,4.05,0
1981,13.83,4.01,0.09
1981,12.34,4.59,0.27
1981,8.34,4.99,0.73
1981,8.98,4.64,0.04
1981,11.74,4.52,0.01
1981,13.8,4.84,0
1981,12.26,3.76,0
1981,12.76,4.47,0.34
1981,11.14,5.59,13.38
1981,9.06,5.4,2.72
1981,10.08,6,0.02
1981,13.21,6.78,0.04
1981,14.22,5.45,0
1981,15.83,4.9,0
1981,15.41,6.11,0.89
1981,8.81,5.05,3.11
1981,8.85,4.7,0.14
1981,11.13,5.32,0.03
1981,11.88,5.96,0.01
1981,13.08,4.72,0.01
1981,13.77,3.32,0.01
1981,10.97,4.5,0.13
1981,8.6,5.26,2.86
1981,10.19,4.6,0.02
1981,14.09,3.37,0
1981,17.25,3.13,0
1981,16.54,4.44,0
1981,11.33,5.84,0
1981,12.85,5.64,0
1981,14.58,5.47,0.01
1981,13.7,6.26,0.03
1981,14.47,4.98,0
1981,14.37,3.55,0
1981,15.68,3.78,0
1981,17.08,4.32,0
1981,17.5,4.86,0
1981,18.76,4.26,0.03
1981,16.97,4.88,0.01
1981,10.26,6.37,7.78
1981,9.66,6.02,1.15
1981,12.45,5.07,0.2
1981,17.29,5.07,0
1981,20.53,5.59,0
1981,20.4,5.78,0
1981,16.92,5.96,0
1981,16.56,6.35,0
1981,13.08,6.71,0.09
1981,16.55,4.53,0
1981,21.89,4.81,0.04
1981,23.56,5.14,0
1981,21.19,6.97,0
1981,19.05,7.71,0
1981,17.78,7.12,0
1981,14.95,5.17,0
1981,15.61,5.1,0
1981,14.65,5.13,0
1981,16.2,3.64,0
1981,17.09,3.48,0
1981,19.51,4.17,0
1981,22.27,4.45,0
1981,22.46,5.54,0
1981,20.17,5.86,0
1981,15.81,6.68,0
1981,17.29,6.78,0
1981,16.12,6.78,0.38
1981,15.25,5.9,0.37
1981,14.63,4.72,0.19
1981,17.35,3.88,0
1981,18.27,5.02,0.01
1981,13.1,6.33,1.41
1981,13,5.56,0.02
1981,15.1,5.14,0
1981,17.49,5.8,0.05
1981,20.58,6.06,0
1981,22.36,7.13,0
1981,20.02,7.93,0.12
1981,18.79,8.83,1.8
1981,18.94,8.33,1.83
1981,20.21,8.02,0
1981,21.33,7.35,0
1981,21.71,6.88,0.15
1981,22.09,6.04,0
1981,22.09,5.41,0.01
1981,19.46,6.16,0.04
1981,23.55,5.87,0
1981,27.91,5.55,0
1981,27.83,6.31,0
1981,24.63,7.37,0
1981,24.85,6.09,0
1981,24.87,7.74,0
1981,25.6,7.38,0
1981,24.3,5.62,0
1981,22.67,5.78,0
1981,21.59,4.74,0
1981,22.32,2.49,0
1981,23.23,2.03,0
1981,24.74,2.33,0
1981,28.11,2.74,0
1981,29.23,3.32,0
1981,27.51,4.1,0
1981,27.96,4.11,0
1981,28.55,5.02,0
1981,27.49,6.22,0
1981,27.18,6.88,0
1981,28.29,6.71,0
1981,29.45,5.54,0
1981,29.64,4.87,0.01
1981,29.91,4.36,0
1981,26.14,5.69,0
1981,24.89,5.46,0
1981,26.52,4.39,0
1981,26.61,3.97,0
1981,23.23,5.57,0
1981,25.08,3.68,0
1981,29.55,4.36,0
1981,29.43,5.61,0
1981,28.87,6.91,0
1981,26.2,7.94,0
1981,25.97,8.04,0
1981,26.06,7.3,0
1981,26.52,6.6,0
1981,25.35,6.6,0
1981,25.87,5.54,0
1981,26.47,5.53,0
1981,26.83,4.66,0
1981,28.65,5,0.24
1981,28.08,6.5,0.3
1981,26.05,7.05,0
1981,25.88,6.73,0
1981,27.18,5.58,0
1981,27.99,4.29,0
1981,28.67,3.46,0
1981,26.81,5,0
1981,25.73,6.2,0
1981,26.46,5.76,0
1981,26.05,5.77,0
1981,24.27,6.33,0
1981,23.98,5.42,0
1981,25.33,4.76,0
1981,25.17,5.92,0
1981,24.95,6.09,0
1981,23.19,5.52,0
1981,23.2,4.8,0
1981,24.64,4.67,0
1981,24.52,4.77,0
1981,22.98,5.9,0.02
1981,23.53,6.08,0
1981,26.78,4.59,0.03
1981,28.94,5.04,0.15
1981,26.63,6.42,0
1981,27.71,6.33,0
1981,27.08,6.38,0
1981,25.89,6.55,0
1981,23.76,7.5,0
1981,24.74,7.84,0.57
1981,24.63,7.61,0.15
1981,26.88,8.21,0.85
1981,27.99,6.82,0.01
1981,26.72,7.42,0
1981,25.83,7.56,0.13
1981,24.06,7.61,0.01
1981,24.77,6.34,0.03
1981,27.82,5.11,0
1981,28.75,3.67,0
1981,26.38,4.88,0
1981,25.93,5.11,0
1981,28.87,6.25,0
1981,31.57,8.19,0.2
1981,32.41,7.08,0.01
1981,32.78,6.5,0.01
1981,32.72,5.73,0
1981,31.37,5.2,0
1981,27.2,4.58,0
1981,24.63,4.79,0
1981,24.89,4.95,0
1981,23.81,5.61,0
1981,23.3,5.53,0
1981,24.73,7.01,0.31
1981,23.12,8.63,0.28
1981,23.12,7.43,0.95
1981,25.34,9.07,0.82
1981,27.21,7.45,0.01
1981,25.72,6.26,0
1981,24.26,6.56,0
1981,24.53,5.62,0
1981,26.33,4.95,0
1981,25.6,5.95,0
1981,25.02,5.77,0
1981,26.56,6.38,0.04
1981,28.07,6.51,0
1981,29.23,6.15,0.17
1981,28.84,5.81,0.07
1981,27.33,6.78,0
1981,24.36,7.23,0
1981,23.43,5.98,0
1981,23.54,4.74,0
1981,21.01,4.72,0
1981,18.91,5.08,0
1981,18.89,6.4,0
1981,20.82,5.28,0
1981,22.51,4.85,0
1981,21.7,5.85,0
1981,16.7,8.67,0.15
1981,20.65,6.59,3.93
1981,18.38,8.84,1.12
1981,15.79,8.57,0.16
1981,15.75,7.66,0.01
1981,15.37,6.98,0.01
1981,17.12,4.25,0
1981,21.41,4.72,0
1981,18.69,6.43,0
1981,17.22,5.84,0
1981,17.24,5.6,0
1981,14.9,6.73,0.96
1981,13.09,6.59,1.57
1981,11.15,4.79,0.05
1981,10.92,5.09,0.09
1981,11.58,4.44,0
1981,12.16,3.62,0
1981,13.72,3.28,0
1981,16,3.01,0
1981,18.74,3.35,0
1981,20.37,3.19,0
1981,20.35,3.35,0
1981,20,3.35,0
1981,19.78,2.69,0
1981,20.34,2.49,0
1981,17.85,3.28,0
1981,17.85,3.97,0
1981,15.35,5.6,0
1981,12.4,5.31,0.8
1981,13.29,6.52,1.83
1981,11.13,5.26,0.05
1981,12.69,2.14,0
1981,14.39,2.04,0.32
1981,17.28,2.74,0
1981,18.84,3.37,0
1981,18.38,3.75,0
1981,17.49,3.77,0
1981,16.85,4.48,0.01
1981,12.73,6.09,0
1981,14.26,5.35,0
1981,17.58,3.92,0
1981,17.96,3.64,0
1981,17.05,3.5,0
1981,17.12,3.41,0
1981,16.39,4.47,0
1981,13.3,5.37,0
1981,13.95,8.44,0.01
1981,16.54,8,0
1981,16.8,5.5,0
1981,14.73,6.58,0
1981,13.91,2.47,0.01
1981,14.4,1.83,0
1981,15.61,1.93,0
1981,15.08,3.41,0
1981,15.01,4.57,0
1981,15.87,4.97,0
1981,13.99,5.93,0.05
1981,9.19,3.17,0.21
1981,7.74,5.45,13.61
1981,8.02,6.12,11.04
1981,7.88,5.62,16.64
1981,6.91,4.38,0.15
1981,8.17,3.67,0.1
1981,9.84,2.9,0.05
1981,13.39,4.28,0
1981,13.98,4.63,0
1981,14.96,4.45,0
1981,15.74,4.45,0
1981,14.5,3.95,0
1981,14.15,3.77,0
1981,16.51,3.88,0
1981,15.41,4.64,0
1981,15.15,5.68,0
1981,11.55,5.76,0
1981,10.52,4.15,0
1981,10.32,4.24,0
1981,13.41,3.84,0
1981,14.87,4.99,0
1981,12.94,4.65,0
1981,12.36,3,0
1981,13.38,3.2,0
1981,15.44,4.62,0
1981,12.36,6.81,0.78
1981,8.53,5.25,0.07
1981,7.36,2.57,0
1981,6.8,1.91,0
1981,7.71,2.03,0.07
1981,9.91,3.26,0
1981,10.03,4.17,0
1981,7.82,4.9,0.05
1981,9.72,3.7,0
1981,9.41,5.24,0.55
1981,10.43,7.72,9.22
1981,8.44,6.4,3.65
1982,7.21,5.46,13.27
1982,2.51,3.85,0.92
1982,2.82,2.17,0
1982,4.37,3.32,2.84
1982,7.97,6.87,15.6
1982,6.41,3.83,0.19
1982,2.39,1.03,0
1982,4.38,1.22,0
1982,8.9,2.26,0.31
1982,10.61,4.3,3.63
1982,9.36,5.84,0.18
1982,8.07,4.53,0
1982,7.1,2.47,0
1982,8.94,3.1,0
1982,10.39,3,0
1982,11.76,3,0.01
1982,11.69,3.41,0
1982,7.66,4.18,0.05
1982,5.64,3.93,3.63
1982,7.08,6.31,42.41
1982,4.2,4.51,4.97
1982,3.91,2.88,0
1982,6.82,2.82,0
1982,12.34,4.58,0.26
1982,13.69,4.61,0.04
1982,8.91,5.53,0.01
1982,8.34,5.38,0.14
1982,6.53,5.53,5.21
1982,6,3.33,0.06
1982,7.32,2.6,0.13
1982,9.19,3.16,0.03
1982,7.83,2.41,0.01
1982,7.25,2.71,0
1982,7.95,3.78,0
1982,6.8,4.85,0
1982,5.7,1.92,0
1982,5.62,1.76,0.04
1982,5.49,3.17,1
1982,6.62,4.94,0.74
1982,6.66,5.75,6.9
1982,7.65,6.87,26.85
1982,10.04,5.56,1.34
1982,9.01,3.95,0.06
1982,11.36,4.97,0
1982,12.31,6.96,0.1
1982,12.19,7.69,0.57
1982,12.99,8.09,0.21
1982,11.91,5.34,0
1982,12.04,3.95,0
1982,13.91,4.26,0
1982,16.3,4.8,0.07
1982,17.4,5.08,0
1982,15.06,5.11,0
1982,13.53,5.97,0
1982,11.44,6.56,0
1982,11.67,6.46,0
1982,11.73,5.16,0
1982,12.65,4.11,0
1982,14.44,4.2,0.11
1982,11.16,5.71,3.88
1982,10.11,6.59,0.76
1982,9.12,4.31,0.02
1982,9.21,3.76,0
1982,9.45,2.64,0
1982,11.31,2.62,0
1982,12.39,2.79,0.01
1982,11.5,5.31,0.06
1982,13.65,5.34,0.03
1982,15.04,6.58,1.23
1982,11.62,7.82,5.81
1982,12.61,6.63,3.96
1982,12.3,6.15,3.92
1982,9.35,7.05,16.12
1982,8.07,5.49,5.83
1982,6.85,5.79,32.44
1982,7.53,6.5,35.86
1982,5.81,5.26,2.61
1982,7.05,4.11,0.35
1982,7.94,3.43,0
1982,10.5,3.67,0.31
1982,12.72,4.03,0.1
1982,13.15,4.02,0.14
1982,13.56,4,0
1982,12.39,4.67,2.94
1982,10.44,6.8,5.07
1982,11.99,6.6,0.21
1982,9.34,6.3,5.23
1982,6.98,5.51,7.62
1982,8.17,5,0.91
1982,8.98,5.62,0.8
1982,7.73,6.22,28.26
1982,7.98,4.44,0.01
1982,10.23,5.49,0.02
1982,10.76,5.88,0.04
1982,9.69,5.1,0.03
1982,8.56,5.28,0.01
1982,8.31,3.85,0
1982,11.47,4.37,0
1982,14.02,6.35,0.27
1982,16.65,8.71,4.66
1982,14.36,9.18,2.39
1982,12.29,6.42,0.5
1982,12.4,6.33,0.01
1982,12.35,6.44,0
1982,11.77,5.58,0.05
1982,12.19,5.43,0
1982,14.31,5.67,0.11
1982,16.22,6.16,0
1982,17.81,5.42,0
1982,15.87,3.74,0
1982,12.12,2.66,0.03
1982,15.16,3.89,0.03
1982,17.56,5.35,0
1982,15.93,5.67,0
1982,15.32,6.26,0
1982,15.99,6.94,0
1982,17.02,7.19,0
1982,16.72,7.3,0.01
1982,16.2,7.46,0.04
1982,16.41,7.57,0
1982,16.24,7.62,0.03
1982,17.4,8.22,0.03
1982,17.72,8.08,0.77
1982,14.91,8.51,5.84
1982,16.79,8.05,0.06
1982,19.39,5.78,0
1982,17.85,6.39,0.02
1982,12.52,6.9,0.34
1982,10.41,5.9,0.23
1982,11.45,5.74,0.94
1982,11.93,5.64,0.5
1982,14.37,5.74,0
1982,16.39,6.29,0
1982,15.61,6.4,0
1982,17.74,6.58,0
1982,21.21,6.65,0
1982,21.52,6.85,0
1982,16.02,6.95,0
1982,17.93,5.7,0
1982,19.16,6.07,0
1982,18.4,7.29,0
1982,19.18,6.88,0.01
1982,21.17,7.53,0
1982,22.57,7.58,0
1982,20.21,7.92,0.03
1982,18.02,8.45,0.26
1982,14.88,7.44,0.08
1982,15.94,7.15,0
1982,14.58,7.38,0
1982,16.72,5.49,0
1982,15.94,5.46,0
1982,16.57,5.93,0
1982,15.65,6.02,0
1982,17.22,5.38,0.01
1982,17.43,4.83,0
1982,16.75,5.04,0
1982,16.43,4.68,0
1982,15.69,5.68,0
1982,16.99,6.27,0
1982,18.35,6.84,0.01
1982,18.38,6.79,0
1982,18.65,7.01,0
1982,17.81,6.91,0
1982,16.9,7.04,0
1982,18.63,7.47,0.01
1982,21.23,7.66,0.02
1982,21.44,8.19,0.05
1982,18.39,8.54,0.83
1982,18.04,8.6,0.51
1982,20.8,8.58,0.02
1982,20.85,8.17,0.02
1982,20.16,7.7,0.01
1982,20.22,7.5,0.03
1982,20.46,8.01,0
1982,20.46,7.46,0
1982,22.46,6.54,0
1982,23.58,6.62,0.01
1982,23.18,8.87,0.04
1982,20.17,8.1,0.11
1982,16.52,7.02,0.05
1982,15.93,7,0.07
1982,19.32,7.21,0
1982,20.52,7.52,0
1982,20.51,7.81,0
1982,19.54,7.2,0
1982,18.26,6.97,0
1982,19.57,6.76,0
1982,21.01,6.32,0
1982,21.43,5.97,0
1982,22.71,6.29,0
1982,24.48,6.51,0
1982,25.65,6.07,0
1982,26.56,5.49,0
1982,25.72,6.64,0
1982,25.19,7.04,0
1982,22.57,6.84,0
1982,20.4,5.46,0
1982,21.56,5.5,0
1982,23.49,6.21,0
1982,26.5,5.67,0
1982,27.62,5.27,0
1982,28.18,5.63,0.66
1982,27.39,7.1,0
1982,27.05,7.86,0.62
1982,25.13,8.26,1.1
1982,25.12,8.74,2.81
1982,24.97,10.91,0.85
1982,25.32,7.99,0
1982,26.21,7.64,0.14
1982,28.71,8.81,0.04
1982,29.06,8.51,0.01
1982,28.31,7.73,0
1982,26.43,6.89,0
1982,22.83,5.92,0
1982,21.2,5.19,0
1982,23.49,5.96,0
1982,27.66,5.8,0.01
1982,30.16,6.22,0.49
1982,29.35,5.95,0
1982,29.1,4.97,0.04
1982,28.8,4.87,0
1982,27.67,5,0
1982,25.46,5.37,0.06
1982,24.7,7.33,1
1982,22.47,7.15,0.07
1982,22.64,5.05,0
1982,22.72,4.94,0
1982,26.46,4.71,0.02
1982,27.12,4.93,0
1982,27.38,5.23,0
1982,29.31,6.26,0.15
1982,30.5,7.68,0.41
1982,31.93,9.11,0.89
1982,29.51,9.17,0.34
1982,26.32,8.77,0.22
1982,23.63,9.71,1.38
1982,25.78,10.84,1.47
1982,25.73,11.42,0.27
1982,25.77,10.42,0.56
1982,24.23,8.5,0
1982,24.01,7.17,0
1982,24.82,6.91,0
1982,26.77,5,0
1982,30.7,3.98,0
1982,31.02,4.44,0.1
1982,31.15,5.09,0
1982,28.76,6.31,0
1982,29.22,7.06,0
1982,28.55,5.64,0.38
1982,26.03,5.87,3.12
1982,24.25,10.53,1.34
1982,24.39,11.4,0.14
1982,21.1,10.22,0.04
1982,21.07,6.52,0
1982,20.21,5.17,0.01
1982,17.63,7.4,0.01
1982,17.73,7.61,0.05
1982,15.9,8.76,1.06
1982,16.01,8.5,2.04
1982,18.17,6.87,1.29
1982,21.14,9.37,0.06
1982,20.29,7.7,0
1982,21.32,5.16,0
1982,24.09,5.01,0
1982,26.46,3.82,0
1982,26.2,5.35,0.02
1982,25.45,10.38,0.28
1982,23.09,12.54,5.53
1982,18.95,11.37,10.25
1982,15.31,6.42,0.97
1982,15.35,6.47,0
1982,13.73,6.88,0.06
1982,14.28,3.86,0
1982,16.59,3.95,0.02
1982,19.39,3.71,0
1982,19.08,4.89,0
1982,16.75,7.12,0.04
1982,17.3,4.4,0
1982,18.5,3.83,0
1982,16.47,4.35,0
1982,16.88,2.31,0
1982,16.24,2.93,0.02
1982,15.08,2.37,0
1982,16.29,2.33,0
1982,17.76,2.93,0
1982,18.51,3,0
1982,19.89,3.25,0
1982,21.06,3.42,0
1982,21.07,3.41,0
1982,19.88,3.94,0
1982,18.08,4.4,0
1982,17.77,3.23,0
1982,18.13,4.58,0
1982,19.32,4.76,0
1982,21.74,4.04,0
1982,21.05,4.68,0.07
1982,20.06,7.88,0.46
1982,18.14,8.86,2.92
1982,14.44,8.38,3.5
1982,12.51,2.89,0
1982,14.2,2.72,0
1982,16.13,3.67,0.04
1982,14.05,5.94,1.37
1982,14.79,6.16,0.06
1982,15.46,3.98,0
1982,13.54,2.27,0
1982,14.2,1.8,0
1982,15.82,2.15,0
1982,17.21,2.52,0
1982,15.38,3.06,0
1982,11.05,4.79,0.33
1982,10.67,6.69,9.61
1982,8.2,6.25,27.4
1982,7.44,5.62,3.48
1982,7.67,3.55,0
1982,9.69,2.89,0
1982,11.1,2.89,0
1982,11.36,2.84,0
1982,12.32,2.89,0
1982,12.51,4.22,0.01
1982,12.43,5.32,0.31
1982,9.95,7.07,4.87
1982,11.76,6.59,4.22
1982,9.04,4.05,0
1982,9.55,3.85,0.01
1982,8.98,3.82,0.02
1982,8.69,4.26,0
1982,10.01,4,0
1982,11.39,4.5,0
1982,10.56,2.98,0
1982,11.3,3.98,0.04
1982,10.12,6.36,2.78
1982,10.31,7.65,21.18
1982,10.34,7.16,27.14
1982,6.63,4.56,0.1
1982,6.82,3.01,0
1982,9.52,4.11,0.02
1982,10.86,4.94,0
1982,11.97,4.62,0
1982,12.86,5.04,0
1982,9.17,3.97,2.66
1982,8.61,5.36,7.11
1982,10.6,6.49,2.17
1982,10.78,6.07,0.19
1982,10.8,5.54,0
1982,10.8,5.58,0
1982,8.09,4.58,0
1982,9.32,2.98,0
1982,10.91,3.09,0
1982,11.96,2.47,0
1982,10.93,4.05,0
1982,10.87,4.12,0
1982,13.32,3.56,0
1982,11.38,4.88,0
1982,10.7,7.51,4.31
1982,11.67,8.55,32.89
1982,6.05,4.54,0.33
1982,4.13,2.42,0
1982,4.68,2.11,0
1982,5.61,2.64,0
1982,6.92,3.09,0
1982,5.85,2.74,0.53
1982,5.56,3.8,0.82
1982,2.11,2.02,0
1982,3.56,2.04,0
1983,4.43,2.32,0
1983,5.9,2.76,0
1983,7.3,2.93,0
1983,9.63,3.76,0
1983,11.89,4.84,0.01
1983,12.44,5,0
1983,12.63,4.75,0
1983,13.86,4.83,0
1983,12.09,3.06,0
1983,11.83,3.14,0
1983,12.57,3.26,0
1983,12.88,3.61,0
1983,13.19,3.87,0.02
1983,13.3,3.82,0
1983,13.97,4.25,0.05
1983,12.65,5.93,0.08
1983,9.6,5.76,0.32
1983,9.08,5.89,1.07
1983,8.52,4.79,6.65
1983,5.02,3.13,0.02
1983,3.84,3.35,4.76
1983,6.65,5.8,10.49
1983,10.48,7.39,18.33
1983,9.1,7.5,3.59
1983,10.44,5.24,0.05
1983,10.85,5.68,3.92
1983,8.81,7.12,34.75
1983,8.4,5.48,13.69
1983,7.27,5.5,7.42
1983,7.07,4.47,0.1
1983,7.17,3.53,0.02
1983,7.49,3.51,0.59
1983,4.54,4.45,21.17
1983,7.02,5.85,1.16
1983,6.95,5.44,1.83
1983,7.42,5.77,2.9
1983,8.28,6.15,2.86
1983,10.18,7.69,10.1
1983,9.17,6.47,6.28
1983,9.54,4.92,0
1983,10.46,5.21,0
1983,12.24,5,0.07
1983,12.59,4.77,0.04
1983,9.87,5.49,0.68
1983,9.55,3.95,0
1983,10.78,4.53,0
1983,11.41,5.52,0.01
1983,14.11,4.91,0
1983,11.07,6,0.04
1983,9.32,4.15,0
1983,10.68,3.83,0.01
1983,13.65,4.52,0
1983,14.95,5.34,0.03
1983,11.92,6.35,0.4
1983,8.73,6.29,4.13
1983,8.64,5.55,5.67
1983,9.97,7.77,42.83
1983,11.09,8.41,16.92
1983,11.47,7.88,37.08
1983,11.24,8.57,42.22
1983,10.18,7.73,27.22
1983,8.21,6.88,7.02
1983,9.44,6.36,0.31
1983,9.34,6.28,1.5
1983,11.67,6.87,0.89
1983,11.75,7.51,0.02
1983,14,6.99,0
1983,15.82,6.96,0
1983,14.37,7.73,0
1983,13.12,7.58,0.01
1983,12.5,6.81,0
1983,12.62,8.12,4.64
1983,10.66,5.9,0.38
1983,9.32,4.43,0
1983,9.83,4.56,3.33
1983,9.7,6.65,16.22
1983,7.63,6.45,8.62
1983,9.07,5.4,0.45
1983,8.82,6.4,3.64
1983,8.98,6.1,8.75
1983,8.27,6.24,4.46
1983,8.96,5.34,3.02
1983,8.27,5.83,19.48
1983,7.57,4.77,0.37
1983,8.97,4.81,0.01
1983,9.71,5.67,0.13
1983,10.66,6.3,0.95
1983,12.14,6.34,0
1983,15.64,7.11,0
1983,13.68,6.44,0.01
1983,14.83,5.1,0
1983,13.48,5.93,0.06
1983,9.15,4.09,0
1983,7.98,3.61,0.14
1983,9.05,3.9,0.44
1983,9.7,3.77,0
1983,10.41,3.97,0
1983,11.35,4.72,0
1983,10.12,6.27,0.03
1983,8.96,5.7,0.76
1983,7.47,4.93,2.3
1983,6.6,4.46,1.78
1983,8.41,4.43,0.12
1983,9.79,4.74,0
1983,13.51,4.82,0
1983,15.73,5.13,0
1983,13.33,6.66,7.48
1983,11.75,7.38,7.26
1983,11.52,6.08,5.23
1983,10.66,7.37,18.36
1983,12.26,7.44,2.79
1983,12.7,7.46,0.77
1983,11.99,5.89,0.06
1983,11.16,6.71,0.38
1983,10.92,5.8,0.01
1983,10.47,6,0
1983,11.23,5.54,0.1
1983,12.51,7.64,14.46
1983,12.54,8.25,18.72
1983,10.75,6.48,5.1
1983,9.85,6.13,2.87
1983,12.73,6.3,0
1983,14.66,6.51,0
1983,12.19,6.51,0
1983,10.61,6.1,0.05
1983,12.46,5.95,0.04
1983,15.73,6.29,0
1983,15.99,6.34,0
1983,14.46,5.81,0
1983,12.01,5,0
1983,12.83,4.84,0
1983,14.46,5.74,0.01
1983,13.8,7.17,0.02
1983,16.31,6.77,0
1983,16.34,7.31,0
1983,16.18,5.8,0
1983,16.52,5.44,0
1983,18.99,6.2,0
1983,20.2,7.78,0
1983,20.44,6.85,0
1983,20.37,8.34,0
1983,20.61,9.61,0
1983,22.17,9.74,0
1983,21.1,9.3,0
1983,22.58,9.62,0
1983,22.46,9.96,0
1983,23.84,10.16,0
1983,24.25,8.56,0
1983,23.08,7.63,0
1983,20.68,8.53,0
1983,16.51,8.26,0.07
1983,13.47,7.56,0.19
1983,13.49,7.41,0.02
1983,15.14,7.26,0
1983,18.04,8.33,0
1983,21.34,8.58,0
1983,23.22,9.08,0.04
1983,20.55,9.24,0.02
1983,18.36,7.71,0.01
1983,19.56,8.58,0
1983,20.78,8.51,0
1983,17.48,8.46,0.02
1983,18.01,6.89,0.09
1983,22.65,5.65,0
1983,23.55,5.3,0
1983,23.56,7.3,0
1983,22.87,7.81,0
1983,21.88,9.17,0
1983,20.86,8.88,0
1983,19.74,7.49,0
1983,18.45,7.82,0
1983,18.62,8.14,0
1983,20.47,6.47,0
1983,20.21,6.45,0.01
1983,20.26,7.24,0
1983,20.39,7.33,0
1983,19.13,8.2,0.04
1983,18.95,7.07,0
1983,18.73,7.48,0
1983,20.13,8.15,0
1983,19.29,7.87,0
1983,20.24,7.37,0
1983,20.08,9.2,0
1983,20.71,7.9,0
1983,23.61,8.2,0
1983,23.78,7.52,0
1983,22.73,6.22,0
1983,23.38,6.68,0
1983,23.08,6.49,0
1983,22.74,5.06,0
1983,25.54,4.93,0
1983,28.12,5.3,0
1983,29.34,6.51,0
1983,30,7.22,0
1983,26.88,8.63,0
1983,21.29,7.87,0
1983,19.09,7.62,0
1983,20.05,6.83,0
1983,21.87,5.95,0
1983,23.84,6.47,0
1983,25.83,4.95,0
1983,25.95,6.22,0.07
1983,24.53,5.32,0
1983,24.32,5.68,0
1983,21.97,7.02,0
1983,20.3,6.06,0
1983,20.93,7,0
1983,19.79,7.74,0
1983,20.36,6.27,0
1983,24.03,5.24,0
1983,26.29,6.36,0
1983,26.66,7.68,0.27
1983,26.51,8.37,0.15
1983,26.54,7.89,0.05
1983,26.83,7.94,0
1983,27.69,7.27,0
1983,30.45,8.31,0.3
1983,30.36,9.77,2.42
1983,27.12,10.83,0.41
1983,28.09,11.12,4.27
1983,26.98,12.03,2.06
1983,25.15,11.01,0.3
1983,24.53,9.58,0.01
1983,27.51,8.84,0.04
1983,29.89,10.58,0.37
1983,28.43,11.78,4.05
1983,26.01,14.23,7.2
1983,25.57,15.7,7.61
1983,23.72,15.44,11.38
1983,20.91,12.73,6.4
1983,20.97,11.46,0.78
1983,21.35,10.08,0.17
1983,19.9,8.21,0.01
1983,19.34,6.94,0.05
1983,20.99,6.69,0
1983,21.2,6.86,0
1983,23.37,5.48,0
1983,26.79,6.47,0
1983,28.35,8.57,0.1
1983,27.33,7.24,0
1983,27.25,6.51,0
1983,26.86,8.04,0.02
1983,26.71,8.49,0
1983,27.18,10.17,0.07
1983,27.98,9.6,0
1983,26.14,8.63,0
1983,24.8,7.66,0
1983,25.03,7.11,0.01
1983,26.55,6.7,0.03
1983,25.63,7.95,0.26
1983,25.24,9.38,0.02
1983,27.06,8.4,0
1983,28.59,7.6,0.41
1983,30.32,8.69,0.02
1983,29.25,8.5,0.02
1983,28.25,8.59,0
1983,27.12,8.46,0.02
1983,26.92,7.98,0
1983,26.43,8.77,0
1983,25.18,8.85,0
1983,24.77,9.1,0
1983,25.48,9.66,3.14
1983,24.15,12.57,3.12
1983,24.78,12.4,0.01
1983,22.99,10.82,0
1983,20.35,7.88,0
1983,19.77,6.65,0
1983,21.9,6.29,0.67
1983,20.72,7.72,0.17
1983,17.89,7.31,0.1
1983,16.81,9.22,4.33
1983,15.56,8.97,11.88
1983,14.16,9.2,23.13
1983,15.18,9.22,6.64
1983,15.44,6.22,0.01
1983,17.96,6.51,0.03
1983,19.27,7.74,3.98
1983,18.8,9.57,3.01
1983,19.79,8.16,1.41
1983,19.5,10.77,2.18
1983,18.71,10.21,0.01
1983,17.7,8.98,0.02
1983,18.79,6.1,0
1983,20.65,5.08,0
1983,23.13,5.22,0.04
1983,19.35,5.76,0
1983,15.94,6.09,0
1983,15.27,6.73,0
1983,16.56,6.65,0
1983,16.02,7.57,0.2
1983,18.51,6.46,0
1983,20.13,5.74,0.02
1983,19.89,6.41,0.02
1983,20.06,5.42,0
1983,21.45,5.44,0
1983,19.3,5.72,0
1983,17.61,5.54,0
1983,18.85,5.13,0
1983,20.08,6.71,0
1983,20.19,7.92,0.03
1983,19.17,8.08,0
1983,19.48,7.89,0.03
1983,16.41,8.1,0.01
1983,15.31,8.97,1.17
1983,15.3,9.25,2.56
1983,16.15,6.65,0
1983,19.15,5.56,0
1983,19.09,6.12,0
1983,15.87,8.16,0.02
1983,16.86,6.29,0
1983,16.76,6.47,0.02
1983,11.91,3.08,0
1983,13.69,2.84,0
1983,14.68,4.48,0.15
1983,13.68,9.48,17.5
1983,16.06,10.2,10.78
1983,13.09,7.1,0.12
1983,12.76,5.1,0
1983,14.47,3.97,0
1983,14.28,6.12,0.01
1983,13.53,8.61,2.4
1983,11.42,4.69,0.4
1983,11.52,4.57,0.04
1983,10.5,7.04,10.08
1983,5.71,3.55,0.19
1983,5.83,2.45,0
1983,7.71,3.04,0.06
1983,9.03,6.01,24.44
1983,6.15,4.33,2.56
1983,5.02,2.56,0
1983,6.67,2.69,0.14
1983,8.1,3.92,0.23
1983,8.27,4.71,0.03
1983,9.01,4.93,0.47
1983,10.38,5.95,0.81
1983,9.16,5.64,1.17
1983,7.55,6.71,10.93
1983,5.64,4.08,0.21
1983,5.15,2.24,0
1983,8.99,3.31,0
1983,13.36,4.65,0
1983,14.19,5.11,0.06
1983,9.94,7.26,4.08
1983,9.65,5.37,0.04
1983,8.93,5.32,0.17
1983,7.04,4.09,0
1983,10.7,4.66,0
1983,12.76,5.75,0
1983,13.38,5.72,0.03
1983,12.09,5.48,0
1983,8.81,5.73,0.07
1983,10.25,4.78,0
1983,8.36,5,0
1983,4.98,3.94,0
1983,5.2,3.06,0
1983,6.36,4.31,0.02
1983,7.31,5.33,0.48
1983,9.24,7.3,36.56
1983,12.5,9.23,20.33
1983,10.54,7.76,3.16
1983,9.6,6.92,0.31
1983,6.05,3.12,0
1983,8.56,3.08,0
1983,11.92,4.93,0
1983,12.2,5.97,0
1984,9.97,3.68,0
1984,7.38,2.42,0
1984,8.47,3.07,0.13
1984,10.65,3.57,0
1984,10.13,5.25,0.3
1984,11.95,5.3,0
1984,12.04,4.85,0
1984,10.48,5.03,0
1984,10.66,4.38,0
1984,11.88,4.25,0.04
1984,9.03,3.84,0
1984,8.39,3.63,0
1984,9.1,4.64,0.72
1984,6.61,4.97,0.24
1984,7.61,3.85,0.01
1984,7.07,4.46,2.14
1984,5.23,2.76,0
1984,6.63,2.89,0
1984,6.87,2.96,0
1984,7.28,2.95,0
1984,8.66,3.68,0
1984,7.8,3.91,0
1984,8.15,3.83,0
1984,11.46,4.38,0
1984,13.67,5.71,0
1984,10.72,4.01,0
1984,9.8,2.57,0
1984,11.99,3.78,0
1984,12.96,3.97,0
1984,14.23,3.99,0
1984,14,4.58,0
1984,11.07,5.66,0.01
1984,11.38,4.89,0
1984,13.18,3.64,0
1984,13.48,3.72,0
1984,13.07,3.69,0
1984,13.76,3.84,0
1984,13.79,3.42,0
1984,12.91,4.08,0
1984,9.57,4.95,0.13
1984,9.04,4.52,0.21
1984,8.74,3.03,0
1984,11.54,3.83,0
1984,12.58,5.33,0
1984,10.15,3.65,0.02
1984,11.12,3.86,0
1984,8.63,4.8,0.97
1984,6.44,2.87,0
1984,7.11,2.12,0.01
1984,7.28,1.76,0
1984,9.98,2.07,0
1984,10.76,3.28,0
1984,8.95,3.41,0
1984,9.86,2.35,0
1984,8.85,3.77,0
1984,7.76,3.25,0
1984,8.45,2.12,0
1984,11,2.29,0
1984,13.16,2.75,0
1984,13.28,3.49,0
1984,13.39,4.75,0
1984,13.63,5.39,0
1984,14.73,4.06,0
1984,12.2,2.43,0
1984,9.37,1.93,0
1984,12.72,2.39,0
1984,14.8,3.12,0
1984,14.53,3.76,0
1984,14.38,4.39,0
1984,14.74,5.11,0
1984,14.49,4.36,0
1984,13.93,4.84,0.03
1984,13.31,6.11,0.02
1984,12.08,6.8,3.06
1984,12.26,6.35,0.01
1984,11.49,4.44,0.01
1984,12.14,3.81,0.03
1984,12.67,2.24,0
1984,15.45,2.96,0
1984,17.04,3.67,0
1984,15.95,4.8,0
1984,15,2.7,0
1984,15.43,3.06,0.02
1984,15.07,5.11,0
1984,14.46,5.81,0
1984,13.66,6.86,0.4
1984,13.2,3.53,0
1984,14.83,3.2,0
1984,14,3.56,0
1984,11.65,3.26,0
1984,9.32,4.78,1.8
1984,8.78,4.28,0.16
1984,11.05,4.87,0
1984,14.01,4.09,0
1984,12.55,5.7,0.02
1984,12.02,5.5,0.64
1984,11.84,5.72,2.39
1984,14.19,4.65,0
1984,13.88,5.31,0
1984,13.68,3.24,0
1984,16.21,5.59,0
1984,17.22,3.91,0
1984,19.29,4.36,0
1984,21.81,4.33,0
1984,22.35,3.7,0.02
1984,22.79,4.12,0
1984,21,5.07,0
1984,15.28,5.97,0.15
1984,11.75,5.88,0.33
1984,12.55,5.11,3.72
1984,11.8,3.17,0.01
1984,15.77,2.99,0.05
1984,18.51,3.18,0
1984,20.31,3.73,0.02
1984,16.02,5.6,0.01
1984,11.46,2.25,0
1984,9.64,2.98,0.27
1984,9.01,3.67,2.3
1984,11.81,3.25,0.01
1984,12.93,4.68,0
1984,13.72,4.84,0
1984,15.36,5.31,0
1984,17.79,6.56,0
1984,21.1,5.68,0
1984,20.26,4.81,0
1984,18.73,3.64,0.02
1984,19.86,3.22,0
1984,21.5,2.92,0.02
1984,23.43,2.93,0
1984,24.17,4.37,0
1984,21.57,5.76,0
1984,21.98,6.67,0
1984,24.38,7.57,0
1984,23.97,7.06,0
1984,19.13,7.12,0
1984,15.22,3.77,0
1984,18.34,3.54,0
1984,19.29,4.42,0.04
1984,21.24,4.69,0
1984,23.61,4.69,0
1984,21.92,5.86,0
1984,21.59,6.34,0
1984,23.36,6.44,0
1984,24.94,6.38,0
1984,22.86,6.28,0
1984,24.5,5.21,0
1984,25.04,5.45,0
1984,26.09,5.14,0
1984,28.96,3.93,0
1984,29.45,5.55,0.12
1984,26.43,8.4,0.43
1984,22.71,8.24,0
1984,22.36,6.92,0
1984,21.62,5.05,0
1984,19.49,6.29,0.02
1984,21.06,6.81,0.19
1984,19.18,7.61,0.11
1984,17.23,7.62,0.41
1984,18.33,5.26,0.12
1984,20.99,4.17,0.02
1984,23,3.78,0
1984,20.71,4.54,0
1984,21.2,3.93,0
1984,19.13,6.15,0.01
1984,18.93,6.65,0.06
1984,17.91,5.97,0
1984,19.9,6.17,0
1984,23.83,5.1,0
1984,25.81,5.64,0
1984,22.82,5.93,0
1984,21.04,5.53,0
1984,21.22,6.02,0
1984,21.36,6.09,0
1984,22.02,5.74,0
1984,23.89,5,0.01
1984,23.81,8.3,0.34
1984,28.02,8.4,0
1984,27.96,6.17,0.02
1984,29.15,5.67,0.05
1984,29.35,6.58,0.02
1984,28.21,7.21,0.02
1984,26.88,6.88,0
1984,28.18,6.9,0
1984,29.76,7.7,0.4
1984,28.73,7.24,0.2
1984,28.3,7.03,0.46
1984,29.43,7.38,0.38
1984,28.84,7.79,0.17
1984,27.72,8.06,0.68
1984,26.85,8.34,0
1984,27.29,6.74,0
1984,27.3,5.78,0
1984,28.05,6.03,0.14
1984,28.67,6.85,3.16
1984,29.94,7.69,1.97
1984,28.67,9.86,2.24
1984,28.26,12.08,1.27
1984,28,12.77,0.2
1984,27.16,12.1,3.46
1984,26.12,11.21,0.58
1984,26.6,9.61,0.5
1984,25.8,9.35,0.09
1984,23.81,10.13,2.21
1984,21.46,10.41,0.47
1984,22.8,9.09,0.01
1984,25.05,7,0
1984,27.82,6.08,0.12
1984,28.46,9.33,3.13
1984,26.49,11.61,2.28
1984,25.26,12.9,1.21
1984,26.23,10.88,1.21
1984,26.8,10.47,0.25
1984,25.88,10.53,0.23
1984,25.3,9.38,0
1984,24.55,8.17,0
1984,25.8,7.11,0
1984,26.28,6.58,0
1984,25.24,5.91,0
1984,25.66,5.39,0
1984,27.92,4.53,0.03
1984,28.63,5.75,0.11
1984,25.41,8.01,0.06
1984,23.93,7.69,1.15
1984,25.08,8.56,0
1984,25.17,8.55,0.06
1984,24.95,8.69,0.15
1984,25.73,9.66,2.32
1984,24.03,12.5,1.88
1984,26.72,11.57,2.74
1984,27.57,11.64,1.81
1984,24.36,12.72,2.88
1984,23.89,12.7,0.48
1984,24.68,11.01,0.08
1984,24.9,11.54,0.7
1984,27.16,11.61,0.14
1984,26.86,9.46,0
1984,25.18,8.33,0
1984,23.19,8.42,0.5
1984,24.61,10.24,0.35
1984,26.75,10.57,0.32
1984,28.21,11.28,0.01
1984,30.43,10.24,0
1984,30.4,9.2,0
1984,26.74,7.83,0.01
1984,26.04,5.49,0
1984,27.62,7.62,0.01
1984,29.63,8.38,0
1984,32.16,8.34,0.03
1984,33.05,7.49,0
1984,30.16,6.37,0
1984,28.27,8.57,0
1984,30.39,9.53,0.57
1984,27.75,13.87,0.29
1984,25.32,14.17,2.03
1984,22.34,11.83,1.72
1984,22.97,10.95,0.03
1984,25.71,9.49,0
1984,28.19,7.9,0
1984,29.78,8.99,1.75
1984,27.77,11.31,1.32
1984,29.04,10.94,0.65
1984,29.9,9.99,1.17
1984,29.97,9.1,0.07
1984,26.13,8.48,0.08
1984,21.19,9.69,0
1984,20.02,9.7,0
1984,18.85,9.43,0
1984,19.21,8.2,0.23
1984,23.89,5.01,0.01
1984,24.7,8.05,0.59
1984,24.91,6.91,0
1984,25.9,5.57,0.02
1984,25.56,5.39,0
1984,20.48,7.32,0
1984,16.27,6.25,0.05
1984,16.7,7.26,0
1984,18.12,5.89,0
1984,17.61,7.71,0
1984,18.38,6.68,0
1984,20.39,5.67,0
1984,23.21,4.78,0
1984,23.15,4.84,0
1984,20.45,6.18,0
1984,19.41,7.36,0
1984,15.15,9.15,0.12
1984,18.03,4.64,0
1984,21,4.67,0
1984,19.08,4.56,0
1984,14.83,2.34,0
1984,14.06,3.24,0.22
1984,13.47,4.95,4.18
1984,12.74,2.1,0
1984,14.42,5.08,0.01
1984,12.62,5.23,0.19
1984,13.61,4.09,0
1984,13.88,2.57,0.02
1984,12.8,1.8,0
1984,15.27,2.48,0
1984,14.55,2.87,0
1984,14.73,3.94,0
1984,13.94,6.3,0
1984,13.4,3.22,0
1984,15.58,5.38,0
1984,14.86,6.52,0
1984,13.22,5.52,0
1984,15.7,2.58,0
1984,16.44,3.31,0
1984,15.74,4.62,0
1984,18.01,2.96,0
1984,17.29,3.86,0
1984,14.6,7.21,0.17
1984,12.66,7.13,1.88
1984,11.52,6.44,4.77
1984,11.54,3.87,0
1984,13.98,3.01,0
1984,16.36,3.27,0.06
1984,12.52,4.65,1.69
1984,11.83,6.72,5.86
1984,10.74,5.16,0.01
1984,10.77,4.72,0.44
1984,9.69,6.27,1.29
1984,11.24,5.01,0.03
1984,9.96,5.91,0.25
1984,10.66,3.58,0
1984,11.83,3.72,0.12
1984,7.8,5.65,5.69
1984,6.86,4.28,1.04
1984,7.97,4.94,7.51
1984,8.38,6.22,10.11
1984,5.89,3.74,0.07
1984,5.4,2.35,0
1984,7.64,2.5,0.12
1984,8.18,5.16,1.93
1984,8.78,3.69,0
1984,10.27,3.85,0
1984,10.47,3.94,0.02
1984,9.62,4.13,0.09
1984,7.66,5.29,4.79
1984,7.9,4.45,0.08
1984,9.13,4.96,0.21
1984,11.58,4.18,0.09
1984,11.3,4.51,3.55
1984,10.66,7.06,8.04
1984,10.05,5.94,0.15
1984,10.07,7.58,7.88
1984,10,6.17,2.06
1984,7.52,5.08,0.82
1984,5.79,2.29,0.02
1984,4.74,2.08,0
1984,5.54,3.81,2.62
1984,5.71,3.88,13.92
1984,4.12,2.6,0.08
1984,5.83,5.62,47.1
1984,9.05,6.95,17.65
1984,6.46,4.91,2.16
1984,4.32,3.41,0.11
1984,6.12,3.11,0.02
1984,6.61,2.95,0.02
1984,7.02,3.05,0.06
1984,8.28,3.74,0.07
1984,7.47,4.83,12.47
1984,8.37,6.26,21.46
1984,8.69,6.25,1.26
1984,7.81,5.21,0.04
1984,7.43,4.44,0
1984,6.8,3.64,0.07
1985,6.07,2.55,0
1985,6.15,2.41,0.06
1985,6.45,2.77,0.04
1985,7.62,3.16,0
1985,9.52,4.16,0.12
1985,11.18,5.55,2.1
1985,8.75,6.77,10.3
1985,7.21,5.55,0.11
1985,6.28,4.77,0.04
1985,6.76,4.41,0.18
1985,7.03,3.56,0
1985,5.13,2.68,0.04
1985,4.88,2.43,0.01
1985,7.98,3.14,0
1985,8.4,3.6,0
1985,6.86,3.09,0
1985,9.15,3.56,0
1985,11.5,4.63,0
1985,11.87,4.85,0
1985,10.51,5.09,0.01
1985,7.73,5.69,0.04
1985,8.65,5.73,0.17
1985,7.72,4.61,0.03
1985,8.45,4.48,0
1985,9.18,4.59,0.03
1985,9.41,5.63,0.24
1985,6.58,4.81,4.71
1985,5.25,5.34,5.84
1985,4.69,3.78,0.06
1985,2.95,3.12,0.3
1985,0.78,1.73,0.02
1985,1.75,2.2,0.13
1985,3.78,4.43,7.49
1985,3.07,3.61,0.68
1985,2.49,3.13,0.29
1985,3.17,2.28,0
1985,6.05,3.78,0
1985,6.53,4.41,0.09
1985,6.45,5.7,9.8
1985,8.51,5.73,9.54
1985,6,2.82,0
1985,9.13,2.92,0.04
1985,12.18,3.88,0
1985,13.54,4.67,0
1985,13.75,4.14,0
1985,15.17,4.2,0
1985,16.5,4.72,0
1985,14.05,5.2,0
1985,13.49,5.47,0
1985,12.86,5.38,0
1985,8.76,4.83,1.24
1985,8.35,3.11,0
1985,10.41,3.83,0
1985,9.97,3.63,0
1985,11.89,3.44,0
1985,13.33,4.62,0
1985,13.66,4.54,0
1985,13.59,4.32,0
1985,13.59,4.29,0
1985,12.81,4.6,0.98
1985,6.1,4.77,3.2
1985,5.9,3.13,0
1985,6.65,3.65,0
1985,5.44,4.27,0.02
1985,6.12,4.36,0.65
1985,7.18,5.18,0.15
1985,11.41,4.38,0.02
1985,13.74,4.63,0.01
1985,12.04,6.61,0.12
1985,9.89,6.23,0.03
1985,10.36,5.19,0
1985,11.92,3.69,0
1985,11.65,3.97,0.03
1985,10.3,5.05,0
1985,11.1,4.96,0.14
1985,12.44,4.84,1.97
1985,7.51,4.99,2.42
1985,11.18,5.08,0.02
1985,13.92,4.67,0
1985,12.69,4.28,0
1985,12.71,2.99,0.06
1985,15.34,3.23,0.03
1985,14.9,3.75,0
1985,9.89,5.11,0.01
1985,8.21,4.03,0.34
1985,9.02,6.7,15.82
1985,8.61,4.36,1.38
1985,7.29,2.85,0
1985,10.25,2.65,0.01
1985,15.01,4.15,0.01
1985,17.72,4.6,0
1985,19.55,4.74,0
1985,18.56,5.08,0.03
1985,18.43,5.15,0
1985,19.22,5.63,0
1985,19.29,5.92,0
1985,20.67,6.05,0.02
1985,21.52,5.56,0
1985,18.89,4.82,0
1985,16.27,5.65,0.06
1985,17.68,5.76,0
1985,20.33,4.67,0
1985,23.71,4.63,0
1985,21.79,5.12,0
1985,16.59,5.32,0
1985,13.63,5.73,0.01
1985,11.47,5.96,1.21
1985,12.23,6.16,0.12
1985,13.19,5.51,0.09
1985,11.04,4.61,0.42
1985,11.43,6.21,0.31
1985,14.43,5.84,0.09
1985,18.37,4.92,0
1985,18.95,4.05,0
1985,15.53,3.04,0
1985,12.79,2.22,0
1985,15.34,3.28,0.05
1985,16.47,3.99,0
1985,17.31,4.53,0
1985,20.82,4.94,0
1985,22.27,5.23,0.03
1985,19.82,5.9,0.17
1985,18.63,5.69,0.02
1985,18.28,5.12,0
1985,15.74,5.99,0
1985,14.1,6.32,0.02
1985,14.48,5.66,0
1985,14.11,4.76,1.32
1985,13.85,5.58,0.07
1985,12.4,5.45,0.07
1985,12.92,5.87,0.01
1985,15.45,5.63,0.02
1985,20.07,4.58,0.02
1985,20.91,4.9,0.02
1985,17.55,5.22,0
1985,16.33,5.93,0
1985,16.6,4.91,0
1985,18.2,5.32,0
1985,16.82,5.66,0
1985,18.01,5.6,0
1985,20.83,4.91,0
1985,23.51,5.33,0
1985,24.13,5.95,0
1985,20.98,6.56,0
1985,16.99,7.33,0
1985,14.76,6.48,0.01
1985,14.85,5.92,0
1985,17.71,5.5,0
1985,18.43,5.07,0
1985,17.51,4.53,0.1
1985,14.8,6.28,0.01
1985,15.21,5.69,0
1985,15.37,5.71,0.5
1985,16.3,6.54,0.84
1985,20.45,5.71,0
1985,23.29,7.06,0.01
1985,26.29,6.92,0
1985,27.94,6.35,0
1985,27.08,6.44,0
1985,25.59,6.38,0
1985,24.88,6.46,0
1985,24.41,6.73,0
1985,26.22,6.25,0.03
1985,23.08,6.93,0
1985,22.79,7.61,0
1985,25.4,6.22,0
1985,26.08,5.54,0
1985,25.84,4.7,0
1985,26.44,5.9,0
1985,23.95,6.77,0
1985,20.48,6.5,0
1985,20.67,6.35,0
1985,21.76,5.39,0
1985,23.23,5.9,0
1985,18.68,7.08,0.02
1985,20.79,6.16,0
1985,26.69,2.82,0
1985,29.37,2.85,0
1985,28.34,3.44,0
1985,25.54,3.66,0
1985,28.23,4.45,0
1985,30.65,3.63,0
1985,30.94,4.36,0
1985,31.19,4.41,0.03
1985,30.21,5.61,0
1985,27.59,6.55,0.05
1985,26.7,7.37,0
1985,28.67,7.03,0
1985,31.74,5.92,0.59
1985,28.42,6.82,0.68
1985,28.49,7.62,0
1985,28.3,8.13,0
1985,29.52,5.79,0
1985,28.96,5.77,0
1985,25.91,6.52,0
1985,27.24,6.85,0.12
1985,26,7.05,0.08
1985,25.85,7.45,1.72
1985,25.37,8.76,3.45
1985,26.05,9.43,1.79
1985,26.13,8.67,0.01
1985,25.63,8.12,0
1985,24.56,8.02,0
1985,24.69,7.81,0
1985,24.24,7.85,0
1985,24.02,7.92,0
1985,26.21,7.53,0
1985,27.39,5.95,0.01
1985,26.11,6.19,0.03
1985,23.6,6.32,0
1985,22.97,6.19,0.05
1985,23.2,5.99,0
1985,22.11,6.34,0
1985,23.15,5.11,0
1985,23.42,4.38,0
1985,23.83,4.77,0.01
1985,25.23,5.62,0
1985,26.24,5.34,0
1985,24.77,5.28,0
1985,24,4.99,0
1985,24.58,6.11,0
1985,22.3,7.01,0
1985,20.71,6.48,0
1985,20,6.3,0
1985,21.27,5.84,0
1985,21.75,6.4,0
1985,23.31,7.11,0
1985,21.47,8.25,0
1985,20.57,7.56,0
1985,22.58,5.69,0
1985,23.06,7.09,0.03
1985,22.31,6.43,0
1985,23.32,3.92,0
1985,26.1,5.08,0
1985,29.6,4.77,0
1985,31.95,4.46,0
1985,32.49,4.58,0.03
1985,27.87,6.41,0
1985,27.26,7.11,0
1985,28.94,6.77,0
1985,30.72,5.58,0
1985,31.11,6.27,0
1985,28.6,7.85,0
1985,26.16,9.09,0
1985,22.94,7.77,0
1985,17.07,8.01,0.63
1985,16.05,8.32,1.82
1985,16.89,7.94,0.64
1985,18.36,8,0.04
1985,19.31,7.38,0
1985,18.33,7.39,0
1985,17.37,7.71,0.04
1985,15.28,6.81,0.55
1985,15.63,6.03,0.31
1985,20.38,3.56,0
1985,23.52,3.24,0
1985,24.12,3.87,0
1985,22.03,5.83,0
1985,18.74,6.81,0.08
1985,18,6.41,0.12
1985,14.13,7.48,6.4
1985,17.32,6.7,0.05
1985,20.31,5.56,0
1985,21.65,3.88,0.03
1985,21.96,4.72,0
1985,23.83,4.88,0
1985,25.26,5.61,0.03
1985,23.45,8.85,0.09
1985,20.57,10.55,0.59
1985,18.3,8.67,0.09
1985,18.69,8.41,0.03
1985,20,7.61,0
1985,19.15,6.92,0.21
1985,21.23,5.17,0.04
1985,24.32,3.84,0
1985,25.14,4.07,0
1985,25.52,5.01,0.04
1985,26.03,6.29,0.45
1985,21,9.08,0.53
1985,17.11,8.94,0.74
1985,14.36,7.32,0.67
1985,14.02,5.75,1.55
1985,15.98,6.07,0.18
1985,16.08,7.05,0
1985,15.87,6.12,0
1985,15.94,5.06,0
1985,16.73,2.87,0
1985,18.44,2,0
1985,19.65,3.18,0
1985,17.65,6.96,0
1985,18.28,7.09,0
1985,19.12,5.92,0
1985,17.07,6.54,0.13
1985,13.56,7.71,4.16
1985,13.73,4.91,0
1985,17.11,4.94,0.15
1985,19.4,4.81,0
1985,19.59,4.89,0
1985,20.02,4.42,0
1985,19.26,4.81,0
1985,16.85,5.73,0
1985,17.27,5.36,0
1985,16.67,5.18,0
1985,14.34,3.61,0
1985,15.95,2.33,0
1985,17.92,3.21,0
1985,19.41,3.24,0
1985,18.09,3.51,0
1985,16.19,4.7,0
1985,17.15,2.94,0.03
1985,17.62,3.46,0
1985,13.64,6.47,0
1985,12.03,5.22,0
1985,9.24,5.91,9.35
1985,8.16,5.98,33.21
1985,4.87,3.95,0.96
1985,5.38,2.82,0.01
1985,6.73,2.47,0
1985,9.55,3.01,0
1985,11.52,4.62,0
1985,7.98,4.29,0.02
1985,5.94,3.1,0
1985,6.54,1.7,0
1985,9.89,3.47,0.06
1985,9.34,4.47,0
1985,10.19,4.6,0.07
1985,9.37,5.63,2.88
1985,8.87,6.91,11.49
1985,11.95,8.59,13.21
1985,11.32,7.05,0.09
1985,9.95,5.74,0.23
1985,9.31,5.71,2.84
1985,9.39,7.22,29.3
1985,7.75,5.02,0.12
1985,8.13,5.12,4.69
1985,7.8,5.94,4.77
1985,11.3,6.75,0.17
1985,12.29,6.09,0
1985,12.07,6.32,0.03
1985,10.92,4.82,0
1985,11.1,4.48,0.02
1985,6.53,3.47,0
1985,4.22,2.76,1.56
1985,4,3.51,4.33
1985,2.52,2.96,1.16
1985,2.05,1.95,0
1985,4.3,2.21,0
1985,6.71,3.13,0.04
1985,7.07,3.78,0
1985,9.94,2.93,0
1985,9.72,2.59,0.01
1985,11.75,3.67,0.01
1985,12.32,3.77,0.07
1985,12.09,3.66,0
1985,11.41,3.41,0
1985,11.36,3.41,0
1985,10.76,3.26,0.02
1985,12.41,3.46,0
1985,12.07,3.75,0
1985,12.56,4.13,0
1985,12.42,4.5,0
1985,13.01,4.81,0.28
1985,13.61,4.7,0.33
1985,11.92,7.39,0.06
1985,11.76,7.49,0
1986,11.48,6.9,0
1986,11.02,6.33,0.07
1986,11.13,7.26,0.17
1986,11.64,8.01,3.5
1986,12.49,7.83,0.14
1986,11.88,5.1,0.01
1986,7.92,2.29,0.29
1986,9.79,3.09,0
1986,11.21,3.02,0
1986,13.07,3.46,0.01
1986,13.73,3.82,0
1986,13.93,3.79,0
1986,13.43,3.93,0.01
1986,12.42,5.84,0.41
1986,10.48,6.53,0.09
1986,11.28,5.79,0.01
1986,12.19,5.35,0.03
1986,15.43,5.03,0
1986,15.41,4.94,0
1986,11.69,5.13,0
1986,11.54,3.92,0
1986,12.58,4.06,0
1986,12.04,4.7,0
1986,11.26,3.71,0
1986,12.44,3,0
1986,14.37,3.29,0
1986,15.15,3.84,0
1986,14.51,4.41,0.01
1986,13.4,5.62,4.49
1986,12.62,8.84,32.28
1986,11.38,7.81,5.55
1986,11.03,5.81,0.63
1986,9.85,6.39,0.25
1986,8.76,4.97,1.34
1986,8.59,4.12,0.06
1986,8.93,3.79,0.04
1986,6.47,3.58,0.36
1986,4.94,3.03,10.17
1986,4.77,4.22,1.08
1986,3.35,2.09,0
1986,4.83,2.85,0
1986,6.45,5.14,0.26
1986,7.37,5.07,2.99
1986,9.62,7.75,15.03
1986,12.2,8.68,33.12
1986,11.63,8.1,22.19
1986,10.33,7.21,1.07
1986,11.23,7.94,0.89
1986,12.7,8.88,3.68
1986,12.22,8.58,4.84
1986,9.25,5.45,0.1
1986,10.66,4.32,0
1986,14.11,4.79,0.03
1986,15.61,5.58,0.02
1986,18.25,6.48,0
1986,19.19,6.97,0
1986,19.77,6.88,0.02
1986,19.2,6.45,0
1986,18.16,6.76,0
1986,16.03,7.29,0.14
1986,13.86,7.67,0.02
1986,16.01,6.52,0.03
1986,17.95,6.38,0
1986,17.84,6.21,0
1986,16.76,6.98,0.07
1986,14.5,7.34,1.69
1986,11.41,7.83,18.31
1986,9.97,5.38,0.92
1986,8.97,6.86,27.8
1986,9.4,5.83,3.42
1986,8.81,5.88,3.29
1986,6.04,5.25,5.98
1986,7.81,4.72,1.73
1986,7.59,5.88,24.87
1986,7.69,6.27,9.86
1986,8.96,5.2,0.49
1986,9.2,3.75,0
1986,12.21,4.14,0.04
1986,15.01,4.96,0.02
1986,17.09,5.37,0
1986,18.63,5.67,0
1986,17.05,5.69,0
1986,16.59,6,0
1986,17.02,6.54,0
1986,19.53,6.58,0
1986,20.76,6.97,0
1986,16.97,7.25,0.01
1986,16.37,7.43,0.01
1986,17.35,7.52,0
1986,14.98,7.49,0.06
1986,13.01,7.89,0.14
1986,11.14,4.79,0.01
1986,11.81,4.12,0
1986,12.25,4.86,0.2
1986,10.93,6.22,10.37
1986,10.37,6.89,5.37
1986,10.7,5.69,0.09
1986,12.05,6.27,0
1986,14.45,5.87,0
1986,14.99,6.24,0
1986,13.31,6.89,0.03
1986,11.74,7.05,0.13
1986,12.65,4.75,0
1986,13.3,4.5,0
1986,11.32,5.39,0
1986,10.55,5.16,0.01
1986,11.64,4.82,0
1986,13.52,4,0
1986,16.68,3.94,0
1986,20.22,4.99,0.02
1986,20.72,6.39,0
1986,15.13,7.07,0
1986,13.54,6.84,0
1986,13.2,6.45,0.01
1986,13.9,6.51,0
1986,15.49,4.45,0
1986,18.02,3.93,0
1986,19.57,6.01,0
1986,17.09,6.55,0
1986,15.14,5.94,0.01
1986,16.07,6.56,0.04
1986,17.77,6.12,0
1986,15.51,6.12,0
1986,13.06,5.19,0.03
1986,13.52,5.7,0
1986,12.19,5.29,0.07
1986,12.67,4.2,0.01
1986,15.1,4.74,0
1986,17.66,4.44,0
1986,16.74,4.94,0
1986,15.01,5.48,0
1986,15.57,5.75,0
1986,16.76,6.27,0
1986,17.04,6.84,0
1986,16.21,6.97,0.01
1986,20.4,6.01,0
1986,21.94,3.71,0
1986,23.76,4.3,0
1986,23.09,4.96,0
1986,20.1,6.08,0
1986,15.57,7.09,0
1986,17.34,4.74,0
1986,16.44,5.55,0
1986,21.75,5.36,0
1986,25.48,5.37,0
1986,22.96,5.93,0
1986,21.48,7.13,0
1986,21.49,7.94,0
1986,20.55,8.14,0
1986,21.23,7.33,0.01
1986,20.74,7.63,0
1986,20.74,8.84,0
1986,20.01,8.81,0
1986,22.22,7.72,0.09
1986,20.12,7.84,0
1986,18.69,7.72,0
1986,18.88,7.4,0
1986,18.69,6.44,0
1986,21.42,6.34,0
1986,24.54,5.41,0
1986,25.45,5.59,0
1986,26.23,5.74,0
1986,23.2,5.73,0
1986,21.98,6.75,0
1986,23,6.58,0
1986,22.54,6.38,0
1986,21.4,6.71,0
1986,22.23,5.46,0
1986,22.1,6.72,0
1986,22.18,5.1,0
1986,22.13,5.48,0
1986,22.87,5.51,0
1986,24.53,5.7,0
1986,24.73,6.12,0
1986,25.26,6.92,0
1986,25.67,6.66,0
1986,27.08,5.92,0
1986,29.56,5.83,0
1986,28.52,6.74,0
1986,24.66,6.85,0
1986,25.74,6.89,0
1986,26.57,6.53,0
1986,26.7,7.55,0
1986,24.42,7.95,0
1986,20.66,7.62,0.01
1986,18.9,8.15,0.02
1986,19.27,7.6,0.01
1986,22.98,5.88,0
1986,24.62,5.89,0
1986,23.2,6.44,0
1986,22.55,6.98,0
1986,24.09,7,0
1986,24.12,6.6,0
1986,24.8,5.27,0
1986,25.96,6.6,0.07
1986,24.4,7.58,0.08
1986,21.67,6.9,0
1986,20.71,6.26,0
1986,22.29,4.9,0
1986,26.41,4.53,0.02
1986,28.18,5.11,0.61
1986,24.89,9.61,1.86
1986,23.44,9.79,1.78
1986,24.4,9.37,0.85
1986,21.29,8.46,0
1986,20.76,6.62,0
1986,21.63,6.46,0
1986,21.55,6.59,0
1986,22.11,5.15,0
1986,24.92,4.83,0
1986,25.34,5.58,0
1986,27.04,5.11,0
1986,28.16,4.87,0
1986,26.86,4.83,0
1986,27.65,5.12,0.1
1986,27.64,5.94,0
1986,27.06,7.01,0
1986,26.84,6.74,0.02
1986,26.96,5.68,0
1986,26.43,6.17,0
1986,27.03,6.58,0.17
1986,27.99,6.52,0.07
1986,27.4,6.93,0.02
1986,26.98,6.96,0
1986,25.5,6.86,0
1986,24.12,6.29,0
1986,24.36,5.5,0
1986,25.29,5.2,0
1986,28.19,4.85,0.02
1986,29.14,8.19,2.06
1986,30.46,9.18,0
1986,30.62,8.62,0
1986,30.2,8.7,0
1986,29.36,6.24,0
1986,26.58,5.71,0
1986,25.3,5.01,0.02
1986,28.19,7.66,1.31
1986,26.84,7.87,1.02
1986,27.48,7.71,0.63
1986,27.89,6.65,0.05
1986,28.43,6.79,0
1986,25.36,6.53,0
1986,22.99,6.26,0
1986,22.78,6.38,0
1986,23.43,6.43,0
1986,24.68,6.63,0
1986,27.31,6.42,0
1986,28.19,5.6,0
1986,27.58,6.12,0
1986,24.54,6.24,0
1986,22.28,6.33,0
1986,18.61,7.12,0
1986,20.19,5.4,0
1986,21.25,6.03,0
1986,17.55,6.73,0
1986,17.69,7.51,0
1986,16.63,7,0
1986,17,5.3,0
1986,18.63,5.78,0
1986,20.59,6.52,0
1986,17.87,7.29,0
1986,16.17,6.64,0.15
1986,15.36,5.79,0.35
1986,16.77,4.18,0
1986,14.43,5.5,0.14
1986,13.06,6.45,6
1986,13.21,8.56,20.88
1986,14.54,7.63,2.34
1986,14.02,6.68,0.03
1986,14.27,6.53,0.07
1986,15,6.68,0
1986,17.72,3.81,0
1986,18.75,4.43,0.02
1986,14.31,7.4,1.25
1986,14.56,6.71,1.64
1986,15.28,5.06,0.29
1986,17.89,4.28,0.05
1986,19.73,4.55,0
1986,21,5.99,0
1986,21.63,6.92,0.03
1986,21.15,7.55,0.46
1986,19.82,8.52,6.65
1986,16.74,8.77,0.57
1986,16.31,7.72,0.22
1986,14.03,3.27,0.05
1986,15.96,3.09,0
1986,18.07,3.08,0
1986,18.2,3.5,0
1986,16.8,4.44,0
1986,13.38,5.69,0
1986,12.73,4.9,0
1986,13.75,4.5,0
1986,14.58,4.28,0
1986,16.4,4.28,0
1986,16.71,5.12,0.25
1986,15.88,5.59,0
1986,17.7,5.46,0
1986,20.08,4.3,0
1986,19.94,4.75,0
1986,21.13,4.84,0
1986,20.47,4.78,0.01
1986,20.39,5.32,0
1986,17.84,6.38,0
1986,14.93,5.15,0
1986,13.5,2.99,0
1986,14.32,3.63,0.02
1986,15.9,3.03,0
1986,16.35,3.2,0
1986,16.43,3.48,0
1986,13.31,3.44,0
1986,10.57,3.18,0
1986,11.22,3.54,0
1986,12.5,1.73,0
1986,13.63,2.2,0
1986,14.68,1.67,0
1986,16.36,2.61,0
1986,15.65,3.48,0
1986,13.28,3.89,0
1986,14.33,4.39,0.33
1986,17.61,5.82,0.98
1986,15.63,9.3,19.66
1986,14.09,9.16,3.61
1986,14.1,7.18,0.02
1986,15.1,6.1,0
1986,13.7,5.74,0
1986,11.93,3.17,0
1986,10.95,2.8,0
1986,13.87,3.08,0
1986,11.24,3.29,0
1986,11.59,2.24,0
1986,14.27,2.68,0
1986,14.97,3.51,0
1986,11.19,4.21,0
1986,9.88,2.3,0.01
1986,11.74,2.25,0
1986,14.77,3.07,0.01
1986,15.66,3.93,0
1986,13.92,4.47,0.23
1986,11.52,6.08,7
1986,10.63,7.88,13.7
1986,7.62,4.88,0.83
1986,8.95,3.16,0
1986,8.45,2.86,0
1986,5.6,1.64,0.11
1986,7.42,2.26,0
1986,8,2.68,0
1986,9.31,3.46,0.02
1986,11.2,4.21,0
1986,10.69,5.16,0
1986,10.05,3.97,0
1986,10.54,4.28,0.01
1986,10.96,5.12,0.01
1986,9.68,6.2,1.39
1986,8.21,5.06,0.96
1986,9,3.69,0
1986,10.24,3.19,0.02
1986,10.32,5.4,0.05
1986,8.72,3.57,0
1986,8.05,2.56,0.03
1986,9.85,2.78,0
1986,9.63,3.04,0
1986,8.16,2.75,0
1986,10.28,3.07,0
1986,10.67,3.03,0
1986,11.66,3.25,0
1987,10.15,4.01,0
1987,10.81,3.43,0.01
1987,10.11,4.14,2.74
1987,8.96,7.27,33.22
1987,7.5,5.2,3.7
1987,6.81,5.07,8.15
1987,7.14,4.87,1.26
1987,5.45,3.04,0
1987,5.25,2.13,0.12
1987,7.21,1.87,0
1987,8.74,2.16,0
1987,11.25,2.63,0
1987,10.75,3.61,0
1987,6.83,2.21,0.01
1987,3.38,2.23,0.26
1987,-0.31,1.41,0
1987,1.32,1.47,0.01
1987,5.42,2.7,0.11
1987,5.99,2.98,0
1987,3.78,1.41,0
1987,6.88,1.92,0
1987,10.04,2.8,0.01
1987,7.7,4.98,0.05
1987,9.36,4.12,0
1987,11.24,4.24,0
1987,15.5,4.44,0.01
1987,15.52,5.36,2.05
1987,11.01,6.77,0.07
1987,9.94,6.05,0.02
1987,7.7,5.75,0.04
1987,8.88,3.69,0
1987,11.95,3.49,0
1987,12.78,3.82,0
1987,10.97,5.51,0.02
1987,9.54,2.96,0
1987,10.98,2.94,0.98
1987,12.68,2.99,0
1987,13.74,2.62,0
1987,14.62,3.75,0.65
1987,12.88,7.22,0.74
1987,13.56,7.74,1.02
1987,12.49,7.36,0.04
1987,12.01,6.99,1.98
1987,10.55,7.59,4.32
1987,11.24,4.41,0.24
1987,9.1,5.61,0.22
1987,8.79,3.23,0
1987,9.09,2.57,0
1987,9.55,2.82,0.03
1987,7.61,2.13,0
1987,6.52,2.12,0.06
1987,8.01,3.11,0.11
1987,8.94,3.98,3.39
1987,6.07,4.18,6.28
1987,3.53,4.6,10.17
1987,4.16,4.1,4.89
1987,4.76,3.22,0.03
1987,7.51,2.88,0
1987,9.51,3.44,0.11
1987,10.14,3.57,0
1987,10.98,4.45,0
1987,14.64,3.75,0
1987,16.59,3.86,0.2
1987,13.11,6.46,15.03
1987,12.59,7.72,2.52
1987,12.54,6.9,0.37
1987,12.02,6.04,0.04
1987,11.56,5.67,0
1987,12.02,5.2,0.03
1987,12.86,5.63,0.01
1987,13.88,5.74,0
1987,11.83,6.58,0.11
1987,10.26,5.46,1.72
1987,7.38,4.52,5.57
1987,9.5,4.45,0.04
1987,11.6,3.97,0
1987,11.74,5.08,0.26
1987,7.52,3.74,1.03
1987,7.69,3.11,0.54
1987,5.51,4.9,9.57
1987,7.08,3.52,0.21
1987,9.17,4.69,0.91
1987,9.33,4.26,0.62
1987,11.48,3.19,0.04
1987,12.78,3.66,0.04
1987,12.86,3.62,0.05
1987,12.01,2.36,0
1987,11.2,2.14,0
1987,13.65,2.36,0
1987,16.26,2.88,0.02
1987,16.11,3.56,0
1987,14.74,4.63,0.42
1987,10.56,6.28,7.02
1987,11.72,5.54,0.15
1987,13.05,5.53,0.03
1987,16.27,5.44,0.04
1987,18.38,5.1,0.01
1987,19.74,5,0.04
1987,20.12,5.49,0
1987,19.74,4.66,0
1987,15.03,6.47,0
1987,16.28,4.13,0
1987,18.61,3.11,0
1987,21.25,3.85,0
1987,22.95,4.19,0
1987,22.54,4.79,0
1987,17.86,6.21,0
1987,13.71,6.48,0
1987,13.19,2.46,0
1987,16.28,2.34,0
1987,20.12,2.9,0
1987,21.01,3.89,0
1987,19.04,4.43,0
1987,19.1,4.75,0
1987,20.35,5.78,0.01
1987,20.5,7.08,0.1
1987,22.52,7.43,0.27
1987,21.68,6.8,0
1987,18.11,6.84,0.12
1987,15.09,7.04,0.08
1987,14.62,6.43,0
1987,16.75,4.95,0.02
1987,20.84,4.09,0
1987,23.23,4,0
1987,24.62,4.23,0.04
1987,25.71,5.14,0.51
1987,24.42,7.92,1.15
1987,24.04,7.71,1.13
1987,23.64,7.27,0.25
1987,23.09,7.35,0.47
1987,23.11,7.59,0.47
1987,24.37,6.71,0.5
1987,22.98,7.7,0.11
1987,23.11,7.66,0.29
1987,21.14,7.48,0.16
1987,19.41,7.22,0.02
1987,17.76,7.17,0.04
1987,15.92,7.08,0.02
1987,13.81,6.48,0.03
1987,12.7,6.21,0.15
1987,14.98,6.57,0.04
1987,16.27,6.08,0
1987,15.63,5.73,0
1987,15.52,6.03,0.07
1987,13.35,5.76,0.93
1987,12.87,5.76,0.28
1987,14.36,6.35,0.04
1987,16.68,5.93,0.01
1987,17.07,6.38,0
1987,20.62,5.27,0
1987,22.54,5.1,0.02
1987,24.17,5.39,0
1987,25.72,5.39,0
1987,25.98,5.2,0
1987,27.53,5.7,0.6
1987,27.12,8.36,1.81
1987,23.62,10.2,0.82
1987,23.33,7.76,0.03
1987,22.55,7.12,0
1987,22.78,6.98,0
1987,21.82,6.4,0
1987,22.53,6.16,0
1987,25.16,6.27,0
1987,24.11,6.22,0
1987,19.69,5.58,0
1987,18.23,5.44,0
1987,21.33,4.99,0.02
1987,20.81,5.58,0
1987,20.17,6.63,0
1987,19.99,6.73,0
1987,20.11,6.32,0
1987,21.35,6.62,0
1987,24.94,4.94,0
1987,26.26,5.62,0
1987,26.71,6.48,0
1987,27.15,6.57,0
1987,26.3,6.4,0
1987,25.34,5.9,0
1987,22.02,7.08,0
1987,20.5,7.4,0
1987,19.42,7.3,0
1987,20.66,7.68,0
1987,21.73,6.88,0
1987,21.67,6.23,0
1987,21.4,6.23,0
1987,21.21,6.54,0
1987,21.21,7.14,0
1987,23.11,6.85,0
1987,22.06,7.59,0
1987,20.66,7.92,0.03
1987,19.4,8.14,0.01
1987,19.45,7.3,0.02
1987,21.82,6.98,0
1987,24.44,7.65,0
1987,25.54,7.9,0
1987,25.15,8.97,0.03
1987,22.16,9.77,0.19
1987,17.36,7.93,0.34
1987,18.95,5.8,0.01
1987,19.96,5.27,0
1987,19.51,6.72,1.02
1987,17.73,6.44,0.13
1987,19.55,5.95,0
1987,20.64,7,0
1987,21.46,6.71,0
1987,23.57,6.09,0
1987,25.75,5.14,0.48
1987,26.16,7.62,0.29
1987,25.67,8.6,0.03
1987,26.28,7.65,0.02
1987,26.61,4.05,0
1987,28.44,3.98,0
1987,29.83,4.63,0.07
1987,28.31,6.43,0.01
1987,27.66,7.76,0.11
1987,27.46,8.49,1.6
1987,28.26,8.93,0.29
1987,27.11,11.01,0.07
1987,24.61,10.69,0
1987,24.53,8.44,0
1987,26.44,6.68,0
1987,25.09,8.33,0
1987,24.09,9.08,0
1987,23.36,9.58,0.03
1987,20.37,10.3,0.41
1987,18.34,9.51,0.31
1987,18.98,7.14,0.01
1987,22.16,6.56,0
1987,22.45,6.95,0
1987,24.14,7.15,0
1987,24.29,7.1,0
1987,23.29,7.35,0
1987,22.17,7.16,0
1987,21.83,6.28,0
1987,21.67,5.51,0
1987,19.94,4.98,0
1987,20.47,5.88,0
1987,23.73,6.52,0
1987,26.79,6.95,0
1987,27.74,7.41,0
1987,27.36,8.37,0
1987,26.8,8.44,0
1987,29.26,6.99,0.19
1987,30.25,6.86,0.31
1987,30.39,7.46,0.02
1987,25.98,9.17,0
1987,23.12,8.91,0
1987,21.65,7.25,0
1987,22.45,4.8,0
1987,24.53,3.92,0
1987,26.23,4.13,0
1987,26.31,5,0
1987,22.08,6.31,0
1987,20.54,8.16,0
1987,17.51,8.83,0.06
1987,16.85,8.41,0.06
1987,19.58,7.92,0
1987,21.71,7.41,0
1987,19.9,8.05,0
1987,20.36,7.02,0
1987,22.7,5.7,0
1987,23.59,5.49,0
1987,24.72,6.84,0
1987,25.82,6.49,0.01
1987,24.2,8.17,3.38
1987,20.87,9.76,0.54
1987,22.59,8.6,0
1987,21.24,8.46,0
1987,21.16,7.19,0.02
1987,23.16,7.12,0
1987,26.2,7.06,0
1987,26.81,6.05,0
1987,27.9,4.98,0
1987,28.28,6.42,0
1987,28.17,5.65,0
1987,28.27,4.17,0
1987,28.56,4.08,0
1987,28.85,4.54,0
1987,25.72,5.3,0
1987,22.14,6.62,0
1987,19.58,7.86,0.02
1987,18.08,8.19,0.02
1987,19.46,6.2,0
1987,19.2,7.13,16
1987,17.54,7.8,3.2
1987,16.69,7.71,0.08
1987,18.44,6.73,0
1987,19.23,5.78,0.02
1987,19.73,5.9,0
1987,19.73,6.1,0.03
1987,19.4,6.38,0
1987,18.59,6.18,0
1987,18.77,7.62,0.03
1987,18.19,10.18,6.56
1987,16.51,11.25,16.94
1987,16.04,9.77,5.81
1987,15.58,8.85,0.23
1987,18.19,7.62,0
1987,20.74,7.9,0.08
1987,21.14,9.56,0.42
1987,18.95,10.32,3.09
1987,15.12,9.14,1.92
1987,14.91,7.79,2.93
1987,14.55,9.07,23.19
1987,15.46,10.1,6.94
1987,13.73,8.25,1.12
1987,13.5,6.54,3.07
1987,14.48,8.39,11.81
1987,11.62,7.8,6.17
1987,12.45,7.42,0.16
1987,14.14,6.79,0.29
1987,15.18,5.64,0
1987,15.49,5.48,0
1987,16.12,5.32,0.06
1987,16.51,5.08,0.02
1987,16.68,5.67,0
1987,14.02,7.4,0.41
1987,11.27,5.3,0.5
1987,9.28,2.48,0
1987,11.12,4.06,0.04
1987,11.93,6.93,2.27
1987,13.02,4.73,0
1987,13.68,3.22,0
1987,13.03,4.02,0.06
1987,11.27,5.44,0.09
1987,11.38,4.3,0
1987,11.01,4.09,0
1987,11.71,3.48,0.07
1987,8.38,3.03,0
1987,7.78,2.7,0
1987,9.32,3.19,0
1987,9.4,4.2,0
1987,8.85,3.99,0
1987,9.66,4.19,0
1987,10.51,5.46,0
1987,11.59,6.09,0.01
1987,12.6,5.06,0.05
1987,11.24,7.94,15.28
1987,9.97,6.57,1.63
1987,9.99,6.56,0.88
1987,9.68,4.75,0.46
1987,9.54,4.04,0.01
1987,11.52,6.35,0.03
1987,14.74,6.39,0.01
1987,13.59,5.55,0
1987,6.84,1.94,0.01
1987,2.74,1.43,0.08
1987,2.61,1.44,0
1987,3.65,2.2,0.74
1987,3.17,4.07,27.98
1987,5.36,5.14,2.36
1987,6.18,4.34,0.15
1987,6.82,5.33,0.94
1987,6.75,4.06,0.23
1987,9.25,4.12,0.02
1987,8.61,5.39,0.89
1987,3.27,2.87,0.09
1987,0.43,1.66,0.06
1987,-0.47,1.52,0
1987,1.17,1.7,0.1
1987,2.99,1.97,0.09
1987,4.84,2.62,2.21
1987,4.36,4.55,3.64
1987,3.87,3.8,0.2
1987,4.05,2.5,0.18
1988,3.75,2.05,0.17
1988,6.36,2.58,0.01
1988,9.49,3.38,0.03
1988,9.71,4.21,1.33
1988,7.1,6.26,6.53
1988,6.74,4.4,0.04
1988,8.55,4.4,0.04
1988,7.7,4.56,0.06
1988,10.03,4.66,0
1988,12.55,5,0
1988,9.92,5.13,0
1988,7.2,2.55,0
1988,8.54,2.53,0
1988,11.43,3.05,0
1988,9.81,5.21,0.33
1988,7.53,5.4,10.95
1988,7.49,6.57,36.12
1988,4.51,3.78,0.07
1988,3.12,2.17,0
1988,3.81,2.1,0
1988,6.2,2.62,0
1988,5.49,2.43,0
1988,10.14,3.6,0
1988,9.65,3.11,0.02
1988,10.55,2.99,0
1988,12.57,3.75,0.02
1988,13.22,4.46,0
1988,13.59,4.6,0
1988,9.68,6.3,0
1988,8.75,5.56,0
1988,7.53,5.62,0.13
1988,7.94,5.77,3.47
1988,7.76,5.6,13.66
1988,7.64,3.82,0.01
1988,7.92,2.66,0.02
1988,8.21,2.74,0
1988,10.35,3.44,0
1988,11.55,3.7,0.02
1988,13.39,3.97,0.02
1988,14.79,4.81,0
1988,14.14,4.53,0
1988,12.87,3.75,0
1988,13.93,3.76,0
1988,14.07,4.54,0
1988,11.35,3.31,0
1988,12.46,3.7,0
1988,12.05,3.59,0
1988,7.16,2.11,0
1988,8.33,2.51,0
1988,8.35,2.68,0
1988,12.25,3.41,0
1988,14.75,4.06,0
1988,14.76,4.68,0
1988,13.8,4.74,0
1988,14.22,4.34,0
1988,16.9,4.97,0
1988,15.85,6.32,1.48
1988,14.66,7.85,2.71
1988,13.82,8.2,3.76
1988,11.45,7.56,5.82
1988,10.12,7.1,6.47
1988,11.54,5.19,0.34
1988,12.66,4.99,0
1988,12.74,6.06,0
1988,13.67,6.61,0
1988,13.47,6.08,0
1988,13.42,4.85,0
1988,13.77,2.99,0
1988,13.35,3.92,0
1988,8.75,2.48,0
1988,7.71,2.23,0
1988,8.16,2.18,0
1988,9.97,2.34,0
1988,10.94,2.91,0
1988,10.61,5.46,0
1988,11.02,4.93,0
1988,11.92,3.01,0
1988,13.81,2.91,0
1988,16.86,3,0
1988,18.25,3.24,0
1988,16.28,4.68,0
1988,15.15,5.48,0
1988,16.59,5.39,0
1988,18.41,4.14,0
1988,19.85,4.2,0
1988,22.02,4.83,0
1988,18.9,5.39,0
1988,13.97,2.03,0
1988,14.36,2.76,0
1988,13.54,3.57,0
1988,11.56,2.11,0
1988,13.71,2.56,0.01
1988,15.89,3.3,0
1988,14.99,4.68,0
1988,14.09,6.58,0
1988,20.63,5.23,0
1988,22.31,4.73,0
1988,20.93,5.81,0
1988,18.68,4.33,0
1988,18.69,2.47,0
1988,20.38,2.98,0
1988,22.21,3.94,0
1988,18.66,5.78,0.93
1988,15.73,7.07,1.65
1988,11.21,7.63,19.48
1988,11.16,5.41,1.55
1988,11.7,6.43,0.83
1988,13.46,6.51,0.48
1988,12.66,6.72,0.5
1988,12.59,7.67,11.79
1988,10.84,6.84,20.41
1988,9.83,6.19,2.33
1988,10.42,5.85,2.1
1988,9.31,5.77,3.13
1988,13.21,4.78,0
1988,15.6,4.68,0
1988,17.68,4.96,0
1988,15.29,6.04,0.02
1988,13.16,6.15,0
1988,15.07,6.61,0
1988,13.46,4.67,0.01
1988,12.09,3.18,0.08
1988,15.53,3.14,0
1988,17.5,4.45,0
1988,13.75,6.1,0.1
1988,9.48,5.03,1.33
1988,9.78,5.14,0.34
1988,11.65,5.94,0.06
1988,14.26,5.7,0.02
1988,18.63,4.68,0
1988,23.55,4.87,0
1988,25.23,5.5,0
1988,25.08,6.86,0
1988,21.64,6.67,0
1988,21.71,5.79,0
1988,20.75,6.16,0
1988,17.3,5.92,0
1988,15.68,6.78,0.01
1988,18.72,5.97,0
1988,22.25,4.42,0
1988,23.81,4.37,0
1988,25.32,5.05,0
1988,23.61,5.85,0
1988,21.85,6.48,0
1988,19.88,6.98,0
1988,19.22,6.78,0
1988,18.94,6.4,0
1988,18.16,6.45,0
1988,17.35,7.41,0.71
1988,13.8,4.79,1.64
1988,15.02,4.09,0
1988,18.38,4.8,0.01
1988,22.24,6.44,0
1988,25.22,6.37,0
1988,24.25,6.46,0
1988,19.06,7.19,0
1988,14.36,5.66,0
1988,12.35,5.51,0
1988,14.13,4.5,0
1988,17.14,3.95,0
1988,18.88,4.51,0
1988,18.31,6.42,0
1988,17.66,7.31,0
1988,19.44,6.36,0
1988,23.02,6.16,0
1988,24.68,5.99,0
1988,22.46,6.94,0
1988,20.26,6.21,0
1988,16.34,6.85,0.01
1988,23.07,7.98,0.11
1988,23.13,8.57,0.03
1988,19.35,7.55,0
1988,20.03,6.83,0.02
1988,22.51,6.82,0.06
1988,21.95,7.78,0.17
1988,19.29,7.27,0
1988,20.73,7.48,0
1988,25.77,8.07,0
1988,26.43,7.01,0
1988,26.53,7.91,0
1988,26.52,8.03,0
1988,25.7,8.4,0
1988,25.96,7.82,0
1988,25.53,7.82,0
1988,22.28,7.61,0
1988,20.91,7.17,0
1988,22.85,6.83,0
1988,24.97,6.64,0
1988,24.78,6.77,0
1988,24,6.43,0
1988,25.29,6.29,0
1988,24.11,7.09,0
1988,21.35,7.91,0
1988,22.23,8.1,0
1988,22.16,8.43,0
1988,22.73,8.55,0
1988,25.75,7.88,0
1988,29.22,6.07,0
1988,29.96,5.96,0
1988,25.89,7.16,0
1988,24.04,8.4,0.02
1988,27.71,8.91,0.05
1988,30.01,10.9,0.22
1988,29.36,11.5,0.08
1988,28.64,10.73,0.02
1988,28.52,9.61,0.02
1988,29.55,8.67,0
1988,28.29,9.12,0
1988,26.15,10.62,0
1988,27.06,9.53,0.11
1988,27.52,8.97,0.03
1988,25.08,10.97,0.22
1988,25.4,11.25,0.08
1988,24.13,10.43,0.06
1988,23.76,9.6,0
1988,24.96,8.73,0
1988,25.47,8.88,0.21
1988,24.84,8.68,0
1988,21.47,7.03,0
1988,21.98,7.56,0
1988,23.13,7.49,0
1988,23.3,7.16,0
1988,21.96,5.95,0
1988,20.15,6.73,0
1988,19.27,7.05,0
1988,22.3,6.13,0
1988,23.81,4.99,0
1988,22.09,6.05,0
1988,23.24,6.03,0
1988,25.03,5.63,0
1988,27.15,5.36,0
1988,26.51,6.61,0.55
1988,23.78,7.3,0.45
1988,22.51,6.66,0.21
1988,25,8.26,0.63
1988,26.53,11.31,5.66
1988,28.37,13.14,0.59
1988,28.16,12.93,0.31
1988,27.57,12.12,0.16
1988,25.68,11.25,1.07
1988,27.35,11.03,0.77
1988,28.88,10.54,0.63
1988,27.54,11.17,0.59
1988,27.83,10.26,0.05
1988,28.95,9.33,0
1988,31.66,8.83,0.01
1988,32.62,8.54,0.01
1988,31.67,7.16,0
1988,30.62,6.46,0
1988,29.96,6.47,0
1988,26.16,9.17,0
1988,23.27,8.28,0
1988,22.91,7.88,0
1988,24.67,5.68,0
1988,22.34,5.92,0
1988,20.02,6.74,0
1988,22.32,5.14,0
1988,23.49,5.31,0
1988,23.05,6.13,0.02
1988,19.58,7.38,0
1988,19.97,6.45,0
1988,20.89,5.36,0
1988,21.85,5.36,0.09
1988,14.44,7.8,1.77
1988,14.74,6.96,0.16
1988,18.84,6.04,0
1988,20.41,5.88,0
1988,18.01,8.01,0
1988,17.35,7.63,0
1988,18.84,6.44,0
1988,21.15,4.83,0
1988,23.99,2.81,0.02
1988,25.6,3.06,0
1988,25.39,3.92,0
1988,23.45,5.47,0
1988,23.54,5.4,0
1988,24.48,5.24,0
1988,22.11,6.6,0
1988,18.46,7.39,0
1988,15.88,8.11,0
1988,16.75,6.31,0
1988,23.57,3.83,0
1988,24.38,3.3,0
1988,24.43,3.52,0
1988,22.93,6.33,0
1988,19.31,7.13,0
1988,15.04,7.64,0
1988,16.3,6.78,0
1988,21.09,3.95,0
1988,23.91,4.19,0
1988,24.22,4.71,0
1988,22.8,7.45,0
1988,20.34,7.77,0
1988,20.95,6.46,0
1988,21.88,5.39,0
1988,21.26,5.04,0
1988,21.19,4.55,0
1988,20.42,5.33,0
1988,20,5.81,0
1988,18.37,6.23,0
1988,14.64,6.61,0
1988,13.78,7.26,0
1988,14.75,7.4,0
1988,19.23,7.05,0
1988,21.16,6.33,0
1988,17.07,7.13,0
1988,15.42,6.83,0
1988,18.7,6.88,0
1988,21.55,5.91,0
1988,22.56,3.8,0
1988,17.38,5.32,0
1988,14.11,7.21,0
1988,13.1,6.27,0
1988,12.57,5.7,0
1988,11.57,6.69,0.13
1988,13.48,5.78,0.29
1988,13.94,5.87,0
1988,12.85,7.39,3.14
1988,10.46,5.66,8.81
1988,9.4,3.57,0
1988,11.19,3.39,0
1988,8.93,4.68,0.33
1988,7.41,2.91,0.02
1988,7.61,2.37,0
1988,9.74,2.33,0
1988,11.57,2.2,0
1988,13.45,3.25,0.02
1988,11.68,6.67,3.59
1988,7.78,4.16,1.61
1988,9.1,6.66,7.27
1988,9.61,4.8,0
1988,9.54,2.52,0
1988,12.24,2.92,0.04
1988,11.65,2.18,0
1988,11.91,2.57,0
1988,12.57,2.64,0
1988,12.84,2.87,0
1988,11.74,3.25,0
1988,12.89,2.86,0
1988,12.59,2.66,0
1988,14.64,2.87,0
1988,12.09,2.95,0
1988,10.85,2.66,0.05
1988,9.97,2.37,0.26
1988,11.13,2.62,0
1988,10.86,2.96,0
1988,13.63,2.82,0
1988,13.86,2.96,0
1988,10.6,4.72,4.07
1988,8.29,6.32,21.33
1988,8.5,6.57,4.3
1988,7.96,5.01,3.1
1988,5.28,4.86,2.11
1988,5.51,4.74,1.46
1988,8.67,6.57,10.32
1988,6.93,4.59,8.41
1988,5.25,4.05,2.05
1988,6.21,3.53,3
1988,6.31,5.21,19.62
1988,3.82,4.12,1.85
1988,1.98,2.65,0.44
1988,1.38,2.17,0.6
1988,1.84,2.98,0.35
1988,1.61,1.88,0
1988,3.64,2.18,0.06
1988,3.69,4.54,2.68
1989,5.02,2.92,0.04
1989,6.46,2.84,0.03
1989,9.02,4.24,9.78
1989,5.96,5.4,5.49
1989,7.75,6.31,7.08
1989,3.01,3.41,0.56
1989,1.48,3.24,0.08
1989,2.49,2.34,0
1989,6.59,2.61,0.19
1989,8.53,3.65,0
1989,5.21,2.05,0
1989,3.87,1.68,0
1989,4.63,2.05,0
1989,4.81,2.95,0
1989,5.5,2.68,0
1989,7.41,2.31,0
1989,9.56,2.82,0
1989,12,3.11,0
1989,11.95,3.53,0
1989,11.95,3.9,0
1989,12.19,4.11,0
1989,11.76,4.63,0
1989,7.79,6.23,0.41
1989,8.81,4.96,0.01
1989,5.91,2.2,0
1989,6.27,1.79,0
1989,7.95,2.8,0.01
1989,7.04,2.97,0
1989,8.17,2.49,0
1989,11.36,2.97,0
1989,11.54,3.58,0
1989,7.81,5.28,0.86
1989,7.51,5.79,1.99
1989,6.87,5.8,14.82
1989,7.4,6.11,9.6
1989,1.42,2.42,0.08
1989,-0.28,1.23,0.02
1989,2.06,1.9,5.16
1989,3.23,3.37,8.58
1989,7.3,6.15,5.92
1989,8.81,5.81,0.29
1989,5.88,3.71,0
1989,4.54,3.51,0.8
1989,4.64,3.76,1.01
1989,5.95,2.98,0
1989,8.07,2.93,0
1989,8.82,3.15,0.03
1989,10.92,3.23,0
1989,11.32,4.51,0.01
1989,10.31,5.99,0.17
1989,10.46,4.06,0.01
1989,13.03,3.75,0
1989,15.86,4.42,0
1989,18.99,5.73,0.03
1989,17.27,6.1,0.32
1989,17.71,6.17,0
1989,17.7,6.28,0
1989,15.52,5.68,0.04
1989,11.94,5.38,0
1989,10.92,5.31,0.85
1989,8.93,7.28,7.35
1989,6.53,3.22,0.25
1989,6.59,2.01,0
1989,11.88,3.13,0
1989,16.31,5.07,0
1989,16.8,7.45,0
1989,17.2,7.35,0
1989,14.78,5.32,0
1989,14.87,5.73,0.01
1989,16.24,7.23,0
1989,16.22,6.31,0
1989,13.81,4.88,0
1989,14.01,4.25,0
1989,14.76,4.95,0
1989,10.94,5.94,0
1989,11.86,4.13,0
1989,15.11,5.15,0
1989,15.92,6.61,0
1989,14.17,3.27,0
1989,15.42,3.09,0
1989,15.95,3.67,0
1989,12.93,6.25,0
1989,12.35,7.04,2.94
1989,10.59,7.4,15.5
1989,9.47,4.86,0.28
1989,11.76,4.82,0
1989,15.8,6.43,0
1989,15.92,5.55,0
1989,17.94,4.83,0
1989,19.64,5.37,0.15
1989,16.12,5.54,0.01
1989,16.69,5.68,0
1989,18.61,5.27,0
1989,21.34,4.66,0
1989,23.81,4.33,0
1989,25.34,4.06,0
1989,26.69,4.48,0
1989,23.89,5.88,0
1989,21.88,6.26,0
1989,21.11,6.42,0
1989,19.1,6.63,0.06
1989,18.67,7.05,0.08
1989,19.43,6.07,0.03
1989,18.65,6.84,0
1989,18.3,7.62,0
1989,17.45,7.34,0
1989,18.1,7.3,0
1989,20.37,6.61,0
1989,20.34,6.17,0
1989,19.81,6.05,0
1989,16.97,6.79,0
1989,14.92,5.23,0
1989,13.3,5.52,0.02
1989,9.98,4.89,0.09
1989,9.37,4.7,2.24
1989,11.02,4.85,0.26
1989,13.66,4.52,0
1989,16.06,4.06,0
1989,16.73,4.74,0
1989,16.81,6.29,0
1989,18.07,6.46,0
1989,19.69,5.87,0
1989,21.26,5.51,0
1989,23.12,6.43,0
1989,24.02,6.22,0
1989,23.3,6.43,0
1989,22.57,5.01,0
1989,22.18,7.22,0.01
1989,16.87,8.32,0.17
1989,12.28,6.47,1.08
1989,12.11,5.95,0.61
1989,14.21,6.41,0.03
1989,13.22,6.66,0.18
1989,13.01,7.05,1.85
1989,13.48,7.02,1.48
1989,16.97,6.53,0
1989,16.4,7.53,0
1989,16.69,7.05,0
1989,18.85,5.7,0
1989,21.52,5.23,0
1989,20.7,4.69,0
1989,19.04,5.34,0
1989,19.58,4.82,0.08
1989,18.47,3.81,0
1989,18.18,5.27,0
1989,20.53,4.99,0
1989,19.02,5.9,0
1989,17.68,5.65,0
1989,16.85,4.82,0
1989,17.67,4.59,0
1989,21.2,3.95,0
1989,21.43,5.29,0
1989,20.82,6.09,0.02
1989,18.66,7.15,0.05
1989,15.05,6.65,0.03
1989,16.21,6.8,0
1989,18,7.44,0
1989,18.11,8.07,0
1989,19.85,7.97,0.01
1989,19.26,8.63,0.02
1989,19.27,7.47,0.03
1989,20.4,7.06,0
1989,22.86,6.4,0
1989,26.16,6.56,0
1989,27.9,5.77,0
1989,24.74,6.7,0
1989,24.15,7.38,0
1989,25.66,5.45,0
1989,27.6,4.86,0
1989,29.68,4.88,0
1989,28.85,3.79,0
1989,27.55,3.88,0
1989,26.23,3.97,0
1989,18.79,7.02,0
1989,17.54,7.26,0
1989,19.81,7.26,0
1989,21.42,7.38,0
1989,22.2,5.8,0
1989,21.84,4.89,0
1989,19.11,5.07,0
1989,21.03,5.96,0
1989,23.47,5.61,0
1989,23.67,5.92,0
1989,26.8,4.43,0
1989,30.51,3.48,0
1989,32.76,3.58,0
1989,30.29,4.59,0
1989,26.43,7.3,0
1989,25.61,7.63,0
1989,23.23,8.77,0
1989,21.85,9.7,0.02
1989,22.2,9.39,0.17
1989,24.69,7.98,0
1989,26.32,5.58,0
1989,27.14,5.5,0
1989,25.45,6.37,0
1989,24.46,6.53,0
1989,24.59,6.38,0
1989,25.55,7.72,0
1989,29.33,7.88,0
1989,30.06,8.28,0
1989,27.6,8.61,0
1989,26.21,8.65,0.03
1989,26.59,8.73,0.23
1989,25.59,8.75,0
1989,25.77,7.91,0
1989,26.86,7.49,0
1989,27.77,6.84,0.03
1989,26.25,5.82,0
1989,25.21,5.78,0
1989,25.72,5.88,0
1989,25.23,6.02,0
1989,23.54,6.13,0
1989,23.54,6.84,0
1989,23.2,6.09,0
1989,23.96,5.38,0
1989,26.08,8.21,0
1989,26.55,10.45,0
1989,26.31,10.41,0.35
1989,26.06,10.67,1.39
1989,27.07,11.63,1.27
1989,25.68,11.84,0.62
1989,26.37,11.67,0.01
1989,27,10.2,0.01
1989,27.61,8.03,0.03
1989,26.27,7.25,0
1989,25.01,6.5,0
1989,22.08,6.72,0
1989,20.61,7.07,0
1989,20.29,7.82,0
1989,19.98,7.45,0
1989,18.48,8.32,0
1989,20.3,8.06,0
1989,21.28,7.76,0
1989,20.44,8.24,0
1989,20.41,7.62,0
1989,19.47,7.96,0
1989,19.7,7.58,0
1989,21.28,6.13,0
1989,23.98,5.06,0
1989,23.56,5.93,0
1989,21.01,6.37,0
1989,20.95,4.78,0
1989,23.08,2.75,0.01
1989,25.41,2.86,0
1989,25.14,3.55,0
1989,26.66,3.6,0
1989,28.26,4.69,0
1989,25.02,5.84,0
1989,20.91,5.71,0
1989,21.02,4.95,0
1989,21.4,5.34,0
1989,21.39,6.11,0
1989,20.49,6.7,0
1989,21.62,6.84,0
1989,25.99,4.96,0
1989,27.09,4.99,0
1989,27.18,7.05,0.19
1989,23.89,10.32,2.03
1989,18.27,8.23,2.51
1989,15.48,8.25,7.76
1989,14.95,7.08,0.51
1989,19.41,5.97,0
1989,23.96,5.28,0
1989,25.94,4.66,0
1989,25.32,5.27,0
1989,27.21,6.27,0
1989,26.79,8.25,0.02
1989,26.94,7.4,0
1989,22.72,7.32,0
1989,24.62,6.34,0
1989,22.51,7.23,0
1989,19.42,6.54,0
1989,18.32,6.23,0
1989,15.34,8.09,0
1989,14.99,5.45,0
1989,17.88,4.19,0
1989,19.14,5.07,0
1989,19.74,8.11,0
1989,21.13,4.7,0
1989,22.39,2.55,0
1989,23.05,3.07,0
1989,21.78,4.84,0
1989,21.88,5.84,0
1989,20.62,6.36,0
1989,19.94,6.6,0
1989,15.75,7.83,0.02
1989,16.39,5.85,0
1989,19.92,4.94,0
1989,22.3,3.22,0
1989,22.45,2.17,0
1989,22,4.15,0
1989,17.25,6.94,0.92
1989,15.65,9.66,6.39
1989,16.67,10.44,0.81
1989,16.28,8.47,0.18
1989,15.08,8.22,3.25
1989,12.6,5.73,0.55
1989,12.68,3.51,0
1989,13.94,3.71,0
1989,13.19,3.44,0
1989,11.61,1.93,0
1989,13.63,2.33,0
1989,15.26,2.63,0
1989,14.22,2.11,0
1989,14.09,1.66,0
1989,14.84,1.59,0
1989,15.78,2.98,0
1989,13.49,6.55,0
1989,14.11,6.93,0
1989,13.75,4.87,0
1989,14.74,2.51,0
1989,16.6,2.14,0
1989,18.55,2.75,0
1989,19.44,3.45,0
1989,16.09,5.12,0
1989,13.37,6.45,0
1989,14.75,4.72,0
1989,15.43,1.35,0
1989,17.17,1.54,0
1989,16.23,1.84,0
1989,15.94,2.87,0
1989,16.84,2.51,0
1989,18.33,3.79,0
1989,15.65,5.16,0
1989,15.83,3.38,0
1989,14.36,4.79,0
1989,12.17,5.99,0.18
1989,12.07,6.93,1.94
1989,11.91,5.27,2.53
1989,9.5,1.79,0
1989,8.66,1.26,0
1989,9.5,1.23,0
1989,9.32,1.39,0.03
1989,10.8,1.43,0
1989,11.91,1.94,0.14
1989,11.52,2.26,0
1989,12.86,2.07,0
1989,15.7,2.47,0
1989,13.1,3.58,0
1989,14.25,2.03,0
1989,15.15,2.05,0
1989,14.4,2.65,0
1989,9.97,2.61,0
1989,6.14,1.05,0
1989,7,1.02,0
1989,7.82,1.53,0.25
1989,10.86,2.13,0
1989,11.23,2.74,0.01
1989,10.66,3.64,0.05
1989,9.27,3.1,0.32
1989,7.57,4.99,0.01
1989,9.06,4.42,0.03
1989,9.97,3.18,0.01
1989,10.21,2.24,0
1989,11.09,2.07,0
1989,13.97,2.21,0
1989,14.64,2.49,0
1989,13.71,2.12,0
1989,13.42,2.08,0
1989,12.73,4.9,0.16
1989,8.44,5.8,1.44
1989,7.46,3.29,0.1
1989,8.54,2.08,0
1989,10.95,2.53,0.21
1990,9.1,4.21,4.05
1990,7.02,4.87,4.99
1990,4.66,1.75,0
1990,5.24,1.58,0.29
1990,7.48,2.2,0
1990,9.07,2.75,0
1990,10.67,4.01,0
1990,12.36,4.84,0
1990,16.23,4.64,0
1990,17.43,4.35,0
1990,14.75,4.59,0
1990,11.11,7.16,4.83
1990,10.85,7.94,17.08
1990,8.91,6.36,5.34
1990,7.99,5.7,2.72
1990,7.08,6,11.05
1990,4.77,4.15,4.34
1990,4.65,3.74,0.01
1990,5.72,3.98,0
1990,6.2,2.73,0
1990,7.49,2.51,0
1990,10.53,2.66,0
1990,11.32,2.64,0.05
1990,10.6,2.36,0
1990,12.18,2.16,0
1990,10.71,2.82,0
1990,7.95,1.85,0
1990,10.98,1.94,0
1990,11.47,3.2,0
1990,8.37,5.36,6.89
1990,7.38,3.94,0.32
1990,6.38,4.11,0.97
1990,5.95,2.73,0
1990,7.25,2.21,0.33
1990,4.72,3.96,7.49
1990,6.7,3.19,0
1990,8.15,3.49,0
1990,7.37,4.5,0.16
1990,5.82,1.88,0.02
1990,8.26,2.45,0
1990,10.93,3.38,0
1990,13.98,4.44,0.85
1990,10.28,6.34,0.54
1990,6.99,4.8,0.75
1990,0.6,1.89,0.48
1990,1.23,1.38,0
1990,4.09,3.53,13.8
1990,7.34,6.64,39.03
1990,5.27,4.79,3.66
1990,4.51,3.09,0
1990,8.69,3.21,0.15
1990,11.74,3.32,0
1990,13.52,4.1,0
1990,15.72,4.13,0
1990,16,4.39,0
1990,16.26,4.92,0
1990,15.28,4.49,0
1990,14.8,4.73,0
1990,15.26,4.65,0.27
1990,14.3,5.33,0
1990,12.59,6.16,0
1990,13.46,6.9,0.1
1990,10.42,6.78,0.59
1990,7.7,4.36,1.57
1990,10.68,3.28,0
1990,12.75,3.33,0
1990,11.06,4.19,0
1990,10.1,6.01,0.22
1990,9.91,5.86,2.44
1990,6.47,4.08,3.06
1990,4.26,3.15,1.14
1990,6.2,2.66,0
1990,8.52,2.91,0.01
1990,12.7,3.25,0
1990,13.95,3.07,0
1990,16.13,3.7,0
1990,17.03,4.63,0.82
1990,19.08,4.62,0
1990,19.52,5.21,0
1990,19.45,5.16,0
1990,18.1,5.32,0
1990,18.14,5.04,0
1990,15.7,5.29,0
1990,14.02,5.76,0
1990,12.74,6.23,0.02
1990,11.02,6.64,0.57
1990,10.3,6.47,1.13
1990,11.17,5.59,0.03
1990,11.93,5.69,0.09
1990,12.99,5.82,0.11
1990,13.61,6.22,0.09
1990,15.7,5.82,0.05
1990,17.09,5.44,2.72
1990,14.81,7.95,2.73
1990,15.02,7.67,0.04
1990,14.85,6.97,0
1990,13.54,7.22,0
1990,13.55,6.3,0
1990,16.86,5.19,0
1990,20.59,4.15,0
1990,20.38,5.18,0
1990,20.69,5.71,0
1990,19.46,6.17,0
1990,17.06,5.66,0
1990,12.95,6.2,0.17
1990,12.34,7.04,5.72
1990,13.33,7.05,1.28
1990,14.45,7.29,0.05
1990,15.47,7.7,0.09
1990,16.02,7.15,0
1990,15.24,6.49,0
1990,14.49,6.95,0.37
1990,13.65,7.93,1.68
1990,15.08,5.38,0.03
1990,17.44,3.88,0
1990,20.46,5.64,0
1990,20.36,6.55,0
1990,18.4,7.3,0.13
1990,15.8,6.15,0.17
1990,12.98,5.2,2.3
1990,14.86,3.44,0
1990,15.85,5.43,0
1990,19.28,5.63,0
1990,22.88,4.14,0
1990,24.98,4.34,0
1990,25.44,4.88,0
1990,20.85,6.63,0
1990,16.53,6.64,0
1990,15.4,6,0
1990,12.77,5.95,0
1990,14.72,6.51,0
1990,15.78,6.04,0
1990,16.94,6.24,0
1990,14.7,7.03,0
1990,15.37,5.91,0
1990,17.73,5.24,0
1990,14.71,6.41,0
1990,15.07,5.76,0
1990,14.3,5.5,0
1990,16.54,6.05,0
1990,16.71,7.2,0
1990,19.34,7.18,0
1990,16.78,6.99,0.01
1990,17.33,4.49,0
1990,17.15,5.04,0
1990,16.75,6.49,0.01
1990,15.56,7.26,8.12
1990,13.95,7.6,10.42
1990,15.63,7.08,0.05
1990,16.22,7.04,0.05
1990,15.83,6.69,0.01
1990,18.14,5.22,0
1990,23.5,4.94,0
1990,26.26,5.87,0
1990,26.65,5.88,0
1990,23.7,7.09,0
1990,22.95,7.45,0
1990,24.43,7.89,0
1990,25.37,7.81,0.61
1990,22.78,9.66,3.15
1990,20.27,11.17,0.42
1990,21.21,8,0
1990,19.54,6.55,0
1990,15.15,7.54,0
1990,14.47,5.62,0
1990,14.66,6.59,0
1990,19.23,6.62,0
1990,20.09,7.14,0
1990,20.51,6.78,0
1990,24.85,5.02,0
1990,26.53,5.68,0
1990,24.81,7.21,0
1990,24.58,5.86,0
1990,25.95,4.54,0
1990,28.77,5.06,0
1990,30.12,5.39,0
1990,31.4,3.93,0
1990,31.29,3.98,0
1990,27.71,5.18,0
1990,25.42,5.02,0
1990,26,6.22,0
1990,27.02,6.63,0
1990,25.86,7.43,0
1990,24.13,6.15,0
1990,25.51,5.64,0
1990,25.61,5.89,0
1990,25.88,6.23,0
1990,22.62,7.73,0.15
1990,22.29,7.47,0
1990,25.62,6.71,0.01
1990,29.55,9.12,0.4
1990,30.51,10.83,0.12
1990,29.49,9.1,0
1990,30.16,9.65,1.24
1990,28.04,9.95,0.48
1990,25.17,9.64,0.6
1990,25.39,9.65,0.83
1990,26.21,9.56,0.09
1990,27.99,9.4,0
1990,28.83,8.98,0
1990,27.96,9.02,0
1990,26.26,9.85,0
1990,27.03,9.41,0
1990,25.72,8.67,0
1990,22.27,6.96,0
1990,20.33,7.42,0
1990,22.17,7.65,0
1990,23.66,7.06,0
1990,24.19,6.43,0
1990,26.1,5.85,0
1990,28,5.05,0
1990,25.88,5.85,0
1990,22.06,7.31,0
1990,23.16,7.17,0
1990,25.36,6.98,0
1990,27.22,7.33,0
1990,29.24,8.2,0.02
1990,29.82,10.18,2.16
1990,30.56,10.29,0.4
1990,29.77,10.07,0
1990,28.44,9.24,0.42
1990,29.42,9.73,1.21
1990,30.43,11.41,2.22
1990,28.82,10.92,0.18
1990,26.12,8.65,0.01
1990,22.14,8.89,0.18
1990,20.53,8.62,0.09
1990,22.03,7.99,0.01
1990,23.03,7.9,0.12
1990,22.46,8.41,0
1990,19.91,9.04,0.05
1990,19.15,8.38,0
1990,21.2,7.9,0
1990,22.55,6.95,0.03
1990,21.01,7.65,0
1990,19.71,8.79,0
1990,18.2,6.9,0
1990,18.58,5.79,0
1990,22.5,4.34,0
1990,26.31,4.26,0
1990,26.58,5.9,0
1990,25.64,7.3,0
1990,24.07,5.7,0
1990,25.03,4.88,0.01
1990,24.82,7.45,0
1990,24.67,5.05,0.14
1990,26.29,6.65,2.41
1990,27.04,10.07,0.79
1990,27.24,7.99,0.01
1990,27.78,6.27,0.02
1990,28.53,5.72,0
1990,30.33,5.11,0
1990,30.25,5.46,0
1990,29.98,4.05,0
1990,29.49,4.6,0
1990,27.38,5.57,0
1990,25.88,7.67,0
1990,24.05,5.98,0
1990,21.66,5.87,0
1990,19.05,7.46,0
1990,18.9,8.53,0
1990,19.3,8.39,0.03
1990,19.8,8.05,0.02
1990,19.43,8.82,0.04
1990,19.73,8.5,0
1990,19.48,7.91,0.01
1990,19.52,6.78,0
1990,20.92,6.85,0
1990,20.79,7,0
1990,18.62,8.4,0
1990,18.98,7.9,0.18
1990,21.22,6.36,0.35
1990,23.12,4.88,0.12
1990,21.88,7.78,0.16
1990,20.05,7.81,0.01
1990,23.65,5.5,0.04
1990,24.81,5.74,0.04
1990,22.56,7.49,0
1990,17.5,8.26,0
1990,17.76,7.27,0.02
1990,18.45,1.86,0.01
1990,20.63,1.57,0
1990,21.26,2.13,0
1990,21.46,3.49,0
1990,21.81,3.11,0
1990,20.04,4.91,0
1990,20.5,5.5,0
1990,20.29,5.43,0
1990,18.39,6.03,0
1990,19.54,6.39,0
1990,18.67,8.61,0.07
1990,16.32,6.93,0.06
1990,15.39,1.96,0
1990,17.5,1.55,0
1990,19.7,2.35,0
1990,21.32,2.79,0
1990,22.52,2.42,0
1990,23.44,2.55,0
1990,23.55,2.72,0
1990,22.45,2.67,0
1990,21.9,2.96,0
1990,20,4.1,0
1990,16.87,6.38,0
1990,14.34,7.61,0
1990,13.01,5.21,0.1
1990,10.42,1.8,0
1990,10.29,1.33,0
1990,13.9,1.71,0
1990,14.55,3.91,0
1990,10.72,2.32,0
1990,9.93,1.33,0
1990,14.8,2.73,0
1990,17.88,4.37,0
1990,18.99,3.39,0
1990,17.96,2.72,0
1990,19.7,2.59,0
1990,19.77,3.14,0
1990,16.14,4.15,0
1990,15.96,4,0
1990,16.81,4.21,0.02
1990,14.9,6.46,0
1990,13.65,6.75,0.04
1990,11.59,7.64,5.46
1990,10.95,5.44,2.75
1990,9.51,3.67,0
1990,11.69,2.43,0
1990,14.16,2.45,0.02
1990,15.16,2.59,0
1990,13.53,4.82,0.3
1990,7.07,3.74,2.9
1990,6.11,1.71,0
1990,8.69,1.78,0.03
1990,11.51,2.2,0
1990,11.54,2.74,0
1990,10.49,2.28,0
1990,11.21,1.87,0
1990,10.78,1.74,0
1990,11.31,2.23,0.1
1990,11.38,2.1,0
1990,12.53,2.11,0
1990,12.13,1.77,0
1990,11.87,1.78,0
1990,14.26,2.04,0
1990,13.55,2.5,0
1990,10.79,4,0.16
1990,9.72,6.49,0.27
1990,7.84,5.49,0.04
1990,6.86,2.49,0
1990,6.98,3.65,0.14
1990,5.16,3.35,0.03
1990,5.34,2.21,0
1990,7.17,3.67,0.19
1990,5.62,4.91,2.18
1990,1.62,2.87,0.58
1990,-0.74,1.65,0.11
1990,-1.5,0.79,0
1990,-0.55,0.63,0.02
1990,2.22,0.95,0.01
1990,3.79,1.21,0
1990,4.99,1.53,0.01
1990,6.59,1.8,0.03
1990,6.64,3.72,0.01
1990,5.84,3.07,0.01
1990,3.5,0.66,0
1990,5.7,0.92,0
1991,9.73,1.59,0.11
1991,11.2,2.82,5.69
1991,8.89,6.66,22.11
1991,9.5,7.47,6.1
1991,10.4,6.05,0.44
1991,8.95,5.47,0.03
1991,9.3,4.89,0
1991,8.08,5.07,2.2
1991,6.01,5.49,4.53
1991,7.93,4.24,0
1991,10.14,3.79,0
1991,11.89,3.9,0
1991,13.52,4.03,0.01
1991,12.6,3.85,0
1991,12.7,3.92,0
1991,9.78,2.76,0.01
1991,8.92,2.53,0
1991,10.73,3.6,0
1991,9.66,3.48,0.01
1991,8.65,3.64,1.06
1991,6.8,3.39,0.54
1991,7.04,2.01,0
1991,8.36,2.94,0
1991,8.44,3.84,0
1991,9.18,3.37,0
1991,9.62,3.87,0
1991,9.09,3.92,0
1991,7.17,4.18,0
1991,5.32,2.06,0
1991,8,1.74,0
1991,9.54,2.13,0
1991,11.98,2.4,0
1991,10.64,2.78,0.01
1991,11.42,4.03,0
1991,14.14,3.5,0
1991,14.33,4.52,0.3
1991,12.73,3.9,0.27
1991,13.65,3.39,0
1991,14.07,3.44,0
1991,14.97,3.48,0
1991,15.42,3.37,0
1991,16.39,3.6,0
1991,15.81,4.07,0
1991,15.02,4.16,0
1991,17.88,4.48,0
1991,16.28,5.19,0
1991,12.11,7.32,0.02
1991,10.95,4.9,0.01
1991,10.48,2.62,0
1991,12.74,2.84,0
1991,15.37,3.23,0
1991,15.94,3.14,0.01
1991,14.32,4.08,0
1991,13.27,4.66,0
1991,14,3.28,0
1991,13.82,3.02,0
1991,13.69,5.25,0.68
1991,11.03,7.6,74.5
1991,10.4,8.01,45.24
1991,9.74,7.44,21.54
1991,9.26,5.71,0.17
1991,12.52,5.56,0
1991,14.56,7.85,4.05
1991,11.58,6.83,0.3
1991,8.59,4.23,0
1991,7.95,3.01,0
1991,10.24,2.97,0.04
1991,11.08,3.96,0
1991,9.31,5.75,1.75
1991,7.13,3.9,1.33
1991,8.52,3.79,0
1991,7.25,5.65,10.65
1991,7.29,4.66,1.6
1991,3.6,4.29,2.53
1991,5.23,3.53,0
1991,7.96,4.62,0.25
1991,10.04,6.04,16.57
1991,7.89,5.41,17.17
1991,6.46,5.52,12.11
1991,6.68,4.55,0.19
1991,7.86,4.64,0
1991,7.77,5.25,0.1
1991,7.44,5.05,0.93
1991,7.9,5.47,21.97
1991,6.35,5.17,21.52
1991,4.31,4.63,22.75
1991,7.98,4.63,0.01
1991,11.17,5,0.07
1991,13.41,4.43,0.01
1991,13.5,5.47,0.14
1991,9.8,6.15,0.43
1991,11.73,5.74,0
1991,15.23,5.33,0
1991,18.55,5.56,0
1991,19.77,6.12,0
1991,16.04,6.86,0
1991,13.43,5.75,0
1991,14.05,4.6,0
1991,16.53,4.77,0
1991,12.33,4.22,0
1991,8.22,2.6,0
1991,10.11,3.72,0
1991,12.24,4.74,0
1991,13.39,5.86,0
1991,11.27,6.57,0
1991,9.66,5.75,0
1991,10.22,5.57,0
1991,11.67,6.14,0.02
1991,12.28,5.88,0.01
1991,11.3,6.08,0.04
1991,12.13,6.52,0.09
1991,12.2,7.06,0
1991,13.61,7.02,0.04
1991,13.2,7.23,0.06
1991,12.57,5.84,0.09
1991,13.84,6.08,0
1991,15.67,5.08,0
1991,16.49,3.51,0
1991,17.84,4.48,0
1991,16.39,4.98,0
1991,11.57,5.37,0
1991,10.09,4.76,0
1991,12.62,5.77,0
1991,16.9,4.59,0
1991,20.41,4.93,0
1991,21.25,6.39,0
1991,21.92,7.15,0
1991,18.76,7.85,0
1991,12.19,4.61,0.58
1991,11.68,4.54,0.17
1991,12.55,5.69,0.01
1991,15.93,5.25,0
1991,14.51,6.54,0
1991,14.79,5.7,0
1991,18.52,5.67,0
1991,18.71,6.56,0
1991,15.2,5.79,0
1991,11.82,4.9,0
1991,13.05,5.57,0
1991,13.37,6.2,0
1991,13.74,6.58,0
1991,16.46,6.49,0
1991,20.33,7.25,0.02
1991,20.43,7.82,0
1991,19.61,7.69,0
1991,16.01,6.65,0
1991,14.79,6.25,0
1991,16.93,6.37,0
1991,15.95,6.19,0.05
1991,14.65,6.85,0.18
1991,14.69,4.75,0
1991,16.89,6.3,0.02
1991,19.23,7.13,0.03
1991,20.55,7.21,0.02
1991,19.02,7.28,0
1991,17.12,7.35,0
1991,18.01,6.35,0
1991,19.65,6.11,0.07
1991,19.18,6.49,0.07
1991,20.61,7.19,0
1991,23.12,7.26,0
1991,22.26,8.1,0.02
1991,20.61,8.09,0
1991,18.01,8,0
1991,17.74,7.64,0
1991,19.39,6.93,0
1991,22.16,6.21,0
1991,23.45,6.72,0
1991,19.67,8,0
1991,17.84,7.4,0
1991,18.22,6.55,0
1991,17.1,6.46,0
1991,17.53,6.22,0
1991,17.84,6.7,0
1991,16.42,6.81,0
1991,16.66,6.63,0
1991,17.66,6.85,0
1991,16.52,7.5,0.04
1991,16.94,8.42,0
1991,18.52,7.64,0.01
1991,23.64,6.51,0.08
1991,26.07,6.28,0
1991,25.46,7.42,0
1991,25.26,8.35,0
1991,26.95,8.61,0
1991,25.48,9.23,0
1991,23.12,10.07,0.09
1991,23.3,10.63,1.95
1991,24,10.83,0.56
1991,22.23,9.33,0.01
1991,21.17,8.58,0
1991,22.64,8.03,0
1991,23.07,8.2,0
1991,22.81,7.97,0
1991,21.96,6.59,0
1991,20.71,5.55,0
1991,19.88,7.92,0
1991,19.71,7.93,0
1991,19.05,8.97,0.05
1991,18.51,8.78,0.03
1991,18.61,7.72,0
1991,20.82,8.18,0
1991,22.47,8.29,0
1991,21.54,8.62,0
1991,21.39,8.82,0
1991,20.44,8.47,0
1991,21.01,8.23,0
1991,23.57,6.57,0
1991,26.96,5.57,0
1991,27.02,7.16,0.04
1991,26.53,9.78,5.5
1991,24.97,11.3,0.57
1991,24.2,9.85,0
1991,24.2,7.62,0
1991,21.86,7.52,0
1991,18.56,7.57,0
1991,17.4,7.59,0
1991,19.28,7.4,0
1991,23.11,5.37,0
1991,26.33,5.27,0
1991,27.06,6.47,0
1991,25.54,7.54,1.04
1991,25.49,9.82,0.72
1991,24.03,9.59,0.01
1991,25.9,12.38,0.02
1991,21.73,10.95,0.01
1991,22.08,10.41,0
1991,23.16,10.28,0
1991,23.25,9.26,0
1991,22.35,8.41,0
1991,22.1,8.07,0
1991,24.35,6.29,0
1991,26.86,5.88,0
1991,29.01,6.79,0
1991,29.48,8.37,0.01
1991,26.45,9.39,0.03
1991,24.22,9.41,0
1991,22.34,9.08,0
1991,20.71,6.51,0
1991,21.73,5.25,0
1991,23.8,4.26,0
1991,25.35,4.7,0
1991,25.98,5.9,0.01
1991,28.56,7.69,0.86
1991,27.3,10.18,0.41
1991,27.33,10.55,0
1991,27,8.19,1.53
1991,25.54,9.63,0.53
1991,23.35,9.38,0.16
1991,22.14,8.7,0.04
1991,19.64,8.14,0
1991,16.64,8.4,0
1991,16.2,6.73,0
1991,18.66,6.9,0
1991,19.74,7.65,0
1991,20.52,7.67,0.01
1991,21.2,7.57,0
1991,23.08,7.16,0
1991,26.33,6.2,0
1991,26.68,3.98,0
1991,24.21,6.16,0
1991,24.95,8.19,0.07
1991,23.83,9.87,0.09
1991,23.99,10.14,0.46
1991,26.07,9.93,0.38
1991,27.01,9.12,0.1
1991,28.07,7.98,0.04
1991,27.24,8.03,0.05
1991,24.39,10,1.27
1991,23.84,9.48,0.35
1991,24.09,8.67,0.85
1991,23.82,9.2,0.07
1991,26.89,8.09,0
1991,28.1,5.11,0
1991,27.51,4.87,0
1991,25.61,6.84,0
1991,23.87,7.6,0
1991,23.42,7.53,0
1991,23.08,7.54,0
1991,26.7,5.24,0
1991,27.2,5.7,0
1991,27.63,5.33,0
1991,28.22,4.36,0
1991,26.2,5.89,0
1991,23.98,7.75,0
1991,24.41,7.83,0
1991,26.08,4.93,0
1991,25.33,4.23,0
1991,22.1,7.07,0
1991,20.13,7.67,0
1991,24.78,4.64,0
1991,25.29,3.49,0
1991,23.15,3.91,0
1991,19.28,6.55,0.13
1991,15.99,8.85,0.17
1991,14.84,8.23,0.17
1991,13.53,6.69,0.02
1991,13.29,6.74,1.16
1991,13.25,8.53,11.71
1991,10.98,4.71,0.46
1991,10.58,2.07,0
1991,11.08,4.6,0.01
1991,9.1,2.42,0
1991,10.12,2.01,0
1991,14.2,2.75,0.03
1991,16.45,3.39,0
1991,16,3.67,0
1991,17.51,3.99,0
1991,19.42,4.22,0
1991,21.33,4.99,0
1991,21.7,5.44,0
1991,20.18,6.25,0
1991,16.01,6.69,0.02
1991,15.82,6.32,0.14
1991,16.5,4.65,0
1991,17.23,4.25,0
1991,17.07,4.69,0
1991,10.61,4.24,0.68
1991,8.96,3.15,0.01
1991,9.74,3.48,0
1991,10.16,5.74,0.46
1991,10.58,4.38,0.08
1991,10.75,2.28,0
1991,13.23,2.36,0
1991,14.32,4.29,0
1991,12.9,2.14,0
1991,11.07,1.19,0
1991,13.53,1.44,0
1991,15.35,1.83,0
1991,17.01,2.16,0
1991,12.47,4.4,0.17
1991,7.45,2.11,0.02
1991,6.56,2.83,0.6
1991,5.16,1.38,0.04
1991,4.36,1.11,0
1991,7.4,1.95,0
1991,9.9,2.37,0
1991,11.02,2.2,0
1991,12.82,2.7,0
1991,11.74,2.47,0
1991,7.96,4.47,0.75
1991,9.4,5.77,2.11
1991,12.13,5.19,2.57
1991,11.99,6.31,3.71
1991,10.15,5.08,1.17
1991,9.72,2.69,0
1991,10.54,2.45,0
1991,11.09,2.26,0
1991,11.16,2.78,0
1991,12.65,3.91,0.02
1991,12.79,5.07,0.47
1991,11.74,6.8,3.27
1991,8.41,3.97,1.45
1991,8.5,2.65,0
1991,9.97,3.9,0
1991,9.4,5.55,0
1991,10.31,4.17,0
1991,10.34,3.66,0
1991,9.39,3.64,0
1991,9.68,3.98,0
1991,9.49,5,3.2
1991,8.4,6.29,17.52
1991,7.65,6.5,17.33
1991,7.89,5.63,1.13
1991,8,4.23,0.01
1992,9,3.37,0.04
1992,9.18,2.89,4.97
1992,6.67,5.12,4.25
1992,9.42,6.58,3.18
1992,8.02,6.74,33.39
1992,5.63,5.01,5.62
1992,4.77,5.07,6.16
1992,6.09,3.58,0.03
1992,7.3,2.72,0.02
1992,9.78,3.13,0
1992,9.9,3.29,0
1992,5.08,2.49,0
1992,6.41,2.35,0
1992,7.12,2.85,0
1992,8.01,2.95,0
1992,9.2,2.78,0
1992,10.01,3.2,0
1992,7.37,3.18,0
1992,7.97,3.32,0
1992,9.26,3.75,0
1992,9.39,3.67,0
1992,9.54,2.92,0
1992,10.77,2.74,0
1992,12.92,2.99,0
1992,12.8,3.39,0
1992,11.66,3.97,0
1992,12.06,3.63,0
1992,12.49,4.03,0
1992,12.29,3.48,0
1992,12.58,3.46,0
1992,13.01,4.02,1.26
1992,11.62,4.82,0
1992,10.88,4.23,0
1992,10.7,3.23,0.01
1992,11.73,3.58,0
1992,11.64,5.89,5.08
1992,11.13,7.5,21.88
1992,10.49,7.39,2.12
1992,10.43,6.61,0.67
1992,8.95,6.23,2.33
1992,9.62,7.17,32.18
1992,9.98,7.67,28.03
1992,9.85,7.8,34.48
1992,8.68,6.66,3.05
1992,8.59,6.25,14.69
1992,6.71,6.06,10.44
1992,7.72,6.12,0.74
1992,8.89,5.99,0.06
1992,10.73,5.68,0
1992,12.26,6.49,0.01
1992,12.71,8.17,0
1992,13.28,6.73,0.11
1992,14.35,6.55,0
1992,12.01,4.1,0
1992,12.47,3.83,0
1992,13.73,5.15,0
1992,12.96,4.71,0
1992,14.53,4.67,0
1992,15.37,5.02,0
1992,13.89,5.79,0.07
1992,11.44,6.69,12.6
1992,9.21,7.03,14.32
1992,9.5,6.96,2.43
1992,10.66,6.57,0.06
1992,10.43,6.41,1.11
1992,9.64,6.43,6.28
1992,7.57,5.62,2.29
1992,8.6,6.07,0.93
1992,11.05,6.35,0.03
1992,12.25,5.83,0
1992,13.82,5.24,0
1992,14.8,5.97,0
1992,13.83,6.44,0
1992,11.54,5.39,0
1992,10.12,6.15,0
1992,10.43,6.21,0
1992,10.21,5.59,0
1992,11.43,6.39,0
1992,12.3,6.58,3.94
1992,10.89,7.45,36.44
1992,10.77,7.39,8.85
1992,9.84,7.35,18.48
1992,10.35,7.13,3.45
1992,12.9,6.51,0.06
1992,13.18,6.64,1.03
1992,12.8,7.66,7.69
1992,11.96,7.67,8.76
1992,12.87,8.19,0.42
1992,13.05,7.82,0.53
1992,11.22,7.19,3.58
1992,11.73,6.69,4.62
1992,12.25,6.68,1.31
1992,15.07,6.71,0
1992,16.09,7.14,0
1992,14.86,8.41,0
1992,14.06,7.76,0
1992,13.87,7.08,0
1992,16.06,7.37,0
1992,16.47,7.07,0
1992,15.36,7.1,0
1992,14.82,7.08,0
1992,14.91,6.17,0
1992,14.99,5.05,0
1992,14.54,7.5,0
1992,13.39,8.01,0
1992,13.9,7.79,0
1992,16.22,7.55,0
1992,18.2,8.75,0
1992,16.67,5.99,0
1992,16.98,5.01,0
1992,17.79,5.79,0
1992,17.66,7.99,0
1992,15.25,5.93,0
1992,17.78,5.64,0
1992,21.63,6.62,0
1992,22.92,7.4,0
1992,22.32,6.98,0
1992,21.47,7.25,0
1992,21.74,7.11,0
1992,18.95,6.99,0
1992,17.49,7.77,0
1992,17.57,6.78,0
1992,19.65,6.62,0
1992,19.38,7.82,0.01
1992,19.51,7.89,0.02
1992,19.96,9.54,1.91
1992,18.66,9.45,2.17
1992,19.5,9.03,0.03
1992,20.48,9.45,0.09
1992,19.11,10.06,0.09
1992,19.43,9.29,0.05
1992,18.34,9.65,0.06
1992,17.05,8.45,0
1992,17.21,7.24,0
1992,16.37,7.15,0
1992,17.57,8.47,0
1992,19.46,7.99,0.02
1992,20.18,7.76,0
1992,21.2,7.07,0
1992,18.11,7.39,0
1992,16.62,7.4,0.01
1992,18.34,7.13,0.64
1992,19.14,8.32,1.4
1992,20.86,8.31,0.02
1992,19.74,9.26,0.04
1992,20.34,9.69,0
1992,19.83,9.18,0
1992,18.73,8.96,0
1992,18.45,9.3,0
1992,18.88,8.3,0
1992,20.96,7.79,0.01
1992,22.89,8.25,0
1992,22.9,9.54,0
1992,21.84,9.42,0
1992,22.9,8.51,0
1992,21.23,9.36,0.01
1992,17.99,8.7,0.03
1992,16.15,7.57,0.02
1992,18.2,8.02,0
1992,19.77,8.33,0
1992,20.41,8.49,0
1992,18.85,8.5,0
1992,18.57,8.26,0
1992,18.56,6.13,0
1992,18.05,5.18,0
1992,16.81,5.34,0
1992,16.08,6.4,0
1992,19.06,5.57,0
1992,21.1,5.99,0
1992,19.03,6.44,0
1992,19.82,6.65,0
1992,20.2,7.55,0
1992,20.68,7.74,0
1992,24.52,6.03,0
1992,25.21,7.75,0
1992,24.17,7.44,0
1992,22.56,6.97,0
1992,21.6,8.52,0
1992,23.85,8.47,0
1992,24.32,8.9,0
1992,20.11,8.29,0
1992,18.45,8.39,0
1992,18.15,7.54,0
1992,21.37,6.95,0
1992,21.23,7.82,0
1992,21.78,8.06,0
1992,25.49,6.88,0
1992,27.19,7.75,1.39
1992,23.67,11.14,2.77
1992,25.04,13.32,0.78
1992,25.5,13.49,0.04
1992,24.1,11.93,0.18
1992,21.08,11.81,1.6
1992,21.08,12.58,0.9
1992,22.62,11.82,0.01
1992,24.38,10.87,0
1992,25.79,9.76,0
1992,27.16,9.33,0
1992,28.08,8.92,0
1992,29.32,7.62,0
1992,29.64,7.58,0
1992,26.76,6.2,0
1992,23.62,7.97,0
1992,22.57,8.96,0
1992,21.42,8.4,0
1992,20.54,8.63,0
1992,22.33,8.95,0
1992,24.11,9.06,0
1992,26.14,7.42,0
1992,27.16,6.91,0
1992,25.74,7.29,0
1992,27.08,8.28,0.66
1992,27.93,9.82,1.26
1992,27.95,10.57,0.42
1992,28.96,9.98,0.59
1992,27.39,9.99,1.32
1992,25.95,11.37,0.13
1992,25.53,10.99,0
1992,24.68,8.98,0
1992,23.79,9.4,0
1992,24.73,9.2,0
1992,28.09,8.12,0
1992,29.28,8.54,0
1992,27.42,9.87,0.02
1992,29.79,10.13,2.4
1992,29.42,12.42,1.76
1992,28.8,12.83,0.33
1992,29.6,11.14,0
1992,30.68,9.9,0
1992,30.15,10.09,0
1992,30.29,9.66,0
1992,30.36,8.61,0.01
1992,29.67,7.85,0
1992,25.69,9.38,0
1992,22.63,8.08,0
1992,24.13,3.96,0
1992,21.64,8.48,0
1992,22.75,8.34,0
1992,25.06,7.08,0
1992,26.65,5.94,0
1992,26.39,6.76,0
1992,23.39,7.93,0
1992,17.85,7.22,0
1992,19.61,8.53,0
1992,20.64,9.18,0
1992,21.17,8.04,0
1992,21.58,8.26,0
1992,21.49,6.18,0
1992,24.34,5.8,0
1992,22.73,7.99,0
1992,23.22,7.44,0
1992,23.1,7.23,0
1992,22.66,6.69,0
1992,22.83,6.62,0
1992,23.32,6.8,0
1992,23.05,7.26,0
1992,22.94,6.2,0
1992,22.16,5.81,0
1992,22.82,8.18,0
1992,25.18,7.21,0
1992,27.64,8.48,0
1992,25.13,8.35,0
1992,24.63,4.19,0
1992,24.98,4.63,0
1992,27.07,6.46,0.01
1992,29.2,8.66,0.03
1992,29.36,7.16,0
1992,27.65,6.03,0
1992,24.6,5.54,0
1992,25.77,3.22,0
1992,27.94,4.21,0
1992,27.96,4.21,0
1992,28.35,5.16,0
1992,28.72,5.52,0
1992,26.34,5.48,0.02
1992,18.27,7.46,0
1992,18.22,5.9,0
1992,20.78,4.29,0
1992,23.08,4.15,0
1992,24.14,4.2,0
1992,23.8,1.79,0
1992,23.75,2.43,0
1992,22.82,4.62,0
1992,23.67,4.15,0
1992,24.04,3.87,0
1992,23.66,4.19,0
1992,19.16,8.25,0
1992,17.32,8.85,0
1992,16.98,8.4,0.02
1992,17.32,7.24,0.08
1992,19.58,6.41,0.02
1992,19.03,6.92,0
1992,18.56,6.96,0
1992,19.73,4.98,0
1992,15.33,8.63,1.13
1992,19.42,7.65,3.1
1992,20.38,8.33,5.06
1992,16.81,9.44,1.54
1992,17.17,8.39,0.04
1992,18.41,7.94,0.26
1992,16.39,9.19,0.64
1992,15.02,9.27,1
1992,14.51,8.77,7.03
1992,14.41,9.71,11.61
1992,14.8,5.7,0.04
1992,16.88,4.6,0
1992,18.37,5.78,0
1992,15.73,2.89,0
1992,13.52,2.68,0
1992,14.51,3.84,0
1992,15.56,3.88,0
1992,15.38,4.18,0
1992,14.09,6.69,0
1992,14.33,7.31,0
1992,10.77,3.12,0
1992,9.57,1.7,0
1992,12.82,2.26,0
1992,14.56,3.08,0
1992,15.59,3.85,0
1992,16.54,3.99,0
1992,14.48,4.99,0
1992,12.99,6,0
1992,12.14,5.28,0
1992,12.46,3.75,0
1992,8.7,2.92,0
1992,8.42,2.23,0
1992,9.54,4.85,0.04
1992,8.05,2.64,0.04
1992,7.51,2.27,0
1992,8.53,2.07,0
1992,8.6,1.68,0
1992,11.49,2.29,0
1992,10.61,3.02,0
1992,9.83,2.38,0
1992,8.79,1.93,0
1992,10.76,2.35,0
1992,10.74,5.09,0.03
1992,10.19,6.17,2.69
1992,6.7,4.78,4.05
1992,7.1,4.79,0.59
1992,8.46,6.41,18.78
1992,8.58,7.03,37.94
1992,7.88,4.71,0.22
1992,8.37,5.87,0
1992,10.23,6.02,0.01
1992,7.89,6.69,2.3
1992,5.9,3.71,0.09
1992,5.46,2.36,0
1992,5.25,2.18,1.43
1992,5.94,2.97,0
1992,5.16,2.08,0
1992,7.6,5.08,6.29
1992,4.42,3.36,1.96
1992,2.51,1.91,0
1992,3.58,1.96,0
1992,5.63,2.4,0
1992,6.08,2.53,0
1992,8.38,2.57,0
1992,8.96,3.04,0
1992,7.65,2.66,0
1992,9.48,3.08,0.31
1992,9.09,5.95,14.02
1992,8.96,7.02,14.51
1992,8.78,7.13,14.99
1992,7.44,4.99,0.36
1992,7.91,3.93,0
1993,8.04,4.99,0.51
1993,6.63,4.86,8.29
1993,2.02,1.93,0
1993,4.09,2.19,0.47
1993,4.96,3.19,23.62
1993,8.39,7.38,57.06
1993,12.52,9.35,47.75
1993,7.75,6.59,3.49
1993,7.29,6.09,2.13
1993,7.6,6.53,6.67
1993,4.95,3.96,3.86
1993,4.38,4.84,23.4
1993,10.63,8.23,18.99
1993,10.13,7.45,23.4
1993,10.6,8.31,43.62
1993,12.06,9.14,34.82
1993,10.86,8.22,32.07
1993,8.61,7.12,9.98
1993,7.63,5.7,0
1993,9.9,6.57,0
1993,10.84,6.75,0
1993,10.56,6.31,0
1993,7.73,3.93,0
1993,8.38,3.84,0
1993,9.66,4.41,0
1993,10.53,4.83,0
1993,11.49,4.8,0
1993,11.72,4.92,0
1993,10.28,5.13,0.86
1993,7.16,5.41,5.72
1993,8.23,5.08,1.15
1993,8.58,4.06,0
1993,9.32,4.49,0
1993,10.78,4.63,0
1993,11.3,5.29,0
1993,12.22,6.1,0
1993,12.67,6.2,0
1993,12.31,8.37,28.67
1993,10.41,7.83,43.15
1993,9.06,6.61,2.58
1993,8.41,5.64,0.22
1993,8.94,6.06,0
1993,9.42,5.31,0
1993,10.26,5.15,0.02
1993,10.24,5.94,3.1
1993,8.49,6.42,0.27
1993,6.85,5.37,0.01
1993,8.47,5.17,2.61
1993,10.14,7.49,58.33
1993,11.27,8.25,31.19
1993,8.18,6.21,4.23
1993,6.43,5.46,0.56
1993,8.22,5.78,1.52
1993,8.56,6.91,13.21
1993,6.87,5.22,0.78
1993,6.4,4.83,1.87
1993,7.17,6.12,5.25
1993,7.43,5.1,1.06
1993,5.94,4.59,0.39
1993,7.98,5.17,0
1993,10.57,5.44,0
1993,9.85,6.29,0.01
1993,10.84,5.35,0
1993,12.83,5.66,0
1993,13.62,5.94,0
1993,15.62,5.98,0
1993,16.27,6.03,0.06
1993,15.93,5.55,0
1993,14.24,5.75,0
1993,13.44,6.22,0
1993,14.09,5.43,0
1993,15.05,6.15,0.13
1993,14.76,7.75,0.21
1993,12.52,7.05,0
1993,15.06,7.08,0
1993,14.34,8.78,0
1993,13.74,6.76,0
1993,15.79,6.27,0
1993,16.4,7.14,0
1993,16.82,6.9,0
1993,17.86,7.12,0
1993,15.96,8.27,0.01
1993,12.51,7.63,0.03
1993,10.8,7.82,14.98
1993,8.9,6.66,13.69
1993,8.09,5.85,2.64
1993,8.25,5.58,6.36
1993,10.22,5.72,0.03
1993,12.32,6.77,0
1993,13.55,6.46,0
1993,11.29,7.08,0
1993,14.83,6.18,0
1993,16.76,6.69,0
1993,15.73,7.6,0
1993,11.87,6.75,0.04
1993,11.55,5.22,0
1993,14.31,5.25,0
1993,16.21,5.56,0
1993,15.48,6.45,0
1993,14.79,6.39,0
1993,14.03,6.18,0
1993,13.47,5,0
1993,13.59,4.31,0
1993,13.76,5.69,0
1993,13.16,6.96,0
1993,13.93,7.16,0
1993,12.92,7.08,0
1993,13.74,6.68,0
1993,15.18,5.36,0
1993,19.08,6.13,0
1993,19.84,6.32,0
1993,14.65,7.21,0
1993,13.51,6.57,0
1993,15.05,6.21,0
1993,17.84,6.61,0
1993,18.1,7.69,0
1993,16.09,7.37,0
1993,18.88,7.07,0
1993,20.11,7.17,0
1993,19.62,8.01,0
1993,19.42,6.55,0
1993,19.33,8.04,0
1993,16.09,8.76,0
1993,14.7,6.45,0
1993,15.17,6.49,0
1993,15.35,8.02,0
1993,16.93,7.04,0
1993,17.71,6.07,0
1993,20.33,5.93,0
1993,21.36,7,0
1993,15.67,8.33,0
1993,13.74,6.73,0
1993,16.18,5.65,0
1993,20.2,7.22,0.07
1993,20.79,8.57,0.54
1993,19.07,9.54,0.58
1993,18.81,8.73,0
1993,18.43,8.26,0
1993,18.51,8.75,0
1993,17.5,9.66,0
1993,16.87,8.64,0
1993,17.69,8.4,0
1993,16.62,8.99,0.04
1993,16.93,8.62,0
1993,17.27,9.22,0
1993,15.9,7.27,0.02
1993,15.28,7.26,0
1993,15.89,8.14,0
1993,18.1,7.13,0
1993,20.82,7.71,0
1993,18.38,9.91,0
1993,18,8.87,0
1993,17.02,7.83,0
1993,17.68,6.92,0
1993,16.2,8.56,5.63
1993,13.49,7.76,21.43
1993,12.76,6.52,0.2
1993,15.83,7.79,0
1993,19.15,7.49,0
1993,23.18,7.13,0
1993,23.96,8.56,0
1993,21.08,9.03,0
1993,21.27,7.76,0
1993,23.39,8.13,0
1993,23.96,8.72,0
1993,23.99,7.94,0
1993,22.04,8.49,0
1993,22.8,6.75,0
1993,25.59,7.27,0
1993,25.5,7.74,0
1993,24.01,8,0
1993,19.74,8.24,0
1993,20.96,7.37,0
1993,24.91,7.15,0
1993,27.66,6.05,0
1993,27.82,7.02,0
1993,26.11,9.52,0
1993,24.52,9.06,0
1993,23.95,7.76,0
1993,23.94,6.76,0
1993,23.79,7.69,0
1993,22.84,8.4,0
1993,22.22,9.46,0
1993,20.35,9.24,0
1993,18.85,9.04,0
1993,20.55,8.55,0
1993,21.87,8.98,0
1993,21.8,10.52,0
1993,22.1,9.99,0
1993,21.65,9.52,0
1993,22.22,7.98,0
1993,22.06,8.08,0
1993,21.28,8.21,0
1993,18.74,8.65,0
1993,19.99,8.71,0
1993,19.87,9.15,0
1993,20.3,7.47,0
1993,20.68,7.48,0
1993,20.76,7.51,0
1993,20.35,7.39,0
1993,20.08,8.6,0
1993,20.4,8.44,0
1993,22.09,7.92,0
1993,21.08,9.14,0
1993,20.75,10.02,0
1993,20.27,10.13,0
1993,20.76,9.24,0
1993,20.97,8.65,0.01
1993,20.52,8.37,0
1993,20.34,8.39,0
1993,23.22,8.25,0
1993,27.58,7.81,0
1993,28.44,9.51,0
1993,26.54,11.33,0
1993,26.37,11.5,0
1993,26.86,9.96,0
1993,29.01,8.74,0
1993,27.39,8.03,0
1993,22,8.44,0
1993,21.5,6.73,0
1993,25.67,7.3,0
1993,23.28,8.08,0
1993,22.62,7.55,0
1993,20.02,8.46,0
1993,19.08,8.69,0
1993,18.96,8.58,0
1993,18.95,8.65,0
1993,20.44,8.67,0
1993,21.91,8.5,0
1993,22.29,8.37,0
1993,21.65,7.84,0
1993,22.62,5.43,0
1993,22.86,5.4,0
1993,23.78,5.14,0
1993,24.39,5.06,0
1993,23.51,6.01,0
1993,25.19,7.81,0.12
1993,26.77,11.09,0.16
1993,26.69,10.88,0.14
1993,24.61,8.68,0.08
1993,22.78,8.81,0
1993,23.07,8.32,0.02
1993,25.3,8.32,0.02
1993,25.85,9.99,0
1993,25.48,10.07,0
1993,25.87,9.48,0
1993,25.78,6.49,0
1993,22.64,6.85,0
1993,23.4,6.39,0
1993,26.83,6.03,0
1993,28.76,4.8,0
1993,29.42,4.93,0
1993,29.61,5.94,0
1993,27.7,6.67,0
1993,19.6,9.35,0
1993,20.33,6.25,0
1993,19.89,5.28,0
1993,18.16,8.17,0.02
1993,15.71,7.61,0.01
1993,15.51,7.64,0
1993,17.84,5.74,0
1993,21.05,5.2,0
1993,17.96,6.69,0
1993,17.91,7.25,0
1993,18.97,6.44,0
1993,20.13,3.9,0
1993,22.3,2.27,0
1993,24.72,2.58,0
1993,25.9,2.14,0
1993,27.28,2.5,0
1993,27.67,3.84,0
1993,26.69,5.37,0
1993,26.43,7.24,0
1993,26.49,6.38,0
1993,26.48,6.1,0
1993,25.37,7.66,0
1993,20.62,9.47,0
1993,17.72,7.65,0
1993,16.42,7.53,0
1993,17.62,7.08,0
1993,17.29,7.55,0.01
1993,18.72,6.33,0.01
1993,18.73,7.49,0.22
1993,17.88,10.2,1.86
1993,19.3,9.13,0.01
1993,18.36,7.75,0
1993,17.74,7.51,0.01
1993,15.98,8.92,0.72
1993,15.3,8.42,0.85
1993,14.12,7.15,0.04
1993,14.72,5.23,0.01
1993,16.62,3.71,0
1993,19.19,2.96,0
1993,19.7,3.1,0
1993,20.66,3.27,0
1993,19.79,3.14,0
1993,19.65,3.73,0
1993,19.86,2.98,0
1993,19.7,2.06,0
1993,16.88,2.24,0
1993,18.05,2.76,0
1993,18.12,4.11,0.03
1993,18.06,2.57,0
1993,18.08,3.64,0
1993,17.99,3.63,0
1993,15.69,1.28,0
1993,18.05,1.79,0
1993,16.42,2.76,0
1993,16.19,2.55,0
1993,15.36,1.68,0
1993,15.16,3.9,0
1993,14.72,4.57,0
1993,16.59,5.28,0
1993,14.78,7.39,2.91
1993,11.34,7.26,10.99
1993,9.21,5.47,0.29
1993,8.85,4.52,0.45
1993,8.42,3.97,2.76
1993,9.82,2.5,0
1993,11.43,3.39,0
1993,12.26,4.54,0
1993,11.79,4.23,0
1993,11.21,2.45,0.17
1993,10.72,1.95,0.22
1993,12.98,3.41,0.07
1993,12.63,6.77,0.88
1993,11.81,5.67,0.16
1993,7.63,2.23,0
1993,8.42,1.28,0
1993,9.07,1.36,0
1993,11.19,1.7,0
1993,12.22,3.59,0.09
1993,11.55,6.77,1.6
1993,11.84,5.84,4.49
1993,9.9,2.5,0
1993,12.57,2.7,0.1
1993,12.46,2.44,0
1993,13.33,3,0
1993,11.5,3.09,0
1993,10.22,5.45,0
1993,9.62,4.61,0
1993,10.81,4.1,0
1993,10.72,4.6,0.01
1993,13.13,3.66,0.17
1993,8.63,6.59,10.15
1993,7.54,3.83,0.26
1993,8.85,2.58,0
1993,6.81,5.57,6.96
1993,5.54,4.2,0.5
1993,5.77,3.42,0
1993,7.02,3.04,0.01
1993,6.45,4.01,1.22
1993,7.96,5.07,1.99
1993,6.56,2.3,0
1993,6.94,1.81,0
1993,7.55,1.82,0
1993,6.09,1.66,0
1993,7.34,1.63,0
1993,11.08,2.55,0
1993,11.24,4.15,0.2
1993,10.65,6.76,0.11
1993,10.25,4.21,0
1993,9.53,3.02,0
1993,9.83,2.77,0
1993,10.98,2.96,0
1994,12.15,2.9,0
1994,12.53,2.87,0
1994,14.74,2.88,0
1994,15.67,3.8,0
1994,12.24,4.02,0
1994,7.83,2.09,0
1994,9.09,1.88,0
1994,9.08,2.36,0
1994,7.74,2.55,0
1994,7.91,2.59,0
1994,8.94,2.5,0
1994,9.44,2.63,0
1994,13.18,3.27,0
1994,12.81,4.18,0
1994,13.44,4.39,0
1994,11.85,3.03,0
1994,12.49,2.46,0
1994,14.03,2.93,0
1994,15.28,3.08,0
1994,14.8,3.18,0
1994,15.21,3.56,0
1994,15.54,3.33,0.02
1994,12.51,5.55,0.69
1994,9.48,6.88,6.22
1994,6.51,5.12,5.85
1994,7.34,4.75,3.83
1994,6.18,4.52,0.87
1994,6.24,2.9,0
1994,7.15,2.58,0
1994,8.67,2.5,0
1994,6.24,1.45,0
1994,6.48,1.44,0.01
1994,8.55,1.72,0.06
1994,7.42,4.06,9.37
1994,9.03,6.84,13.48
1994,9.64,6.43,1.16
1994,9.95,5.86,4.62
1994,9.18,7.34,33.3
1994,8.11,5.59,2.22
1994,8.62,3.91,0
1994,9.05,4.81,0.08
1994,7.41,3.21,0.09
1994,5.63,1.63,0
1994,9,2.07,0
1994,10.12,2.43,0
1994,12.03,2.88,0.06
1994,11.21,5.14,9.14
1994,8.64,6.53,9.82
1994,5.54,5.19,5.41
1994,5.63,4.44,5.59
1994,5.79,5.6,8.32
1994,6.35,3.9,0.01
1994,7.83,3.84,0.06
1994,9.61,3.03,0
1994,11.94,3.84,0
1994,13.05,4.66,0.04
1994,11.32,6.19,0
1994,11.43,6.29,0
1994,11.5,3.91,0
1994,14.22,3.58,0
1994,16.23,4.21,0
1994,16.97,4.81,0.01
1994,14.81,5.4,0.01
1994,10.88,6.83,2.51
1994,10.23,7.16,6.42
1994,11.62,6.54,1.94
1994,12.16,6.44,0.05
1994,13.67,6.1,0
1994,13.26,5.86,0.01
1994,12.31,5.27,0.09
1994,13.65,4.03,0
1994,15.94,4.02,0
1994,18.04,4,0.03
1994,17.48,4.98,0
1994,15.81,5.33,0.01
1994,16.57,5.78,0.67
1994,14.98,6.57,1.14
1994,12.54,7.94,25.78
1994,13.47,7.13,1.39
1994,13.67,6.83,0
1994,10.47,5.56,0
1994,8.27,3.95,0.19
1994,8.75,5.85,17.06
1994,7.38,5.12,2.52
1994,10.05,4.35,0
1994,13.89,4.42,0.09
1994,15.26,4.79,0
1994,15.57,5.25,0
1994,15.85,5.98,0
1994,16.59,6.15,0
1994,16.43,5.7,0
1994,17.06,4.54,0
1994,13.79,6.02,0
1994,13.63,4.75,0
1994,14.4,3.62,0
1994,13.85,5.81,0
1994,12.94,6.54,0.07
1994,11.68,6.46,0.87
1994,10.76,5.8,2.02
1994,12.25,4.07,0
1994,16.04,3.85,0
1994,18.23,4.43,0
1994,17.86,4.91,0
1994,14.82,6.45,0
1994,19.29,6.37,0
1994,20.48,5.96,0
1994,21.61,6.78,0
1994,21.47,7.63,0
1994,20.34,7.88,0
1994,20.42,7.83,0
1994,16.72,7.53,0
1994,14.77,6.31,0.03
1994,12.34,5.83,0.85
1994,9.53,4.95,6.6
1994,8.3,6.1,6.84
1994,7.92,5.81,3.38
1994,9.88,5.84,2.09
1994,12.18,5.86,0.87
1994,14.76,5.57,0.01
1994,14.71,6.03,0.04
1994,14.76,5.82,0
1994,15.6,6.55,0
1994,16.77,6.63,0
1994,17.88,7.53,0
1994,14.38,7.65,0.85
1994,12.17,6.71,2.32
1994,13.1,6.06,1
1994,13.91,6.45,0.52
1994,16.53,6.94,0
1994,18.57,7.45,0
1994,18.58,8.33,0.58
1994,17.5,8.98,0.18
1994,17.65,7.6,0.03
1994,18.49,8.39,0.01
1994,16.33,7.33,0.02
1994,13.3,6.19,0.19
1994,11.06,6.26,1.94
1994,11.34,5.96,0.22
1994,13.58,5.86,0
1994,15.63,5.11,0
1994,17.94,5.03,0.02
1994,16.89,6.07,0
1994,19.48,6.86,0
1994,17.68,7.77,0.28
1994,17.06,7.95,0.14
1994,16.81,8.3,0
1994,18.62,7.97,0
1994,21.51,7.6,0
1994,21.83,6.95,0
1994,19.71,7.86,0.12
1994,19.23,7.07,0.02
1994,22.88,6.94,0
1994,23.68,6.93,0
1994,21.19,6.24,0
1994,21.15,5.88,0
1994,18.15,8.24,0
1994,17.46,6.79,0
1994,19.51,5.21,0
1994,22.99,6.08,0
1994,25.95,6.83,0
1994,25.54,8.39,0
1994,23.12,9.53,0
1994,20.99,9.22,0
1994,20.51,8.67,0
1994,18.72,9.15,0.05
1994,18,8.76,0.03
1994,19.4,7.68,0
1994,21.28,6.96,0
1994,22.76,6.45,0
1994,22.62,6.45,0
1994,23.17,6.15,0
1994,24.74,6.85,0
1994,26.49,6.93,0
1994,28.55,6.14,0
1994,27.23,6.87,0
1994,28.41,6.59,0
1994,32.08,6.48,0
1994,30.63,8.97,0
1994,29.95,9.2,0
1994,29.66,9.45,0
1994,27.17,9.48,0.12
1994,26.6,10.54,0.03
1994,24.37,9.43,0
1994,22.64,8.8,0
1994,20.78,8.61,0
1994,19.21,8.5,0
1994,21.88,7.94,0
1994,24.3,7.91,0
1994,27.12,7.41,0
1994,25.39,8.34,0
1994,24.56,8.41,0
1994,24.62,7.18,0
1994,22.06,7.82,0
1994,21.87,8.62,0
1994,21.98,8.79,0
1994,23,8.36,0
1994,25.1,6.25,0
1994,26.41,8.91,0
1994,24.36,8.72,0
1994,22.88,7.67,0
1994,24.02,7.99,0
1994,23.95,8.76,0
1994,24.48,8.1,0
1994,24.61,7.26,0
1994,26.65,6.06,0
1994,27.75,5.8,0
1994,28.2,6.62,0
1994,27.78,7.66,0
1994,27.32,8.33,0.08
1994,25.11,9.34,0.04
1994,23.31,10.02,0
1994,23.8,9.74,0
1994,25.45,7.84,0
1994,27.19,5.66,0
1994,25.98,5.68,0
1994,27.15,4.78,0
1994,31.15,5.38,0.08
1994,29.49,7.16,0.14
1994,26.04,8.47,0.08
1994,26.81,8.77,0.98
1994,28.12,9.19,0.25
1994,30.03,8.79,0.01
1994,30.85,8.92,0.27
1994,30.54,9.34,1.69
1994,29.56,10.3,3.14
1994,29.8,9.98,0
1994,29.21,9.58,0
1994,28.37,9.22,0
1994,27,10.79,0.13
1994,27.19,11.68,0
1994,26.74,10.13,0
1994,25.57,8.69,0
1994,22.15,8.76,0
1994,21.33,7.1,0
1994,24.29,6.45,0
1994,26.89,6.05,0
1994,27.61,6.62,0
1994,27.76,8.22,0.38
1994,26.96,8.51,0
1994,26.53,7.98,0
1994,24.98,6.5,0
1994,22.79,7.93,0
1994,21.72,8.27,0.02
1994,21.2,8.16,0
1994,21.56,7.54,0
1994,23.03,6.55,0
1994,24.31,6,0.11
1994,27.27,8.87,0.23
1994,27.52,8.1,0
1994,27.76,6.06,0
1994,26.2,5.49,0
1994,26.91,5.69,0
1994,23.21,7.56,0
1994,18.91,5.84,0
1994,16.6,7.64,0
1994,16.67,6.76,0
1994,21.57,4.37,0
1994,25.04,3.58,0
1994,24.32,4.99,0
1994,22.1,7.39,0
1994,21.79,7.08,0
1994,20.63,6.45,0
1994,21.33,5.41,0
1994,23.6,6.63,0
1994,24.71,8.69,0
1994,22.84,9.73,0
1994,21.08,9.49,0
1994,24.41,5.93,0
1994,24.31,7.29,0
1994,26.48,8.28,0
1994,25.55,8.89,0.02
1994,22.04,9.35,0.02
1994,19.85,7.52,0
1994,19.89,6.57,0.01
1994,19.79,7.36,0.03
1994,15.86,8.79,2.48
1994,15.05,9.2,8.08
1994,14.7,7.98,2.62
1994,15.79,6.7,0
1994,18.73,4.54,0
1994,21.22,4.15,0
1994,22.41,3.97,0
1994,22.12,3.97,0
1994,21.09,5.36,0
1994,18.02,6.63,0.01
1994,14.31,6.65,0.74
1994,14.41,6.93,0.28
1994,13.76,5.34,0.61
1994,13.49,2.94,0
1994,14.58,3.08,0
1994,15.97,3.34,0
1994,16.65,3.77,0
1994,17.4,4.2,0
1994,18.19,4.15,0
1994,19.07,4.09,0
1994,18.38,4.31,0.01
1994,17.59,5.66,0.23
1994,15.84,6.81,0
1994,17.53,6.33,0
1994,20.4,5.27,0
1994,17.22,5.84,0.01
1994,14.94,6.5,0.01
1994,16.13,3.44,0
1994,18.83,2.7,0
1994,16.78,5.12,0.04
1994,11.73,7.56,1.22
1994,8.2,2.48,0.01
1994,8.68,1.67,0.01
1994,12.29,3.41,0.01
1994,12.64,3.27,0
1994,9.49,5.89,0.64
1994,11.76,7.11,0.4
1994,11.48,6.48,3
1994,8.74,5.77,6.05
1994,7.87,3.58,0.04
1994,7.84,4.14,0.06
1994,8.13,3.28,0.01
1994,8.23,1.74,0
1994,10.37,2.23,0.2
1994,8.59,4.39,0.47
1994,6.91,4.69,0.64
1994,4.7,3.44,0.58
1994,3.94,1.66,0
1994,6.55,1.98,0
1994,8.32,2.92,0.1
1994,9.58,2.76,0
1994,10.54,2.65,0
1994,11.25,3.11,0
1994,9.03,6.07,2.67
1994,6.56,4.17,2.37
1994,6.28,1.7,0
1994,7.37,2.57,0.03
1994,9.35,2,0
1994,12.45,2.89,0
1994,13.69,3.56,0
1994,10.81,4.44,0
1994,9.36,4.95,0
1994,9.78,5.15,0.13
1994,10.95,5.99,0.17
1994,9.37,6.79,0.02
1994,8.46,4.06,0
1994,5.59,1.82,0
1994,6.18,1.46,0.06
1994,7.27,1.91,0
1994,6.84,3.61,0.07
1994,7.26,4.67,0.95
1994,7.66,5.41,1.9
1994,7.21,4.73,0
1994,7.59,4.27,0.01
1994,9.06,3.08,0
1994,11.93,2.52,0.03
1994,12.51,3.17,0
1994,10.66,3.15,0
1994,11.81,2.42,0.02
1994,12.16,2.5,0
1994,10.94,3.69,2.8
1994,11.34,6.3,5.07
1994,10.16,7.5,11.5
1994,7.88,5.83,2.93
1994,9.95,4.64,0.05
1994,10.39,5.12,0.07
1994,8.74,6.81,2.01
1994,5.62,3.99,0.19
1994,6.75,4.31,0.02
1994,8.03,5.09,0.57
1995,7.22,3.86,0.2
1995,7.1,3.65,1.37
1995,6.56,6.16,41.39
1995,7.29,6.77,41.34
1995,7.98,5.97,2.37
1995,6.48,4.76,2.08
1995,8.19,7.01,33.6
1995,11.49,8.76,7.4
1995,11.3,8.34,23.9
1995,11.29,8.64,40.8
1995,10.76,7.77,12.26
1995,10.17,7.86,1.28
1995,11.11,7.56,0.32
1995,10.35,7.29,3.26
1995,7.61,6.05,2.47
1995,4.99,4.79,1.32
1995,5.37,3.76,0.05
1995,6.91,3.39,0.03
1995,6.73,3.74,0.25
1995,8.27,5.33,1.53
1995,8.3,5.99,3.31
1995,7.97,5.66,5.33
1995,7.85,5.93,14.96
1995,8.9,7.03,18.12
1995,8.51,7.06,14.35
1995,7.44,6.26,0.24
1995,8.54,6.17,0.05
1995,10.38,5.67,0
1995,11.2,5.38,0
1995,10.87,4.52,0.09
1995,12.99,5.68,0
1995,15.53,6.87,0
1995,15.77,6.72,0
1995,15.43,5.9,0
1995,15.46,5.32,0
1995,15.77,5.67,0.02
1995,15.45,5.78,0
1995,11.45,6.86,0.18
1995,9.06,6.57,0.73
1995,9.41,5.96,0.23
1995,9.88,5.69,0
1995,8.66,6.54,0.23
1995,8.74,6.27,3.76
1995,9.84,7.7,26.59
1995,11.51,8.79,19.51
1995,11.49,6.71,1.91
1995,11.22,4.81,0
1995,12.94,5.39,0.02
1995,13.1,5.22,0.02
1995,14.61,5.7,0.01
1995,16.75,6.28,0.09
1995,15.37,7.23,0.29
1995,14.51,7.72,0.19
1995,15.23,6.78,0.02
1995,15.31,7.26,1.13
1995,13.28,7.97,0.12
1995,12.38,7.43,0
1995,11.07,7.67,0.01
1995,11.11,7.24,0.11
1995,10.74,7.05,1.21
1995,10.42,7.63,7.89
1995,10.91,8.23,4.21
1995,11.48,7.9,25.64
1995,12.58,9.38,31.37
1995,11.92,5.5,0.61
1995,11.79,4.39,0
1995,12.79,5.33,0.03
1995,13.38,5.82,0.2
1995,12.43,7.87,37.65
1995,10.6,7.62,19.11
1995,11.31,6.83,0.74
1995,12.95,6.94,0
1995,15.74,7.52,0.65
1995,16.22,6.87,0.16
1995,16.56,7.11,0
1995,15.92,6.6,0.02
1995,16.27,7.39,0
1995,15.36,8.28,0
1995,12.48,8.47,2.23
1995,9.67,6.71,13.32
1995,7.54,4.79,1.34
1995,6.58,5.29,17.14
1995,6.58,3.93,0
1995,6.89,3.32,0
1995,8.88,3.37,0.26
1995,10.2,3.79,0
1995,10.87,4.11,0
1995,11.48,4.52,0
1995,11.01,3.76,0
1995,13.34,4.29,0
1995,14.1,6.06,0
1995,13.57,6.46,0
1995,15.63,5.37,0
1995,17.12,6.23,0.03
1995,13.78,6.59,0
1995,11.59,6.57,0
1995,12.81,7.57,0
1995,12.76,6.12,0
1995,10.24,4.01,0
1995,11.79,3.69,0.02
1995,14.78,4.69,0.03
1995,16.42,5.7,0
1995,12.48,5.89,0.06
1995,9.09,4.87,0.1
1995,9.44,5.25,0.56
1995,6.63,5.29,13.55
1995,8.63,5.95,4.53
1995,8.31,5.85,2.09
1995,9.43,5.32,0.03
1995,9.6,5.87,0.06
1995,9.96,4.12,0
1995,14.41,4.84,0.08
1995,16.01,4.85,0.02
1995,17.62,5.53,0.06
1995,17.1,6.93,0
1995,15.61,7.15,0
1995,14.24,7.97,0.08
1995,14.71,8.15,0.02
1995,16.36,9.14,0.1
1995,17.09,9.69,0.02
1995,16.55,8.91,0
1995,14.4,7.25,0.04
1995,14.5,6.69,0
1995,11,6.88,0.44
1995,9.47,6.13,3.62
1995,9.25,5.82,1.23
1995,10.93,6.97,0.25
1995,12.1,7.06,0.02
1995,14.3,7.16,0
1995,14.77,7.58,0
1995,15.39,7.55,0
1995,14.2,6.42,0.02
1995,10.53,6.54,1.28
1995,10.56,5.93,1.37
1995,11.46,6.54,0.35
1995,12.06,6.7,0.16
1995,14.66,7.7,0.01
1995,17.22,7.83,0.02
1995,18.24,8.14,0.01
1995,15.83,7.55,0
1995,13.3,8.04,0.02
1995,12.78,7.57,0.16
1995,12.14,7.69,0.12
1995,13.15,7.76,0.01
1995,14.34,7.51,0
1995,17.08,7.87,0
1995,17.07,8.39,0
1995,18.37,7.98,0
1995,20.85,7.74,0
1995,22.62,9.19,0
1995,21.47,9.03,0.02
1995,15.49,8.73,0.03
1995,15.75,8.27,0.01
1995,16.9,8.29,0
1995,19.21,9.05,0
1995,18.04,7.56,0
1995,17.14,5.06,0
1995,13.15,5.77,0.01
1995,14.46,6.33,0
1995,18.05,6.29,0
1995,22.28,6.72,0.01
1995,25.25,7.52,0
1995,24.52,7.7,0
1995,21.59,7.67,0
1995,17.94,8.22,0.32
1995,13.73,8.52,11.26
1995,10.94,6.86,5.22
1995,15.37,6.62,0.16
1995,18.84,7.41,0
1995,19.17,7.35,0
1995,18.37,7.21,0.01
1995,19.99,6.45,0
1995,22.85,6.28,0
1995,26.25,6.79,0
1995,27.21,7.49,0
1995,25.57,9.01,0
1995,23.33,10.67,0.01
1995,22.48,10.55,0.01
1995,22.28,10.12,0.02
1995,21.25,8.55,0
1995,21.45,7.67,0.03
1995,19.57,7.35,0.02
1995,20.85,8.16,0
1995,19.88,9.1,0.02
1995,20.74,9.47,0
1995,24.01,10.2,0
1995,24.51,9.99,0
1995,26.06,9.05,0
1995,26.29,8.3,0
1995,25.75,7.04,0.01
1995,26.65,6.98,0
1995,24.16,6.92,0.04
1995,21.9,5.77,0
1995,23.05,4.99,0
1995,26.2,6.28,0.1
1995,26.61,8.24,0.31
1995,24.06,10.58,2.09
1995,24.41,7.75,0
1995,25.14,8.23,0
1995,24.24,7.07,0
1995,23.94,5.77,0
1995,22.97,6.75,0
1995,22.39,7.91,0
1995,24.07,7.33,0
1995,24.34,7.87,0
1995,25.33,7.39,0
1995,27.72,6.83,0
1995,30.64,8.47,0
1995,32.22,8.2,0
1995,32.04,8.41,0
1995,27.65,11.21,0.05
1995,27.67,10.56,0.06
1995,28.04,10.9,0
1995,27.79,10.81,0
1995,28.33,10.02,0
1995,26.18,7.76,0
1995,26.38,8.58,0
1995,28.69,7.23,0
1995,29.81,8.68,0
1995,29.38,9.06,0
1995,28.02,8.39,0
1995,26.35,7.05,0
1995,27.59,6.86,0.09
1995,27.78,6.66,0.06
1995,28.13,7.14,0
1995,25.82,7.2,0
1995,24.09,7.47,0
1995,21.42,6.94,0
1995,22.99,8.09,0
1995,23.57,7.16,0
1995,25.71,6.96,0.15
1995,24.58,11.12,1.6
1995,26.51,12.31,0.38
1995,27.61,10.36,0
1995,25.74,8.81,0
1995,26.38,5.43,0
1995,26.1,4.47,0
1995,24.83,4.6,0
1995,26.85,6.07,0
1995,28.53,6.22,0
1995,29.78,5.97,0
1995,30.3,5.81,0
1995,30.83,5.73,0
1995,30.62,8.13,0.58
1995,29.65,9.84,0.35
1995,28.34,9.21,0.09
1995,27.74,7.15,0
1995,28.7,6.68,0.28
1995,28.61,7.45,0.17
1995,27.02,7.56,0
1995,24.37,6.64,0
1995,20.88,6.61,0
1995,21.6,5.67,0
1995,25.82,5.54,0
1995,28.5,5.59,0
1995,28.56,5.07,0
1995,29.54,5.67,0
1995,28.54,8.13,0.16
1995,23.62,10,0.02
1995,23.81,7.32,0
1995,24.54,6.02,0
1995,26.54,5.53,0
1995,24.61,7.33,0.15
1995,23.4,8.08,0.03
1995,24.83,7.47,0
1995,23.59,6.84,0
1995,22.6,7.67,0
1995,20.88,10.02,0
1995,18.25,9.62,0
1995,18.83,8.08,0
1995,17.39,8.85,0
1995,18.2,5.91,0
1995,21.75,3.3,0
1995,23.13,3.72,0
1995,24.4,2.56,0
1995,24.44,3.57,0
1995,21.02,2.86,0
1995,20.69,1.98,0
1995,19.72,4.16,0
1995,16.64,7.55,0
1995,17.79,6.59,0
1995,20.36,4.97,0
1995,23.23,4.56,0
1995,20.51,7.43,0
1995,20.47,7.32,0
1995,22.65,3.64,0
1995,23.27,4.04,0
1995,19.55,7.22,0
1995,17.45,7.39,0
1995,20.97,4.72,0
1995,21.82,4.75,0
1995,21.84,5.84,0
1995,20.93,5.73,0
1995,17.8,8.25,0
1995,14.63,3.12,0
1995,15.34,1.68,0
1995,16.33,2.37,0
1995,17.37,3.21,0
1995,19.24,2.89,0
1995,21.52,4.8,0
1995,18.75,5.8,0
1995,17.9,8.11,0
1995,17.71,7.95,0
1995,14.21,9.02,0.52
1995,13.47,8.01,0.35
1995,14.41,6.99,0
1995,16.08,5.8,0
1995,15.73,2.59,0
1995,16.16,4.32,0
1995,14.04,6.69,0.03
1995,17.56,4.43,0
1995,18.91,4.89,0
1995,15.53,7.48,0
1995,15.84,6.16,0
1995,17.24,2.95,0
1995,18.75,3.52,0
1995,18.7,3.87,0
1995,17.94,5.66,0
1995,18.09,5.31,0
1995,18.27,6.76,0
1995,18.17,5.44,0
1995,19.49,4.38,0
1995,19.01,3.86,0
1995,18.06,4.23,0
1995,16.49,3.7,0
1995,17.33,2.88,0
1995,18.89,2.73,0
1995,20.05,2.99,0
1995,19.26,3.89,0
1995,15.13,4.63,0
1995,11.73,1.79,0
1995,14.09,2.52,0
1995,17.12,3.67,0
1995,18.63,4.07,0.03
1995,15.13,5.15,0
1995,13.42,5.95,0.03
1995,13.64,5.32,0
1995,15.68,4.99,0
1995,16.29,5.64,0
1995,15.38,6.2,0
1995,13.98,5.42,0.01
1995,14.21,3.91,0
1995,15.5,3.27,0
1995,14.55,3.81,0.01
1995,12.64,6.23,0.14
1995,11.95,8.42,6.49
1995,12.42,8.33,6.28
1995,11.26,4.89,0.11
1995,11.39,4.61,0.02
1995,8.45,3.87,0.07
1995,7.57,2.51,0
1995,7.92,3.72,0.11
1995,8.48,4.39,0.05
1995,7.88,4.24,0.58
1995,6.72,2.61,0
1995,7.83,3.94,1.24
1995,4.49,4.18,8.12
1995,6.55,3.49,0.01
1995,8.12,3.46,0.13
1995,8.85,2.72,0
1995,9.94,2.86,0.02
1995,9.65,3.48,0
1995,10.57,3.93,0.01
1995,12.25,6.88,0.03
1995,13.73,6.06,0.02
1996,10.54,2.73,0
1996,9.82,2.29,0
1996,10.78,3.28,0
1996,9.23,6.37,0
1996,10.34,5.68,0
1996,12.08,3.92,0
1996,14.37,3.74,0
1996,15.14,3.61,0
1996,13.48,3.86,0
1996,13.5,3.91,0
1996,13.86,2.4,0
1996,15.01,2.7,0
1996,15.19,3.49,0
1996,14.47,4.25,0
1996,15.02,5.19,0
1996,11.52,7.47,4.81
1996,9.98,4.58,0.28
1996,9.56,3.82,0.02
1996,9.6,5.57,1.15
1996,8.66,2.89,0
1996,7.74,5,13.98
1996,5.01,4.22,1
1996,5.62,2.81,0
1996,6.58,4.07,0.22
1996,7.69,5.78,0.69
1996,7.52,2.93,0
1996,9.46,4.89,0.61
1996,9.87,5.36,0.71
1996,9.19,5.63,0.06
1996,9.02,5.78,6.25
1996,10.54,7.99,33.35
1996,10.87,7.07,1.87
1996,10.63,7.51,1.36
1996,10.39,6.79,0.79
1996,13.38,6.55,0.07
1996,13.75,8.29,0.42
1996,14.44,6.54,0.04
1996,17.02,4.26,0
1996,18.01,4.6,0
1996,14.38,6.84,0
1996,13.19,6.37,0
1996,14.97,6.5,0.44
1996,15.49,4.84,0.5
1996,13.87,5.97,0.08
1996,14.68,6.35,0
1996,13.88,7.09,0
1996,15.31,8.1,0
1996,13.73,7.68,0
1996,13.03,6.85,0.63
1996,11.55,8.62,22.6
1996,11.8,8.59,44.82
1996,10.65,7.92,13.44
1996,7.51,4.77,0.27
1996,8.06,2.93,0
1996,7.63,4.61,1.44
1996,4.47,4.86,10.54
1996,3.11,3.58,1.69
1996,4.14,4.04,6.04
1996,6.31,3.85,0.39
1996,8.14,4.26,0.09
1996,10.35,4.15,0.02
1996,11.69,3.44,0
1996,11.11,4.62,0.34
1996,10.24,8.01,14.26
1996,10.8,6.93,3.27
1996,9.96,3.97,0
1996,12.63,3.8,0
1996,15.48,3.97,0
1996,16.52,4.72,0
1996,13.18,6.4,0
1996,12.37,7.24,2.37
1996,10.11,7.12,13.04
1996,9.41,6.61,10.31
1996,10.82,5.71,0.61
1996,12.55,5.39,0
1996,14.17,5.7,0.01
1996,15.02,5.32,0.03
1996,17.49,6,0
1996,18.68,6.05,0.03
1996,19.75,6.74,0.02
1996,15.8,8.34,0.06
1996,12.76,7.27,0.06
1996,9.88,4.45,0.01
1996,9.89,4.97,0
1996,10.43,5.45,0.02
1996,12.2,4.37,0.01
1996,12.17,5.58,0.09
1996,10.28,7.46,1.16
1996,9.94,4.16,0
1996,13.4,4.82,0.03
1996,14.66,4.99,0
1996,14.51,6.83,1.83
1996,12.21,6.11,0.7
1996,12.39,5.93,0
1996,14.67,4.59,0
1996,15.6,3.82,0
1996,18.25,3.96,0
1996,19.03,4.94,0
1996,16.9,5.45,0
1996,13.28,5.48,0
1996,12.87,6.3,0
1996,14.21,5.39,0
1996,14.25,5.25,0
1996,14.43,3.9,0
1996,17.87,3.92,0
1996,17.25,4.9,0.05
1996,12.89,7.55,0.9
1996,13.6,7.59,3.98
1996,14.03,5.18,3.7
1996,13.14,4,0
1996,12.77,4.14,0
1996,13.33,4.23,0
1996,17.55,4.54,0
1996,21.6,5.33,0
1996,22.25,6.12,0.02
1996,23.08,7.15,0
1996,23.72,6.24,0
1996,21.03,6.84,0
1996,19.24,3.17,0
1996,21.27,3.01,0
1996,23.79,4.26,0
1996,22.03,6.5,0
1996,20.12,7.64,0
1996,19.7,5.56,0
1996,19.03,5.25,0
1996,19.62,5.18,0
1996,19.59,5.64,0
1996,18.12,6.36,0
1996,18.03,6.32,0
1996,18.52,6.04,0
1996,21.93,5.13,0
1996,24.59,5.93,0
1996,24.12,6.45,0
1996,21.78,7.42,0
1996,20.44,8.87,0
1996,19.1,9.43,0.01
1996,17.24,9.7,0.12
1996,19.45,8.03,0
1996,19.43,7.78,0
1996,18.28,6.76,0
1996,17.95,5.42,0
1996,19.52,6.28,0
1996,17.29,7.19,0
1996,16.32,5.13,0.01
1996,13.87,5.01,0.62
1996,13.78,6.65,0.16
1996,16.95,7.28,0
1996,15.02,7.44,0
1996,17.64,6.86,0
1996,16.1,6.96,0
1996,15.91,6.03,0
1996,19.65,5.52,0
1996,25.22,5,0
1996,27.33,5.01,0.02
1996,26.83,6.7,0
1996,25.46,8.2,0
1996,23.1,8.6,0.11
1996,23.41,8.49,0
1996,24.1,8.24,0
1996,24.31,7.94,0
1996,24.37,7.9,0
1996,23.22,8.13,0
1996,21.58,7.21,0
1996,19.6,8.09,0
1996,20.92,8.67,0
1996,21.07,8.29,0
1996,21.32,8.04,0
1996,19.74,8.04,0
1996,21.31,7.24,0
1996,24.19,5.56,0
1996,22.23,7.27,0
1996,21.28,8.16,0
1996,18.2,7.88,0
1996,19.3,7.16,0
1996,20.28,7.45,0
1996,20.14,7.86,0
1996,18.83,7.57,0
1996,14.56,6.68,0
1996,15.74,6.81,0
1996,21.45,5.06,0
1996,26.71,3.56,0
1996,28.81,4.13,0
1996,30.03,5.49,0
1996,30.6,7.1,0
1996,25.48,9.45,0.05
1996,28.33,7.93,0
1996,28.76,6.02,0
1996,27.89,6.71,0
1996,25.52,7.69,0
1996,24.39,7,0
1996,24.17,6.55,0.04
1996,24.15,8.05,0.06
1996,25.2,9.34,0
1996,24.61,9.65,0
1996,25.01,9.86,0
1996,24.63,10.24,0.04
1996,24.87,10.92,0.27
1996,22.02,10.46,0.01
1996,21.34,8.41,0
1996,24.05,7.46,0
1996,25.44,6.53,0
1996,26.46,4.48,0
1996,27.31,5.17,0
1996,26.15,7.2,0
1996,27.28,8.14,0
1996,28.05,8.7,0
1996,27.47,10.63,0.06
1996,27.87,10.52,0.13
1996,27.04,11.59,1.03
1996,28.97,11.11,0.25
1996,30.34,9.93,0.09
1996,30.47,9.2,0
1996,30.15,9.78,0.06
1996,29.13,10.08,0.03
1996,25.97,11,0.21
1996,22.53,9.68,0
1996,20.81,8.31,0
1996,19.88,7.84,0
1996,21.29,8.78,0
1996,24.47,8.55,0
1996,25.39,8.94,0
1996,29.35,9.04,0
1996,29.39,9.56,0
1996,27.7,9.87,0.09
1996,30.75,9.21,0
1996,32,9.03,0.01
1996,30.28,8.72,0.04
1996,29.59,9.73,0.02
1996,26.81,10.7,0
1996,26.21,9.04,0.36
1996,22.99,8.32,0
1996,22.43,6.83,0
1996,24.75,5.21,0
1996,26.62,5.41,0
1996,28.17,6.54,0.11
1996,31.01,7.74,0.69
1996,31.32,7.62,0.39
1996,30.46,5.23,0.59
1996,27.2,5.09,0
1996,26.95,4.1,0
1996,29.86,4.94,0
1996,31.42,6.03,0
1996,29.89,7.57,0
1996,27.77,8.32,0
1996,24.92,10.42,0
1996,23.73,10.99,0
1996,23.35,10.23,0
1996,23.42,9.09,0.01
1996,23.56,9.87,0.05
1996,24.54,9.98,0
1996,26.19,9.41,0.3
1996,27.19,8.68,0
1996,26.62,7.87,0.02
1996,26.8,5.26,0
1996,24.2,4.45,0.01
1996,20.15,7,0
1996,16.58,8.36,0
1996,18.47,7.71,0
1996,18.81,7.87,0.02
1996,18.96,6.92,0
1996,19.94,4.6,0
1996,20.32,5.98,0
1996,22.5,5.93,0
1996,23.67,7.48,0
1996,23.01,8.2,0
1996,20.04,9.47,0
1996,19.92,9.37,0
1996,19.62,8.19,0
1996,19.85,9.03,0.01
1996,19.11,7.64,0.01
1996,21.58,4.52,0
1996,24.15,3.85,0
1996,24.4,4.72,0
1996,20.75,7.54,0
1996,17.25,8.77,0
1996,19.3,7.34,0.02
1996,23.89,5.02,0
1996,25.83,5.24,0
1996,26.08,4.93,0
1996,27.29,4.86,0
1996,27.55,4.72,0
1996,27.62,6.01,0
1996,24.44,8.29,0
1996,23.8,5.82,0
1996,20.77,5.01,0
1996,21.8,2.92,0.04
1996,20.01,4.29,0
1996,20.63,5.6,0
1996,21.35,6.45,0
1996,18.01,6.22,0
1996,18.24,3.89,0
1996,18.66,5.36,0
1996,14.89,5.29,0
1996,12.8,1.9,0
1996,11.92,1.06,0.03
1996,13.24,1.43,0.03
1996,14.92,2.47,0
1996,14.9,5.57,0.01
1996,13,5.05,0.19
1996,11.36,3.12,0.08
1996,11.29,2.78,0.02
1996,8.92,4.35,0.19
1996,9.54,5.76,5.33
1996,9.69,7.1,18.91
1996,9.44,5.18,0.26
1996,11.71,3.98,0
1996,12.72,4.02,0.15
1996,12.18,5.91,0.03
1996,11.65,5.91,0.02
1996,10.57,4.69,0.01
1996,10.3,2.11,0
1996,13.36,2.14,0
1996,16.48,2.69,0
1996,18.36,3.69,0
1996,19.79,4.3,0
1996,20.26,4.62,0
1996,20.51,4.6,0
1996,18.56,5.23,0
1996,13.45,7.09,0.01
1996,9.75,5.07,0
1996,9.27,4.84,0
1996,12.12,7.28,0
1996,14.32,7.97,0
1996,14.08,7.57,0
1996,15.02,8.46,9.05
1996,14.69,10.74,40.79
1996,13.23,8.52,9.61
1996,12.78,5.83,0.13
1996,13.72,4.73,0.01
1996,12.5,4.7,0.01
1996,12.44,4.05,0.02
1996,9.15,2.06,0
1996,9.39,3.07,0.22
1996,6.84,3.35,0.03
1996,7.7,2.19,0
1996,9.13,3.79,0
1996,8.85,2.6,0
1996,10.01,2.68,0
1996,10.61,3.04,0
1996,10.76,6.18,3.61
1996,11.56,7.46,0.91
1996,12.48,5.43,0
1996,14.21,5.1,0
1996,10.77,7.91,29.1
1996,10.61,8.1,13.06
1996,12.08,9.08,7.2
1996,13.24,8.26,0.12
1996,11.69,6.71,0
1996,11.19,3.2,0
1996,8.01,2,0.01
1996,10.38,2.8,0
1996,9.07,2.33,0.07
1996,5.99,1.54,0
1996,7.69,2.16,0
1996,9.06,3.4,0.01
1996,7.69,6.41,4.51
1996,8.66,7.32,11.24
1996,8.47,4.56,0.04
1996,8.6,3.57,0.01
1996,10.66,3.26,0
1996,9.38,5.15,2.36
1996,10.04,7.95,8.77
1996,9.8,6.71,1.14
1996,10.07,5.6,0.13
1996,12.58,8.05,0.4
1996,12.9,9.07,1
1997,14.38,9.66,2.36
1997,14.41,10.19,7.64
1997,12.15,7.6,2.02
1997,8.65,5.82,1.4
1997,7.73,5.44,2.41
1997,5.27,2.18,0.21
1997,6.15,2.28,0.05
1997,7.98,3.27,0
1997,9.94,3.98,0.01
1997,9.66,4.83,0
1997,8.21,5.34,7
1997,7.53,6.67,18.25
1997,6.91,5.79,8.86
1997,7.62,5.56,5.73
1997,7.43,6.13,8.45
1997,6.92,4.55,0.87
1997,8.24,3.94,0.41
1997,9.55,3.4,0.28
1997,9.71,3.9,0.05
1997,7.71,6.25,2.42
1997,8.32,6.54,3.02
1997,9.34,7.52,7.55
1997,11.28,7.8,4.18
1997,10.34,6.92,4.21
1997,9.97,7.94,17.94
1997,11.22,8.08,11.8
1997,11.45,6.37,0.3
1997,12.71,5.6,0
1997,11.11,4.56,0
1997,11.36,4.37,0.04
1997,13.74,4.81,0.04
1997,11.72,5.76,0.01
1997,9.98,5.51,0
1997,10.87,4.32,0
1997,9.79,4.72,0
1997,8.85,4.91,0
1997,7.03,2.9,0
1997,8.59,3.23,0.02
1997,8.77,4.92,0.07
1997,8.65,4.49,0
1997,8.25,5.14,2.91
1997,9.28,4.75,0.04
1997,8.41,5.38,0
1997,7.81,2.89,0
1997,10.24,3.59,0
1997,14.41,4.45,0.02
1997,13.75,5,0.75
1997,9.38,5.77,0.9
1997,10.54,4.45,0
1997,13.06,4.55,0.17
1997,11.75,4.84,0.01
1997,10.97,3.2,0
1997,10.94,4.42,0.13
1997,8.94,3.38,0
1997,6.91,2.61,0
1997,8.14,3.1,0
1997,10.09,6.18,1.09
1997,8.7,6.38,4.83
1997,7.45,4.12,0.21
1997,7.47,2.89,0.02
1997,8.69,4.36,0.21
1997,9.34,4.66,0
1997,8.51,3.09,0
1997,12.84,2.88,0
1997,14.79,3.7,0
1997,14.4,4.14,0
1997,14.93,4.67,0
1997,16.83,4.37,0
1997,18.85,4.23,0
1997,18.48,4.56,0
1997,16.3,5.03,0
1997,16.12,4.54,0
1997,17.15,4.44,0
1997,14.57,5.89,0
1997,11.37,7.16,0
1997,14,5.61,0
1997,18.46,4.08,0.01
1997,20.29,4.39,0
1997,21.29,4.54,0
1997,18.35,3.97,0
1997,14.49,6.06,0
1997,12.35,7.75,0.01
1997,16.52,6.8,0
1997,17.5,3.33,0
1997,17.26,4.74,0
1997,13.79,7.22,0
1997,13.13,7.12,0
1997,15.63,4.22,0
1997,14.41,5.31,0
1997,12.93,5.4,0.09
1997,10.4,3,0.28
1997,8.76,2.66,0.86
1997,9.23,4.36,1.21
1997,10.68,6.26,0.45
1997,10.99,6.02,0.23
1997,11.99,5.57,0.01
1997,13.89,5.48,0
1997,13.2,5.65,0
1997,10.75,4.24,0
1997,11.53,4.28,0
1997,12.24,4.68,0
1997,13.76,3.78,0.02
1997,15.41,3.54,0
1997,16.67,4.97,0
1997,18.3,5.36,0
1997,19.68,5.29,0
1997,19.11,5.58,0
1997,17.29,6.65,0
1997,17.23,8.27,0
1997,20.63,7.07,0
1997,21.3,6.58,0
1997,22.04,6.4,0
1997,18.1,4.73,0.01
1997,15.32,3.56,0
1997,18.83,4.07,0.01
1997,21.14,4.99,0
1997,17.57,6.24,0
1997,15.9,7.36,0
1997,16.45,6.44,0
1997,18.04,6.41,0
1997,18.4,5.44,0
1997,19.63,4.73,0
1997,21.31,5.76,0
1997,22.29,5.94,0
1997,22.38,5.07,0
1997,22.96,6,0
1997,22.19,6.82,0
1997,22.22,7.74,0.06
1997,23.54,6.55,0.06
1997,23.94,6.81,0.12
1997,23.31,8.03,0
1997,23.13,8.94,0.01
1997,22.32,9.36,0
1997,22.89,8.37,0
1997,25.1,7.31,0
1997,25.76,7.74,0.08
1997,24.5,9.16,0.29
1997,21.21,10.3,0.33
1997,20.35,9.8,0.06
1997,19.86,9.06,0.3
1997,20.48,8.5,0.01
1997,20.16,7.84,0
1997,18.71,8.48,0.03
1997,19.02,7.92,0.03
1997,18.7,6.06,0
1997,21.07,5.61,0
1997,24.62,5.94,0
1997,27.14,6.86,0
1997,26.87,7.2,0
1997,24.93,9.54,0
1997,23.69,9.63,0
1997,22.46,8.26,0.01
1997,20.34,8.64,0
1997,20.86,10.1,0
1997,19.79,9.88,0.02
1997,17.14,8.47,0.1
1997,20.29,7.9,0.55
1997,19.6,9.28,0.05
1997,18.82,9.04,0
1997,19.34,8.56,0
1997,20.25,7.45,0
1997,19.58,8.21,0.05
1997,17.81,9.07,0.57
1997,15.75,7.29,0.89
1997,17.01,8.09,0.14
1997,20.57,7.91,0.01
1997,24.23,8.16,0.04
1997,25.55,9.04,0
1997,25.38,9.61,0
1997,23.33,10.12,0
1997,21.31,9.13,0
1997,19.38,8.65,0.17
1997,19.62,8.3,0.02
1997,19.87,7.11,0
1997,21.47,6.95,0
1997,22.58,8.08,0
1997,22.3,8.07,0
1997,21.19,8.23,0.01
1997,20.63,7.82,0
1997,19.79,6.92,0
1997,19.92,6.3,0.01
1997,24.2,3.64,0.01
1997,26.79,3.39,0
1997,28.32,3.22,0
1997,28.93,4.68,0
1997,27.89,6.33,0
1997,25.94,6.07,0
1997,22.25,9.15,0
1997,22.55,8.67,0
1997,22.83,7.48,0
1997,21.53,8.97,0
1997,19.3,8.85,0
1997,19.95,8.89,0
1997,22.42,8.26,0
1997,24.46,6.79,0
1997,26.8,6.49,0
1997,27.11,7.88,0
1997,26.59,8.08,0
1997,23.86,8.38,0
1997,20.36,7.87,0
1997,21.68,7.78,0
1997,22.44,9.16,1.07
1997,21.68,10.98,2.65
1997,24.84,9.6,0.09
1997,22.86,8.4,0
1997,22.45,8.4,0.06
1997,20.29,9.15,0
1997,21.14,8.17,0.05
1997,21.23,8.74,0.03
1997,20.39,9.01,0
1997,21.18,7.89,0
1997,24.87,4.97,0.32
1997,28.27,4.83,0.04
1997,30.66,5.75,0.17
1997,30.51,7.67,0.34
1997,31.57,7.39,0
1997,33.58,7.14,0
1997,31.79,8.27,0.06
1997,29.5,10.08,0.5
1997,25.89,11.32,0.12
1997,22.42,10.39,0.13
1997,18.75,8.91,0.02
1997,20.73,8.67,0
1997,20.9,9.11,0
1997,23.48,8.18,0
1997,23.51,8.45,0
1997,21.91,9.62,0
1997,20.76,10.12,0
1997,21.05,9.4,0
1997,23.34,7.3,0
1997,25.62,11.24,0
1997,25.79,10.54,0
1997,28.24,8.07,0
1997,29.93,7.69,0
1997,28.31,8.9,0
1997,26.98,8.88,0
1997,24.87,8.16,0
1997,25.55,7.43,0
1997,26.56,6.45,0
1997,24.46,6.85,0
1997,24.74,7.08,0
1997,24.57,6.51,0
1997,24.59,7.58,0.56
1997,26.82,8,0.6
1997,27.29,11.26,1.45
1997,26.58,11.46,0.76
1997,28.71,11.1,0.2
1997,28.12,10.56,0.04
1997,25.96,10.13,0
1997,27.04,8.1,0.03
1997,28.65,6.88,0.11
1997,29.2,7.82,0.03
1997,28.23,8.49,0
1997,22.66,9.81,0
1997,21.33,8.95,0
1997,20.46,7.58,0.04
1997,23.74,8.92,3.28
1997,22.74,11.94,0.38
1997,24.34,7.59,0.02
1997,25.31,7.11,0
1997,23.84,8.46,0
1997,21.01,8.47,0
1997,20.96,5.28,0.02
1997,23.88,5.45,0
1997,26.25,5.49,0
1997,27.5,4.47,0
1997,25.7,8.56,10.45
1997,22.97,14,18.1
1997,21.75,11.93,0.78
1997,24.24,9.22,0.02
1997,26.16,7.07,0.01
1997,25.33,9.44,0
1997,24.53,9.57,0
1997,23.36,10.57,0
1997,20.51,11.38,0.01
1997,20.81,9.62,0.02
1997,21.9,10.39,0
1997,20.79,10.53,0.05
1997,16.81,9.79,2.99
1997,14.24,5.57,0.03
1997,15.67,6,0
1997,18.84,5.85,0.05
1997,15.56,8.47,1.22
1997,12.67,5.13,1.56
1997,13.36,3.02,0
1997,16.83,3.05,0
1997,21.36,3.54,0
1997,22.32,3.85,0.04
1997,23.17,3.56,0
1997,23.47,3.93,0.18
1997,21.2,5.57,0
1997,17.09,7.16,0
1997,14.8,8.02,0
1997,15.53,6.95,0.1
1997,16.76,6.44,0.02
1997,14.95,8.26,0.01
1997,14.13,5.15,0
1997,12.34,2.32,0
1997,14.41,2.94,0
1997,14.64,4.23,0
1997,15.19,4.8,0
1997,15.99,4.01,0
1997,18.88,3.69,0
1997,20.52,4.34,0
1997,21.64,4.62,0.02
1997,21.28,3.5,0
1997,21.46,3.44,0
1997,21.2,5,0
1997,20.23,4.9,0
1997,19.32,5.1,0.04
1997,15.33,7.66,0.01
1997,14.22,6.76,0
1997,14.41,5.4,0.04
1997,12.1,8.35,7.44
1997,11.7,6.8,0.28
1997,11.63,6.79,9.23
1997,10.11,7.49,3.33
1997,9.96,5.88,0.07
1997,11.25,6.49,0.14
1997,10.47,5.71,0.19
1997,11.03,4.31,0
1997,12.02,3.84,0
1997,13.75,7.18,0.49
1997,13.59,6,0.2
1997,14.45,4.02,0
1997,15.78,3.48,0
1997,15.86,4.09,0
1997,14.22,5.28,0.02
1997,14.02,5.76,6.59
1997,11.09,7.72,10.34
1997,9.93,5.26,1.09
1997,10.69,4.04,0
1997,11.25,6.03,1.47
1997,9.45,7.2,4.33
1997,10.37,5.15,0.27
1997,9.85,4.57,0.01
1997,10.52,4.46,0.02
1997,10.28,3.51,0.01
1997,10.74,5.76,7.38
1997,11.23,8.33,40.88
1997,10.82,7.9,7.44
1997,7.38,5.18,1.41
1997,5.43,3.07,0
1997,5.22,1.92,0.23
1997,5.7,1.98,0
1997,5.78,1.91,0.02
1997,9.47,2.43,0.07
1997,10.08,3.03,0.23
1997,9.43,4.23,0.29
1997,9.96,3.16,0
1997,11.78,4.58,0.12
1997,9.48,6.66,6.32
1997,8.02,2.66,0.03
1997,7.52,3.14,0.65
1997,6.73,4.7,3.06
1997,6.33,2.67,0.12
1997,6.78,2.97,0.08
1997,4.28,2.49,0.23
1997,2.81,2.01,0.15
1997,3.58,2.02,0.1
1997,6.54,2.17,0
1997,9.13,2.53,0
1997,10.74,3.97,0
1997,13.9,4.55,0
1997,15.56,5.3,0
1998,14.15,6.42,0.07
1998,10.82,7.69,1.78
1998,9.75,7.08,4.97
1998,6.89,5.84,2.73
1998,4.61,3.02,0.01
1998,6.05,2.19,0.38
1998,9.67,4.09,0.06
1998,10.1,5.92,0.8
1998,10.22,8.01,31.61
1998,10.25,7.27,7.62
1998,9.91,6.75,1.21
1998,10.25,7.22,1.28
1998,10.59,6.04,0.94
1998,10.21,5.03,0.07
1998,10.66,7.5,0.72
1998,12.08,7.74,0.26
1998,12.32,6.44,0.04
1998,11.73,6.46,0.99
1998,9.21,5.92,2.54
1998,7.64,4.39,0.02
1998,7.37,3.43,0.07
1998,9.55,3.25,0
1998,10.35,3.75,0.33
1998,11.36,4.19,0
1998,13.58,3.91,0
1998,13.49,4.73,0
1998,12.61,5.65,0
1998,10.96,5.08,0.36
1998,8.77,6.67,10.17
1998,9.32,4.73,0.91
1998,8.18,6.06,2.13
1998,8.78,5.94,0.22
1998,10.09,7.55,11.27
1998,8.62,7.05,28.05
1998,7.66,5.93,1.59
1998,8.61,5.75,12.05
1998,8.08,6.51,15.15
1998,8.97,6.66,26.78
1998,9.44,6.84,13.13
1998,8.22,5.34,3.59
1998,8.98,5.28,0.02
1998,9.74,6.33,0.97
1998,9.76,5.65,0.05
1998,10.12,6.13,2.42
1998,9.19,7.41,32.26
1998,6.68,4.79,2.98
1998,7.02,5.06,3.5
1998,5.81,5.09,12.74
1998,7.89,4.65,0.34
1998,8.05,5.82,11.39
1998,6.7,4.48,4.98
1998,8.23,5.55,7.89
1998,10.35,7.95,35.67
1998,10.65,8.14,42.9
1998,7.53,5.58,11.72
1998,7.22,4.71,0.5
1998,8.06,5.03,0.33
1998,9.4,5.03,0
1998,10.26,4.58,0.38
1998,11.36,5.02,0.74
1998,11.7,5.63,0.04
1998,10.35,6.73,0.04
1998,10.21,5.81,0.06
1998,10.14,6.38,1.7
1998,8.09,5.41,8.35
1998,7.08,3.36,0.01
1998,10.55,4.33,0.36
1998,11.38,4.6,0.24
1998,12.81,4.41,0.01
1998,14.65,4.69,0
1998,14.83,5.82,0.06
1998,11.54,7.48,6.97
1998,11.21,6.24,3.76
1998,13.1,6.64,0.18
1998,12.07,7.87,0.59
1998,13.21,7.94,0.08
1998,12.92,6.01,0.01
1998,13.6,5.5,0.01
1998,13.63,7.13,0.03
1998,13.77,7.33,0.01
1998,17.24,7.75,0
1998,18.01,7.93,0.01
1998,15.28,7.6,2.99
1998,10.27,7.64,23.87
1998,10.33,6.97,3.8
1998,9.88,7.07,9.45
1998,6.28,5.52,9.32
1998,5.78,4.12,1.22
1998,7.63,4.34,0.22
1998,7.68,5.58,10.72
1998,5.52,5.09,5.22
1998,8.26,5.35,1.38
1998,8.64,5.94,2.28
1998,7.45,5.71,2.27
1998,8.65,5.64,2.04
1998,8.29,5.97,1.74
1998,8.8,5.42,1.01
1998,10.26,5.31,0
1998,12.46,6,0.18
1998,12.58,5.8,0.17
1998,8.7,6.87,9.29
1998,8.78,5.05,0.7
1998,7.67,5.44,2.16
1998,7.19,5.16,1.04
1998,7.82,4.6,0.5
1998,9.69,4.33,0
1998,12.22,4.51,0.05
1998,15.73,5.26,0.1
1998,17.4,5.93,0
1998,19.47,6.98,0
1998,21.45,7.56,0
1998,17.32,7.99,0
1998,12.53,7.94,0.05
1998,12.51,7.28,0.08
1998,13.55,6.57,0.08
1998,14.45,5.01,0
1998,17.52,5.25,0.02
1998,19.47,5.96,0.01
1998,20.32,6.91,0
1998,16.29,7.44,0
1998,13.74,6.96,0.12
1998,14.95,8.7,0.63
1998,14.85,8.69,1.66
1998,14.56,8.99,7.41
1998,13.05,8.53,18.86
1998,12.91,7.9,3.01
1998,13,7.53,1.84
1998,13.86,8.14,0.21
1998,12.92,8.03,0.25
1998,12.58,6.74,0
1998,10.8,6.9,1.55
1998,9.36,6.79,26.26
1998,9.54,6.45,5.56
1998,12.04,6.47,0.86
1998,14.01,7.01,1.18
1998,13.18,7.27,0.22
1998,14.41,6.17,0
1998,15.96,5.43,0.03
1998,14.63,6.94,0
1998,13.3,7.41,0
1998,13.95,6.84,0
1998,14.68,6.95,0
1998,14.99,7.79,0
1998,16.15,8.39,0.05
1998,14.59,8.8,0.33
1998,12.39,6.39,0.13
1998,13.74,6.9,0.01
1998,14.59,7.2,0.01
1998,13.51,7.4,0.01
1998,14.75,6.39,0
1998,15.66,6.2,0
1998,17.03,6.45,0
1998,15.61,8.66,0.03
1998,13.87,7.99,0.24
1998,15.12,8.22,0.03
1998,16.97,8.5,0
1998,13.88,7.87,0.05
1998,12.41,7.8,0.34
1998,14.9,8.77,0.11
1998,16.43,8.8,0.01
1998,16.77,9.68,0.19
1998,14.81,9.07,0.73
1998,13.56,7.78,0.41
1998,17.22,8.52,0
1998,20.57,9.31,0
1998,20.5,10.98,0.01
1998,16.34,10.23,0.37
1998,18.62,6.75,0
1998,20.55,8.47,0.01
1998,18.24,8.76,0
1998,17.24,8.96,0.01
1998,17.42,7.84,0
1998,17,7.75,0
1998,17.28,8.84,0
1998,18.26,9.34,0.05
1998,18.78,9.89,0.01
1998,20.63,10.41,0.02
1998,21.83,8.86,0
1998,23.27,9.68,0
1998,23.39,8.74,0
1998,22.33,8.2,0
1998,21.54,8.5,0
1998,19.89,9.35,0.01
1998,18.63,8.72,0
1998,19.14,7.79,0
1998,19.56,7.28,0.02
1998,24.22,7.71,0.05
1998,25.12,11.7,0.05
1998,24.32,10.95,0
1998,24.05,10.4,0
1998,24.96,8.75,0.03
1998,25.2,7.85,0.04
1998,25.06,7.39,0
1998,24.2,6.52,0
1998,25.24,8,0
1998,27.22,7.95,0
1998,30.17,8.21,0
1998,29.9,8.75,0
1998,27.14,8.72,0
1998,25.54,9.77,0.2
1998,23.38,10.86,0.05
1998,23.47,12.43,0.73
1998,22.32,12.64,0.69
1998,21.92,12.26,0
1998,21.95,11.23,0
1998,25.51,9.12,0
1998,29.44,8.02,0
1998,30.55,9.24,0
1998,28.56,10.25,0
1998,25.65,9.86,0
1998,22.06,8.52,0
1998,22.82,7.85,0
1998,25.6,6.77,0
1998,28.31,5.55,0
1998,30.82,6.11,0
1998,31.81,7.91,0
1998,28.78,10.11,0
1998,27.8,10.63,0
1998,26.99,10.54,0.01
1998,28.83,8.64,0
1998,28.67,11.05,1.43
1998,27.5,13.89,0.91
1998,27.4,11.88,0.58
1998,28.48,11.07,1.11
1998,28.45,11.05,0.29
1998,27.97,10.25,0.01
1998,25.32,11.13,0.25
1998,23.34,11.4,0
1998,21.49,9.6,0
1998,21.51,8.78,0
1998,21.46,7.63,0
1998,23.99,6.82,0
1998,27.53,6.1,0.01
1998,30.25,6.53,0
1998,30.02,7.68,0
1998,26.89,8.26,0
1998,25.14,8.54,0.05
1998,24.47,9.11,0
1998,26.83,7.28,0
1998,30.82,6.16,0
1998,32.64,8.41,0.03
1998,32.94,9.99,1.85
1998,31.69,10.85,3.98
1998,30.23,11.04,3.43
1998,30.27,11.29,1.16
1998,29.75,12.13,0.98
1998,24.39,12.4,2.12
1998,24.53,11.34,0.06
1998,26.11,10.99,0.47
1998,26.02,11.76,0.54
1998,23.61,10.91,0.01
1998,20.76,9.76,0.02
1998,21.59,8.54,0.01
1998,21.59,6.58,0.05
1998,22.43,5.36,0.03
1998,22.68,7.34,0
1998,23.21,6.3,0
1998,23.57,8.05,0.04
1998,24.76,6.84,0.03
1998,23.95,5.74,0.02
1998,22.41,6.33,0.03
1998,19.59,7.79,0
1998,17.43,9.29,2.09
1998,17.56,9.76,0.4
1998,17.8,9.36,0.01
1998,16.99,8.47,0.01
1998,16.53,8.47,0.03
1998,16.61,8.31,0.14
1998,15.96,8.91,0.54
1998,16.32,8.27,0.12
1998,15.72,7.67,0
1998,16.22,8.17,0.1
1998,17.32,8.94,0.03
1998,18.57,8.54,0.01
1998,17.21,8.71,0.05
1998,15.4,7.56,0.02
1998,16.3,4.54,0
1998,17.84,2.47,0.05
1998,20.57,2.24,0
1998,21.67,2.53,0
1998,20.66,3.7,0.04
1998,18.67,5.54,0.01
1998,17.79,5.04,0.26
1998,20.21,3.77,0
1998,21.36,5.33,0.02
1998,18.11,6.64,0.07
1998,15.51,8.09,0.08
1998,14.55,6.81,0.02
1998,14.02,3.59,0.01
1998,15.15,2.07,0.01
1998,17.64,2.52,0
1998,18.81,2.65,0
1998,19.89,3.35,0
1998,19.4,5.79,0.03
1998,20.39,4.72,0
1998,21.18,5.25,0.16
1998,19.17,6.84,0.45
1998,15.01,6.52,1.4
1998,14.07,5.19,0
1998,14.9,6.41,0.23
1998,16.33,6.42,0
1998,14.16,8.06,0.27
1998,13.31,5.84,0.14
1998,14.4,4.4,0
1998,14.71,5.62,0
1998,13.52,5.1,0
1998,15.45,3.82,0.06
1998,16.29,3.65,0
1998,13.56,4.84,0
1998,10.95,3.96,0.01
1998,11.03,6.01,0.4
1998,11.13,7.49,9.16
1998,9.42,3.96,0.38
1998,10.9,4.13,0.51
1998,9.61,5.58,2.53
1998,10.34,3.75,0
1998,13.37,3.37,0.48
1998,15.56,3.47,0.01
1998,15.2,3.75,0.06
1998,15,4.72,0.07
1998,11.27,6.54,0.38
1998,10.61,4.39,0
1998,12.04,2.88,0
1998,13.08,2.3,0
1998,15.07,2.97,0.5
1998,14.78,3.51,0.45
1998,14.48,5.14,0.83
1998,12.12,6,0.66
1998,14.74,4.09,0.02
1998,17.57,4.47,0.1
1998,13.73,6.56,1.46
1998,10,7.38,7.53
1998,9.32,5.85,2.07
1998,10.5,6.08,0.37
1998,10.81,7.72,3.7
1998,9.98,5.96,0.06
1998,9.5,6.43,1.74
1998,7.14,4.57,0.5
1998,5.62,2.85,1.06
1998,4.57,3.25,4.77
1998,3.88,1.68,0
1998,6.45,2.14,0.22
1998,6.72,1.66,0.07
1998,7.36,1.79,0.13
1998,9.04,2.25,0.01
1998,11.59,2.31,0
1998,13.32,3.19,0
1998,8.96,4.32,0.42
1998,13.17,2.89,0.95
1998,13.99,3.05,0.56
1998,15.89,3.91,0
1998,9.95,6.8,0.25
1998,8.58,6.71,1.74
1998,5.51,4.57,0.55
1998,2.59,1.82,0.16
1998,3.12,1.52,0.06
1998,2.47,1.29,0.04
1998,5.88,1.37,0
1998,9.47,1.83,0
1998,11.88,2.67,0.03
1998,12.24,2.68,0
1998,14.56,2.82,0
1998,13.61,2.81,0
1998,15.38,3.77,0.01
1998,12.23,4.68,0.01
1999,9.82,2.77,0.03
1999,11.24,2.02,0
1999,10.61,2.15,0
1999,11.12,2.18,0.03
1999,13.33,2.4,0.04
1999,15.18,2.89,0.01
1999,11.79,4.79,0
1999,9.49,2.77,0
1999,11.55,2.32,0
1999,13.43,3.15,0.01
1999,13.3,4.1,0
1999,10.83,5.03,0.01
1999,11.86,3.25,0
1999,13.52,2.87,0
1999,15.08,4.24,0.11
1999,12.05,5.85,0.24
1999,11.18,6.39,0.15
1999,10.27,7.2,0.43
1999,11.03,7.36,0.68
1999,11.67,7.69,2.37
1999,9.97,4.89,1.14
1999,11.13,3.5,0
1999,11.81,5.5,0.77
1999,10.81,7.54,0.83
1999,6.04,5.26,7.74
1999,5.07,5.28,9.74
1999,6.37,3.76,2.42
1999,6.25,2.04,0
1999,10.23,2.44,0.4
1999,10.75,3.84,0.37
1999,7.43,5.93,3.74
1999,7.61,3.54,0.19
1999,9.56,2.46,0.08
1999,11.59,2.45,0.05
1999,7.26,5.43,5.47
1999,7.85,6.24,3.3
1999,8.97,6.21,1.75
1999,10.31,6.69,0.1
1999,11.41,7.1,0.71
1999,9.63,7.04,5.25
1999,4.45,2.29,0.7
1999,5.61,1.37,0.19
1999,9.73,1.8,0.15
1999,11.4,2.33,0.2
1999,10.36,4.54,0.12
1999,9.63,4.38,0.08
1999,10.96,4.93,0.45
1999,12.44,7,0.2
1999,12.21,6.2,0.08
1999,11.52,4.34,0.1
1999,12.56,2.91,0
1999,10.12,4.09,0.51
1999,11.09,2.52,0
1999,14.52,2.81,0.25
1999,15.14,3.23,0.4
1999,10.36,5.71,0.45
1999,10.19,4.21,0
1999,14.69,4.23,0.05
1999,17.01,4.19,0.24
1999,15.85,4.56,0.15
1999,15.7,4.17,0
1999,12.49,6.73,1.77
1999,10.8,5.41,0.73
1999,9.49,3.78,0.01
1999,7.68,5.33,0.24
1999,7.63,4.65,0.23
1999,8.08,5.05,0.07
1999,7.45,5.39,0.66
1999,7.45,4.98,0.3
1999,6.86,4.68,0.85
1999,9.63,2.7,0
1999,12.98,2.97,0.13
1999,10.79,5.05,0.23
1999,6.29,5.38,5.93
1999,7.58,4.3,0.52
1999,9.19,5.97,0.89
1999,10.81,5.92,0.21
1999,11.86,6.21,1.91
1999,9.53,6.18,1.67
1999,10.29,5.1,0.04
1999,11.48,4.87,0.15
1999,10.57,6.08,0.43
1999,10.69,5.89,0.09
1999,8.39,6.42,5.2
1999,12.51,5.76,0.04
1999,12.09,5.88,0.1
1999,13,3.54,0
1999,16.09,4.19,0
1999,11.67,5.1,0.03
1999,7.98,4.53,1.02
1999,6.11,3.46,1.37
1999,6.96,3.65,0.55
1999,6.98,5.15,2.22
1999,8.01,3.72,0.27
1999,8.34,4.49,0.34
1999,7.2,5.5,8.88
1999,6.23,5.09,5.55
1999,7.88,5.22,1.95
1999,7.06,2.9,0.6
1999,10.18,2.66,0.05
1999,6.87,5.38,12.78
1999,8.48,5.43,2.8
1999,13.86,5.48,0.06
1999,18.14,4.28,0.44
1999,18.55,2.75,0.06
1999,20.08,2.71,0
1999,22.15,3.04,0.14
1999,22.92,3.54,0
1999,21.93,4.94,0
1999,18.3,6.47,0
1999,15.17,6.43,0
1999,12.57,6.35,0.2
1999,11.8,5.69,1.87
1999,11.71,6.57,0.69
1999,13.78,5.99,0.33
1999,15.05,6.38,0.4
1999,14.77,6.33,0.17
1999,10.59,4.25,0.8
1999,9.39,5.07,2.06
1999,10.2,5.63,1.9
1999,13.48,6.09,0.92
1999,12.69,6.74,0.22
1999,11.38,6.23,0.11
1999,12.88,5.05,0.03
1999,17.88,4.09,0
1999,21.03,5.01,0.01
1999,19.69,5.89,0
1999,14.77,6.38,0.01
1999,13.53,5.47,0.01
1999,15.51,5.32,0
1999,18.88,6.29,0
1999,20.18,6.83,0.01
1999,16.31,5.97,0
1999,14.39,4.51,0.02
1999,13.54,4.91,0
1999,15.98,4.66,0
1999,20.61,4.08,0
1999,20.28,5.7,0.02
1999,16.87,6.73,0
1999,14.58,6.38,0
1999,14.33,5.95,0.17
1999,14.81,6.72,0.24
1999,17.01,7.52,0.25
1999,20.16,7.96,0.02
1999,20.19,8.53,0
1999,20.1,9.03,0.15
1999,21.75,8.83,0.13
1999,19.36,7.92,0.04
1999,15.6,7.15,0.09
1999,14.25,6.21,0.01
1999,16.03,5.45,0
1999,15.41,6.89,4.32
1999,12.16,7.15,3.2
1999,11.35,6.11,1.12
1999,11.59,5.98,0.32
1999,16.76,6.4,0.02
1999,19.26,6.65,0.01
1999,17.81,5.61,0
1999,16.25,6.13,0.03
1999,16.2,6.17,0.02
1999,16.69,6.39,0
1999,18.53,7.02,0
1999,20.97,6.92,0
1999,24.5,6.33,0
1999,26.8,6.1,0
1999,24.01,6.73,0.07
1999,22.22,6.32,0.1
1999,22.45,6.91,0
1999,23.44,6.83,0.01
1999,24.96,6.24,0.01
1999,22.52,7.12,0
1999,19.1,7.18,0
1999,20.52,6.45,0.02
1999,23.42,6.39,0
1999,23.74,6.62,0
1999,22,8.71,4.27
1999,20.93,8.15,0
1999,21.27,7.47,0
1999,23.75,6.86,0
1999,24.77,7.42,0
1999,23.84,8.55,0
1999,22.41,9.1,0
1999,19.58,7.94,0.02
1999,18.6,8.7,0.67
1999,21.59,7.86,0
1999,25.18,5.87,0
1999,25.92,6.35,0.17
1999,25.43,9.5,1.28
1999,22.96,12.06,2.73
1999,24.51,10.28,0.41
1999,26.18,10.4,1.39
1999,27.43,12.8,4.28
1999,29.27,12.1,3.23
1999,28.5,10.74,1.19
1999,25.8,11.51,1.03
1999,23.83,10.49,0.13
1999,23.46,10,0
1999,23.95,8.45,0
1999,23.7,7.39,0
1999,23.63,6.19,0
1999,22.91,6.26,0
1999,22.24,5.56,0
1999,23.18,4.68,0
1999,24.9,5.1,0
1999,24.48,4.89,0
1999,23.6,5.46,0
1999,23.05,6.53,0
1999,23.94,6.8,0.02
1999,23.2,7.91,0.14
1999,25.19,7.16,0
1999,25.07,7.12,0.04
1999,23.39,7.73,0.09
1999,24.61,6.63,0
1999,27.38,5.4,0.57
1999,28.11,5.52,0
1999,24.82,6.3,0
1999,20.45,8.6,0
1999,18.25,7.48,0.01
1999,19.08,7.77,0.07
1999,19.25,7.84,0.01
1999,20.14,7.68,0
1999,18.95,8.35,0
1999,20.61,8.12,0
1999,23.96,6.8,0
1999,24.98,7.09,0
1999,22.45,6.57,0.05
1999,22.59,6.47,0
1999,26.34,4.84,0
1999,28.57,5.58,0
1999,26.75,6.21,0
1999,26.77,4.9,0
1999,28.03,6.28,0.1
1999,28.42,6.36,0
1999,28.41,6.81,0.01
1999,29.43,5.22,0.52
1999,30.37,7.02,0
1999,31.55,7.39,0.37
1999,31.17,6.87,0.01
1999,30.04,7.4,0.01
1999,29.35,6.28,0.09
1999,26.55,5.4,0
1999,23.63,6.71,0
1999,21.87,6.2,0.02
1999,18.66,6.85,0
1999,17.53,7.93,0
1999,18.42,8.37,0
1999,21.16,7.74,0
1999,22.81,7.92,0
1999,22.06,8.32,0
1999,23.31,7.23,0.01
1999,24.27,7.06,0.02
1999,24.59,8.56,0.02
1999,24.37,7.05,0
1999,21.71,5.82,0
1999,25.15,7.69,0.57
1999,26.72,8.01,0.2
1999,23,6.82,0
1999,22.85,6.07,0
1999,22.61,7.35,0
1999,22.62,8.76,0.23
1999,19.66,8.42,0
1999,17.39,7.26,0.01
1999,22.52,5.61,0.04
1999,27.32,9.06,0.61
1999,25.25,11.31,1.54
1999,21.9,10.74,0.16
1999,22,9.83,0
1999,23.15,7.94,0
1999,21.89,8.43,0
1999,22.23,7.12,0
1999,25.1,3.05,0
1999,26.37,2.18,0
1999,27.56,3.04,0
1999,24.32,5.43,0.04
1999,20.6,7.04,0
1999,20.23,6.32,0
1999,23.25,4.52,0
1999,21.87,6.1,0
1999,16.81,7.61,0.05
1999,19.2,4.06,0
1999,24,2.95,0
1999,26.1,3.46,1.4
1999,26.13,4.15,0
1999,25.54,4.56,0
1999,26.6,3.26,0.01
1999,26.54,2.94,0
1999,23.42,5.65,0
1999,19.04,9.1,0
1999,19.56,2.47,0
1999,17.41,1.53,0
1999,19.19,1.87,0
1999,21.96,2,0
1999,22.9,2.47,0
1999,22.84,2.42,0
1999,23.07,2.91,0
1999,21.76,4.85,0
1999,22.34,4.59,0
1999,23.36,5.38,0
1999,20.92,5.34,0.01
1999,17.66,5.97,0.63
1999,16.43,7.74,0.05
1999,17.32,3.04,0
1999,19.79,1.88,0
1999,20.45,1.91,0
1999,21.33,3,2.39
1999,20.23,3.88,0.43
1999,19.69,3.27,0.07
1999,18.36,4.43,0.73
1999,16.64,5.76,2.22
1999,15.84,6.48,0.26
1999,13.44,7.83,0.46
1999,13.02,7.98,3.66
1999,13.22,5.64,0
1999,15.64,5.4,2.22
1999,18.22,4.43,0.6
1999,19.4,4.17,1.41
1999,20.59,5.22,0.43
1999,17.92,6.16,0.22
1999,16.62,7.4,0.13
1999,15.19,8.03,0.97
1999,12.23,6.33,0.77
1999,11.57,5.01,0
1999,12.05,6.09,0.45
1999,12.02,7.13,1.97
1999,9.9,4.38,0.02
1999,8.39,1.81,0.02
1999,8.77,1.98,0.88
1999,10.16,2.01,0.07
1999,12.84,2.56,0.04
1999,15.06,3.91,0.01
1999,14.48,5,0.01
1999,15.35,4.09,0.02
1999,16.19,4.08,0.01
1999,14.94,5.72,0.51
1999,10.21,4.51,0.71
1999,10.63,3.39,0.07
1999,8.52,2.08,0.03
1999,8.32,1.87,0.64
1999,8.95,2.17,0.29
1999,10.37,2.4,0.32
1999,9.28,3.5,0.39
1999,7.39,2.05,0.05
1999,9.38,3.14,0.5
1999,7.44,3.74,0.84
1999,6.71,1.97,0
1999,9.83,2.8,0.14
1999,8.37,4.23,0.65
1999,7.67,1.76,0.08
1999,9.69,1.6,0.09
1999,12.81,2.72,0
1999,13.65,2.98,0.8
1999,14.67,3.14,0.01
1999,12.66,2.57,1.1
1999,12.47,2.98,0.09
1999,12.4,2.73,1.49
1999,9.26,2.07,0.81
1999,10.43,2.32,0.22
1999,10.34,2.35,0.87
1999,10.76,2.67,0
1999,11.3,3,0.02
1999,11.37,3.29,0
1999,12.23,2.92,0.43
1999,12.83,3.32,0.35
1999,11.81,3.99,0.08
1999,7.29,5.66,2.15
2000,6.64,5.72,1.68
2000,5.89,3.62,0.65
2000,7.07,2.62,0
2000,9.56,2.76,0.02
2000,9.39,2.52,0.48
2000,8.32,1.78,0.04
2000,9.8,2.35,0
2000,9.51,2.52,0.92
2000,10.35,3.7,0.44
2000,8.83,4.54,0.92
2000,10.13,5.14,1.46
2000,10.42,6.32,1.02
2000,13.98,4.78,0.65
2000,16.9,3.72,0.71
2000,14.49,4.63,0.23
2000,11.52,6.02,1.52
2000,14.36,8.85,0.69
2000,16.19,7.85,0.19
2000,15.11,7.38,1.19
2000,13.61,8.47,0.44
2000,11.67,6.93,0.14
2000,9.82,5.3,0.01
2000,12.86,6.11,0.5
2000,14.37,7.56,1.4
2000,11.84,8.67,6.7
2000,10.02,5.05,0.59
2000,10.32,3.92,0
2000,10.12,2.65,0.15
2000,9.56,3.72,0.23
2000,9.58,7.3,1.39
2000,11.11,6.12,2.04
2000,12.51,3.83,0
2000,13.61,2.93,0.02
2000,12.45,3.5,0.01
2000,11.37,7.46,1.09
2000,12.39,7.49,0.73
2000,13.36,4.55,0
2000,15.55,3.41,0
2000,15.36,4.65,0.03
2000,12.32,7.27,0.99
2000,10.08,7.35,8.73
2000,9.8,6.32,2.87
2000,9.44,6.38,9.05
2000,9.08,7.08,3.81
2000,11.76,8.19,1.94
2000,12.43,6.6,0.39
2000,9.11,6.95,11.8
2000,7.88,4.95,0.65
2000,10,4.06,0.05
2000,13.47,3.75,0.97
2000,10.51,7.14,21.9
2000,7.93,6.24,19.5
2000,8.46,6.21,6.25
2000,7.05,6.32,13.29
2000,6.13,4.29,0.89
2000,9.13,5.73,1.36
2000,10.99,5.95,1.63
2000,8.5,6.75,3.68
2000,8.1,5.08,1.4
2000,9.49,5.59,0.17
2000,10.15,4.66,0.18
2000,11.37,4.96,0.16
2000,9.68,6.52,3.68
2000,9.04,5.66,4.89
2000,6.26,5.81,16.91
2000,5.43,4.6,1.77
2000,6.68,5.51,1.98
2000,7.11,6.16,9.13
2000,7.71,5.18,1.39
2000,11.08,4.74,0.05
2000,14.51,4.95,0.22
2000,15.7,5.79,0.79
2000,15.78,5.82,0.56
2000,17.4,5.63,0.04
2000,17.07,6.39,0.01
2000,15.18,5.56,0.17
2000,15.33,4.33,0
2000,16.93,4.38,0
2000,16.87,6.44,0.03
2000,9.65,2.93,0
2000,10.47,2.99,0.11
2000,12.27,3.91,0
2000,12.06,5.16,0.6
2000,13.52,4.76,0
2000,13.22,5.75,0.01
2000,14.21,5.7,0
2000,11.72,6.21,0.13
2000,11.62,6.22,0.24
2000,12.08,6.26,0.4
2000,13.96,5.06,0
2000,13.42,2.74,0
2000,15.41,3.17,0.09
2000,16.75,5.4,0
2000,18.27,6.24,0
2000,20.12,5.72,0.09
2000,16.47,7.14,0.58
2000,14.64,7.51,0.33
2000,16.87,6.47,0.26
2000,18.86,5.67,0.06
2000,15.23,5.62,1.43
2000,16.33,5.44,0.03
2000,19.69,5.22,0.99
2000,20.72,5.78,0.49
2000,17.14,7.08,1.01
2000,11.25,6.61,1.51
2000,12.57,6.45,0.36
2000,11.8,6.18,2.2
2000,10.76,7.37,20.74
2000,9.62,6.23,6.69
2000,13.45,5.31,0.01
2000,17.08,5.69,2.46
2000,12.86,7.38,1.66
2000,13.57,7.32,0.24
2000,14.94,6.24,0.35
2000,18.32,5.48,0.01
2000,21.69,5.94,0
2000,22.84,5.85,0
2000,18.97,7.15,0.2
2000,14.55,7.23,0.34
2000,16.51,4.02,0
2000,20.59,4.42,0
2000,22.23,6,0.62
2000,21.06,6.74,0.01
2000,20.36,7.62,0.22
2000,19.05,7.45,0.06
2000,16.1,8.17,0.04
2000,16.41,7.95,0.16
2000,17,8.19,0.05
2000,17.96,8.33,0.08
2000,19.22,7.51,0
2000,15.78,7.22,0
2000,14.42,3.68,0.07
2000,17.66,2.84,0
2000,18.84,3.82,0.56
2000,15.54,5.15,0.51
2000,14.87,6.65,0.12
2000,12.53,6.01,0.61
2000,15.29,6.64,0.02
2000,20.27,6.17,0
2000,22.47,6.35,0.07
2000,25.61,6.4,0
2000,27.07,6.48,0
2000,25.36,8.58,0.3
2000,21.28,9.35,0.03
2000,19.2,9.5,0.27
2000,16.9,9.07,0.86
2000,21.24,7.73,0.15
2000,26.25,7.78,1.25
2000,26.41,7.93,0.02
2000,23.5,8.82,0.01
2000,19.97,8.65,0.06
2000,19.3,7.39,0.14
2000,19.89,6.9,0
2000,20.87,5.44,0.01
2000,22.44,5.02,0
2000,24.05,5.97,0
2000,21.81,6.44,0
2000,22.14,6.17,1.36
2000,20.19,6.73,0
2000,15.34,7.42,0.36
2000,17.38,6.29,0
2000,19.16,6.16,0
2000,21.73,6.01,0
2000,23.92,5.75,0
2000,27.21,7.65,0
2000,27.59,7.27,0.25
2000,24,10.19,0.01
2000,22.34,10.17,0
2000,21.53,9.83,0
2000,21.18,8.7,0
2000,20.25,8.23,0
2000,22.23,8.34,0.46
2000,24.93,9.02,0.1
2000,23.83,10.19,0.12
2000,21.82,9.57,0.08
2000,22.79,8.13,0.09
2000,24.49,8.32,0.01
2000,26.83,9.26,0
2000,26.16,8.67,0.01
2000,25.62,9.23,1.13
2000,24.84,9.63,0.09
2000,23.26,9.3,0.04
2000,21.79,9.1,0
2000,21.36,9.18,0
2000,19.37,8.05,0.11
2000,18.9,7.71,0.35
2000,19.72,7.88,0.01
2000,20.31,7.89,0.03
2000,19.67,6.98,0.04
2000,19.46,6.77,0.03
2000,19.08,7.48,0.04
2000,19.08,7.5,0.44
2000,19.6,8,0.02
2000,20.2,7.32,0.02
2000,22.91,6.06,0.14
2000,24.99,6.77,0.18
2000,23.21,7.89,0
2000,21.32,8.24,0
2000,24.92,7.19,0
2000,29.48,4.83,0.07
2000,30.07,5.17,0
2000,28.96,4.26,0.03
2000,25.1,6.02,0
2000,26.18,7.13,0.14
2000,27.7,8.11,0.09
2000,27.25,7.99,0
2000,27.1,8.45,0.23
2000,26.82,8.7,0.01
2000,27.93,6.91,0
2000,27.81,6.22,0.07
2000,28.76,6.51,0.03
2000,29.16,8.06,0
2000,28.5,9.65,0.01
2000,29.56,9.28,0.13
2000,27.44,8.66,0.01
2000,27.24,9.49,0.21
2000,28.89,8.79,0.02
2000,29.42,7.73,0
2000,27.6,7.2,0
2000,23.78,9.48,1.93
2000,25,8.56,1.15
2000,27.85,6.24,0.05
2000,29.69,5.35,0
2000,30.36,5.67,0
2000,28.88,6.17,0
2000,28.41,5.71,0
2000,28.63,7.25,0
2000,28.33,7.52,0.39
2000,29.92,8.69,0.28
2000,28.12,8.9,0.01
2000,26.39,8.76,0
2000,26.09,5.87,0.03
2000,24.08,6.79,0
2000,22.6,8.22,0.01
2000,23.01,7.59,0
2000,24.88,7.48,0.55
2000,26.84,9.69,1.01
2000,26.48,10.8,0.16
2000,26,9.17,0
2000,22.99,10.09,0.84
2000,21.17,11.59,3.58
2000,19.45,10.74,1.42
2000,18.58,9.53,4.28
2000,17.97,8.5,0.29
2000,17.05,8.23,0.73
2000,17.96,8.35,0.66
2000,19.03,7.86,0.07
2000,19.73,7.67,0.01
2000,21.49,5.88,0
2000,23.71,3.47,0
2000,25.28,5.92,0.81
2000,24.06,5.99,0
2000,22.51,5.56,0.29
2000,22.94,4.86,0.74
2000,26.91,3.24,0.02
2000,29.39,5.74,0.25
2000,28.23,7.59,0
2000,26.65,9.19,0.09
2000,28.41,6.66,0.37
2000,31.53,5.4,0.01
2000,29.77,7.8,0
2000,27.98,6.75,0
2000,27.21,7.14,0.18
2000,22.81,9.4,0
2000,18.11,9.9,0.45
2000,16.23,9.48,1.56
2000,17.87,8.52,0.76
2000,20.83,4.67,0
2000,22.46,3.65,0.08
2000,23.7,5.72,0.01
2000,20.21,9.25,0.03
2000,19.43,9.21,0.33
2000,19.41,8.14,0.29
2000,22.38,6.56,0.07
2000,23.15,7.58,0.01
2000,21.59,8.28,0.01
2000,18.77,9.2,0.05
2000,19.43,9.83,0.23
2000,21.48,10.05,0.01
2000,19.52,9.46,0.02
2000,18.34,9.48,0.12
2000,19.54,8.19,0.03
2000,18.33,8.59,0.18
2000,13.46,7.33,1.09
2000,12.2,6.78,1.23
2000,13.04,6.55,0.12
2000,15.29,5.03,0
2000,17.5,4.43,0.07
2000,18.52,4.99,0
2000,20.09,3.85,0
2000,21.05,4,0.01
2000,19.53,6.63,0.1
2000,20.34,5.43,0
2000,20.68,6.01,0.07
2000,15.11,8.21,0.22
2000,15.64,4.12,0.28
2000,15.63,6.65,0.33
2000,15.72,7.58,0.04
2000,15.51,6.73,0.21
2000,12.64,7.36,2.63
2000,11.76,7.72,5.81
2000,12.24,7.5,1.23
2000,11.98,7.75,7.43
2000,10.68,5.57,2.94
2000,11.1,4.75,0.01
2000,12.58,3.38,0.1
2000,13.66,3.32,0
2000,12.43,2.67,0
2000,13.63,3.97,0.03
2000,11.96,6.54,0
2000,11.98,5.6,0
2000,10.31,2.13,0
2000,10.81,3.7,0.02
2000,9.31,6.43,1.05
2000,8.04,5.22,1.46
2000,6.73,3.94,0.48
2000,7.24,2.48,0.37
2000,8.07,2.69,0.05
2000,7.21,3.91,0.03
2000,6.51,2.93,0.02
2000,6.78,2.89,0
2000,7.36,1.95,0
2000,8.82,1.93,0
2000,12.97,2.34,0
2000,13.98,2.67,0.01
2000,13.96,4.05,0.04
2000,9.55,5.17,0
2000,10.93,3.56,0
2000,13.08,2.99,0
2000,14.23,3.45,0
2000,16.02,4.38,0.17
2000,15.61,4.02,0
2000,16.15,4.11,0
2000,12.32,6.2,0.2
2000,12.05,5.16,0.1
2000,12.99,3.52,0
2000,13.36,3.29,0
2000,13.47,3.53,0
2000,14.09,3.85,0
2000,15.73,3.29,0
2000,14.86,3.23,0
2000,15.97,6.24,0.01
2000,11.36,7.71,0.01
2000,10.89,7.51,0.02
2000,10.87,7.3,0.01
2000,9.36,5.62,0.06
2000,7.99,5.02,0.39
2000,7.33,4.7,0
2000,8.51,5.61,0.18
2000,9.42,5.33,0.01
2000,12.14,2.34,0
2000,13.52,2.01,0
2000,11.94,1.22,0
2000,13.78,1.52,0
2000,13.45,2.03,0
2000,14.25,2.82,0
2000,12.29,3.65,0.08
2000,12.73,3.11,0
2000,12.33,2.5,0.01
2000,9.6,1.99,0.03
2000,9.5,1.85,0
2000,11.09,1.8,0
2000,12.15,1.81,0
2000,14.34,2.18,0
2000,15.66,2.85,0
2000,14.09,2.88,0
2001,13.61,2.2,0
2001,12.34,1.8,0.01
2001,13.26,1.6,0
2001,15.18,1.69,0
2001,14.51,3.26,0.3
2001,13.58,4.09,0
2001,12.99,4.61,0.28
2001,8.88,7.01,3.69
2001,9,5.63,0.41
2001,8.72,6.41,13.45
2001,6.51,5.76,29.54
2001,5.45,4.97,4.27
2001,6.66,4.34,0.09
2001,7.05,4.14,0.27
2001,5.02,4.09,1.32
2001,3.3,2.48,0.58
2001,3.92,2.09,0.17
2001,6.25,2.09,0.1
2001,8.5,2.92,0.34
2001,10.27,3.38,0
2001,10.77,3.69,0.29
2001,11.3,4.51,0.07
2001,8.91,4.53,0.4
2001,6.52,5.72,4.77
2001,5.35,4.06,0.66
2001,4.33,5.08,6.62
2001,4.81,4.22,1.91
2001,5.88,4.33,0.01
2001,5.9,4.87,0.55
2001,5.98,2.36,0
2001,6.59,2.08,1.11
2001,8.72,2.54,0.02
2001,11.68,3.06,0
2001,15.29,3.92,0
2001,17.85,4.73,0.01
2001,17.39,5.21,0
2001,11.94,7.23,0.24
2001,4.93,3.49,0.99
2001,4.63,2.17,0.04
2001,5.35,4.41,0.51
2001,5,5.15,3.43
2001,5.74,4.9,2.01
2001,7.14,6.36,19.85
2001,5.1,5.27,17.68
2001,5.45,4.4,1.8
2001,6.58,4.19,0.57
2001,9.12,4.18,0.61
2001,10.39,4.59,0.82
2001,9.69,6.79,0.47
2001,9.83,6.86,3.58
2001,9.32,5.66,1.52
2001,10.97,5.76,0.59
2001,10.26,6.26,1.04
2001,4.71,4.54,4.05
2001,4.73,5.3,5.22
2001,6.72,5.9,21.65
2001,8.32,5.61,6.92
2001,7.03,5.88,11.59
2001,7.2,5.7,5.41
2001,8.82,4.92,0.72
2001,8.58,5.28,0.14
2001,9.57,5.54,0.17
2001,9.52,5.94,2.08
2001,10.91,6.67,1.76
2001,9.76,6.8,10.26
2001,10.84,6.53,2.37
2001,12.14,6.97,0.43
2001,8.87,6.66,3.26
2001,8.51,5.53,2.39
2001,9.06,6.03,0.3
2001,11.02,4.78,0.07
2001,12.49,4.61,0
2001,12.5,6.13,0
2001,12.51,5.96,0
2001,11.47,6.17,0
2001,13.5,4.71,0
2001,17.34,5.4,0
2001,19.59,6.06,0
2001,19.51,6.36,0
2001,16.07,6.93,0
2001,12.46,7.08,0
2001,14.48,7.19,0
2001,13.91,7.15,0.17
2001,12.99,7.51,0.09
2001,14.83,6.85,0
2001,16.55,5.37,0
2001,16.53,7.19,0
2001,16.25,7.34,0.34
2001,18.1,5.94,0
2001,18.12,7.38,0.03
2001,13.81,7.72,0.12
2001,11.67,6.59,0.22
2001,9.35,5.52,0.11
2001,9.35,5.09,0.06
2001,9.06,4.98,0.12
2001,9.04,5.69,0.92
2001,7.24,5.71,9.46
2001,7.11,3.72,1.21
2001,5.56,4.9,4.92
2001,8.23,4.68,0.27
2001,9.28,5.98,0.35
2001,11.82,5.47,0.12
2001,13.39,4.77,0
2001,13.18,4.32,0
2001,14.57,4.53,0.01
2001,17.15,4.59,0.01
2001,18.17,3.87,0.08
2001,14.64,6.12,0.11
2001,11.81,6.38,0.45
2001,9.81,5.83,2.97
2001,8.99,5.13,5.88
2001,13.07,4.62,0
2001,18.09,4.49,0.09
2001,21.3,4.7,0
2001,22.97,5.46,0.02
2001,19.01,6.73,0.04
2001,16.85,7.46,0.06
2001,15.37,7.59,0.02
2001,16.73,6.39,0
2001,20.32,6.27,0.02
2001,20.03,7.02,0.03
2001,16.21,5.1,0.01
2001,16.25,2.91,0
2001,17.67,3.8,0
2001,17.94,5.92,0.02
2001,21.08,5.64,0
2001,24.27,5.86,0
2001,25.96,6.82,0.02
2001,24.47,7.76,0.03
2001,23.11,7.66,0
2001,23.25,7.02,0.04
2001,17.63,8.81,0.86
2001,17.01,7.64,0
2001,18,7.08,0.03
2001,19.25,7.2,0.14
2001,20.36,8.85,0.02
2001,19.87,9.07,0
2001,18.34,8.85,0
2001,20.74,8.87,0
2001,22.16,8.08,0
2001,22.66,7.78,0
2001,26.11,7.64,0.01
2001,27.64,7.56,0.01
2001,22.53,8.46,0
2001,21.78,9.11,0.14
2001,19.7,8.61,0.11
2001,17.39,8.62,0.16
2001,17.31,7.69,0.06
2001,21.31,7.09,0
2001,24.81,7.82,0
2001,25.32,8.32,0.12
2001,20.52,8.94,0.12
2001,18.23,8.88,0.04
2001,16.85,7.45,0.02
2001,18.45,6.05,0.05
2001,20.14,6.6,0
2001,22.6,7.57,0
2001,24.42,8.38,0
2001,24.22,8.29,0
2001,23.65,7.13,0
2001,21.44,7.6,0
2001,20.35,7.35,0
2001,18.98,8.12,0.01
2001,20.77,4.95,0
2001,24.66,3.98,0
2001,26.07,5.72,0
2001,25.25,5.9,0
2001,26,5.3,0
2001,26.79,5.64,0
2001,26.69,5.21,0
2001,25.5,5.43,0
2001,26.36,5.85,0
2001,26.75,7.07,0
2001,25,6.11,0
2001,23.35,7.84,0
2001,22.46,7.03,0
2001,21.41,6.87,0.01
2001,22.82,6.81,0.5
2001,24.79,6.53,0.06
2001,25.83,7.18,0
2001,26.3,7.58,0
2001,28.33,8.31,0
2001,29.3,8.75,0.2
2001,29.29,9.47,0.01
2001,28.82,10.82,0.38
2001,26.54,10.4,1.36
2001,23.48,12.17,0.78
2001,25.29,9.81,0.39
2001,25.6,8.83,0.01
2001,23.01,8.41,0
2001,21.25,9.12,0
2001,21.4,7.02,0
2001,24.15,5.11,0
2001,25.97,5.95,0
2001,23.51,6.62,0.02
2001,19.35,8.5,0.02
2001,18.3,7.72,0
2001,19.87,7.23,0
2001,21.66,7.17,0.14
2001,22.37,6.79,0
2001,21.88,6.56,0.1
2001,22.26,6.4,0
2001,22.59,7.24,0
2001,21.79,7.69,0
2001,21.42,8.36,0
2001,23.18,8.11,0
2001,25.71,7.64,0
2001,26.48,7.63,0
2001,26.62,7.35,0
2001,24.24,9.2,0
2001,20.71,8.35,0
2001,20.78,9.44,0
2001,22.4,8.45,0
2001,23.66,8.52,0.06
2001,23.78,6.58,0
2001,25.38,5.56,0.04
2001,27.61,5.28,0
2001,29.49,7.39,0.21
2001,30.49,8.83,0.19
2001,28.74,8.44,0.05
2001,26.56,7.44,0
2001,27.13,7.43,0
2001,26.73,7.78,0.01
2001,26.36,8.45,0
2001,27.58,8.62,0.11
2001,29.93,7.59,0.01
2001,29.8,6.33,0
2001,30.31,6.78,0
2001,30.72,6.64,0
2001,28.11,7.31,0.01
2001,25.91,6.8,0
2001,24.31,6.47,0
2001,20.93,8.03,0.03
2001,20.27,8.77,0.01
2001,22.38,7.94,0
2001,25.14,6.38,0
2001,27.54,7.52,0.02
2001,28.4,7.34,0
2001,28.1,6.82,0
2001,25.34,7.1,0
2001,21.62,7.81,0.1
2001,19.67,8.01,0
2001,21.83,8.36,0
2001,24.64,10.96,1.56
2001,26.05,11.3,0.43
2001,25.54,10.64,0.08
2001,26.18,9.38,0
2001,24.31,9.94,0
2001,21.74,8.7,0
2001,20.61,7.45,0
2001,20.51,8,0.01
2001,21.31,8.03,0
2001,22.34,8.22,0
2001,21.85,7.32,0
2001,21.17,6.79,0
2001,23.63,5.84,0
2001,25.87,6,0
2001,25.2,5.89,0
2001,21.47,7.05,0
2001,20.23,8.8,0.04
2001,20.95,8.26,0
2001,22.13,6.88,0
2001,23.18,5.96,0
2001,23.93,6.01,0
2001,24.85,6.53,0
2001,26.15,6.11,0
2001,29.34,4.21,0
2001,28.65,6.07,0.3
2001,27.77,6.11,0
2001,26.78,5.1,0
2001,25.34,4.45,0
2001,26.38,3.82,0
2001,28.67,7.58,0.1
2001,26.94,6.79,0
2001,26.72,6.71,0
2001,23.44,7.31,0
2001,20.6,8.58,0
2001,16.44,8.61,0
2001,15.68,7.58,0.02
2001,17.19,7.8,0.02
2001,17.11,8.13,0
2001,17.71,7.78,0.12
2001,20.05,3.77,0
2001,20.5,4.92,0
2001,19.89,3.07,0
2001,22.78,3.28,0.12
2001,23.37,3.84,0
2001,24.94,4.11,0
2001,24.05,4.71,0
2001,20.83,4.23,0
2001,21.76,4.63,0
2001,22.09,4.42,0
2001,20.83,5.89,0
2001,18.18,6.97,0
2001,17.54,6.66,0
2001,17.72,6.3,0
2001,20.04,3.88,0
2001,21.79,4.01,0
2001,22.04,4.36,0
2001,18.44,6.66,0
2001,15.49,7.88,0.04
2001,17.02,7.08,0
2001,16.63,8.07,0.82
2001,15.82,7.39,0.48
2001,15.8,5.79,0.03
2001,16.36,5.76,0
2001,18.57,5.6,0.07
2001,18.81,6.36,0.34
2001,19.14,5.87,0.04
2001,19.14,6.67,0.02
2001,17.89,5.78,0
2001,19.48,4.66,0.07
2001,18.3,4.61,0
2001,15.42,7.55,0.3
2001,14.65,8.43,0.48
2001,14.22,8.86,4.65
2001,11.1,5.82,1.84
2001,13.91,4.46,0
2001,16.5,4.26,0.03
2001,17.71,4.73,0.06
2001,17.01,5.02,0.1
2001,15.95,4.02,0
2001,15.97,3.37,0
2001,17.44,3.26,0.02
2001,15.88,4.93,0.23
2001,13.26,7.71,0.23
2001,11.76,4.93,0.03
2001,9.56,7.26,12.65
2001,8.32,4.87,1.57
2001,7.78,3.6,0.01
2001,5.81,1.93,0.04
2001,7.12,2.37,0.26
2001,7.44,5.97,3.26
2001,8.54,4.87,0.64
2001,9.19,5.17,0.65
2001,9.96,6.77,0.7
2001,9.72,6.13,1.73
2001,7.39,3.76,0
2001,7.79,3.87,0.39
2001,10.41,3.36,0.24
2001,13.01,2.88,0
2001,12.75,2.27,0.03
2001,8.2,3.54,0.58
2001,5.52,4.24,0.33
2001,5.47,3.11,0.47
2001,6.73,3.07,0.09
2001,7.56,3.3,0.11
2001,5.16,5.24,4.47
2001,4.02,2.11,0
2001,6.64,2.12,0.21
2001,9.3,3.35,0.39
2001,10.26,4.14,0.15
2001,12.34,3.04,0.2
2001,7.76,5.8,2.51
2001,6.94,5.76,5.83
2001,7.57,4.53,0.54
2001,7.52,4.52,0.14
2001,7.48,2.7,0
2001,8.75,2.4,0.04
2001,10.36,2.43,0.12
2001,11.73,2.81,0.03
2001,11.65,4.06,1.3
2001,10.1,5.18,2.39
2001,10.43,7.12,1.17
2001,11.22,7.08,0.38
2002,10.41,5.8,1.61
2002,10.82,5.43,0.81
2002,10.36,6.26,0.63
2002,9.5,3.71,0
2002,10.74,2.98,0.02
2002,11.98,3.03,0.35
2002,15.52,3.75,0.06
2002,17.15,4.26,0.07
2002,11.93,6.22,0.01
2002,10.9,3.42,0
2002,12.66,2.36,0
2002,15.1,2.66,0
2002,12.87,2.77,0
2002,11.23,4.9,0
2002,8.9,6.18,0.07
2002,7.42,3.3,0
2002,6.69,2.77,0.08
2002,6.55,2.66,0
2002,6.81,2.42,0
2002,6.68,2.1,0
2002,9.71,3.02,0.05
2002,6.94,4.07,0.07
2002,4.72,1.42,0
2002,6.84,1.79,0
2002,11.47,2.51,0
2002,9.87,4.22,0.28
2002,8.32,6.66,5.19
2002,5.34,4.72,2.57
2002,2.73,3.32,0.96
2002,1.68,1.36,0
2002,3.83,1.7,0.12
2002,6.26,1.87,0
2002,7.81,2.07,0
2002,8.34,1.96,0.14
2002,9.92,2.04,0.03
2002,11.31,1.94,0
2002,12.84,2.38,0
2002,11.92,3.74,0.11
2002,10.78,5.38,0.46
2002,11.22,1.73,0
2002,10.55,1.74,0
2002,12.54,1.92,0
2002,14.99,2.45,0.04
2002,13.54,3.35,0.02
2002,12.84,5.24,0
2002,14.06,6.15,0
2002,10.76,5.91,0.93
2002,7.69,6.05,2.87
2002,7.18,4.58,0.19
2002,10.2,5.44,0
2002,13.06,5.15,0.2
2002,17.24,3.82,0.05
2002,18.49,2.34,0
2002,14.55,4.47,0.04
2002,13.61,3.93,0.01
2002,16.25,2.76,0
2002,16.38,2.09,0
2002,17.07,2.79,0
2002,14.18,6.04,0.01
2002,10.01,2.8,0.04
2002,8.28,1.45,0
2002,9.5,1.3,0
2002,12.65,1.57,0
2002,13.27,3.71,0
2002,11.71,6.45,2.26
2002,11.14,7.07,2.34
2002,9.53,3.4,0.28
2002,12.73,2.17,0
2002,14,3.77,0.14
2002,15.47,4.69,0.02
2002,16.8,5.01,0.01
2002,10.87,4.34,0.03
2002,7.76,2.68,0
2002,7.46,2.76,0.13
2002,6.54,4.23,0.39
2002,6.99,4.54,3.03
2002,7.57,3.14,1.73
2002,11.91,2.32,0.23
2002,16.74,2.94,0.01
2002,17.54,3.31,0.01
2002,12.42,4.86,0.04
2002,10.84,6.31,3.33
2002,10.19,5.34,1.33
2002,12.1,4.5,0.02
2002,14.95,4.43,0
2002,13.09,5.7,0.03
2002,12.35,6.01,0.38
2002,14.17,5.8,0.04
2002,17.12,4.95,0.03
2002,18.64,4.57,0
2002,17.18,5.56,0.02
2002,14.82,5.74,0
2002,13.65,6.12,0
2002,13.02,5.36,0
2002,11.11,6.02,0.02
2002,12.07,6.78,0.32
2002,14.46,7.02,0.03
2002,15.23,7.18,0.02
2002,16.59,6.75,0.16
2002,17.59,6.36,0.18
2002,18.74,6.25,0.06
2002,19.66,6.27,0
2002,23.42,5.43,0
2002,20.85,6.39,0.05
2002,12.81,6.44,0.35
2002,12.26,5.34,0.04
2002,10.92,5.29,0.43
2002,11.01,3.93,0
2002,11.19,3.39,0.32
2002,12.62,4.33,0.01
2002,16.4,3.22,0.07
2002,20.15,2.48,0
2002,17.93,3.99,0.08
2002,15.25,5.61,2.91
2002,13.73,6.41,0.17
2002,10.76,6.68,1.62
2002,10.46,5.86,0.19
2002,14.28,5.61,0.13
2002,13.54,5.77,0.05
2002,11.63,5.4,0.22
2002,11.8,5.39,0.01
2002,13.79,5.35,0
2002,15.73,5.46,0
2002,16.57,5.46,0
2002,16.36,6.17,0
2002,15.74,6.85,0
2002,14.74,7.12,0
2002,16.49,5.38,0
2002,17.61,5.14,0
2002,14.99,5.52,0
2002,16.79,4.22,0
2002,22.68,2.6,0
2002,24.55,3.54,0
2002,21.07,5.78,0
2002,17.26,6.93,0.06
2002,17.76,7.07,0.04
2002,18.54,6.74,0.01
2002,18.13,6.72,0.05
2002,14.98,7.02,0.31
2002,12.65,6.51,1
2002,12.57,5.04,0.01
2002,15.93,4.4,0
2002,17.47,4.46,0.01
2002,19.14,4.71,0
2002,17.47,6.02,0
2002,16.51,6.4,0
2002,17.44,6.97,0.01
2002,20.71,6.25,0
2002,26.02,5.31,0
2002,24.44,6.83,0.03
2002,21.77,7.69,0
2002,19.18,7.1,0
2002,16.84,7.21,0
2002,18.49,7.24,0
2002,23.57,6.87,0.01
2002,28.16,5.92,0.03
2002,26.44,6.75,0
2002,22.16,7.2,0
2002,18.61,8.25,0.01
2002,18.26,6.63,0.01
2002,20.04,4.92,0
2002,18.74,6.85,0
2002,19.71,6.18,0
2002,20.93,5.41,0
2002,22.51,5.07,0
2002,24.19,5.15,0
2002,24.32,5.54,0
2002,24.18,5.49,0
2002,24.42,7.09,0
2002,23.42,8.69,0
2002,19.93,9.31,0.01
2002,18.62,8.7,0.01
2002,20.84,7.12,0.02
2002,22.96,6.58,0
2002,23.27,6.09,0
2002,24.1,5.86,0
2002,23.62,5.78,0.06
2002,21.15,6.89,0.02
2002,22.35,7.48,0
2002,23.28,7.67,0
2002,24.93,6.65,0.03
2002,26,5.66,0
2002,26.32,6.3,0
2002,22.83,7.56,0
2002,21.43,8.02,0
2002,21.69,8.92,0
2002,22.91,8.61,0
2002,25.43,8.05,0
2002,28.69,6.71,0
2002,29.98,7.3,0
2002,29.41,7.45,0.01
2002,28.94,8.25,0.1
2002,29.37,8.6,0.02
2002,28.61,8.85,0
2002,27.96,8.58,0.03
2002,25.35,9.28,0.02
2002,24.84,8.83,0.16
2002,24.23,8.7,0
2002,23.76,9.45,0.1
2002,23.13,8.52,0.01
2002,21.9,7.43,0
2002,21.43,7.22,0
2002,22.89,6.32,0
2002,26.79,5.74,0
2002,28.05,7.75,0.76
2002,28.22,7.65,0
2002,25,7.88,0
2002,20.8,8.09,0
2002,20.68,7.03,0
2002,23.49,8,0
2002,24.26,7.47,0
2002,23.97,8.36,0
2002,24.82,9.24,0
2002,22.24,9.61,0.05
2002,21.63,8.43,0
2002,24.6,7.43,0
2002,24.29,6.58,0
2002,23.64,5.68,0
2002,23.64,5.35,0
2002,27.56,4.71,0
2002,30,4.68,0
2002,30.07,5.78,0
2002,29.74,7.04,0
2002,28.05,7.36,0
2002,26.06,6.99,0
2002,25.55,7.62,0
2002,24.51,8.57,0
2002,23.5,9.09,0
2002,23.43,9.5,0
2002,21.7,9.98,0.02
2002,20.33,8.73,0.01
2002,21.01,8.92,0
2002,20.41,8.47,0
2002,20.53,7.98,0
2002,22.63,6.84,0
2002,24.72,5.65,0
2002,25.6,5.43,0
2002,24.96,5.13,0
2002,23.17,6.44,0
2002,19.98,7.71,0
2002,22.23,6.15,0
2002,24.68,4.87,0
2002,28.97,5.49,0
2002,32.95,6.28,0
2002,30.69,6.34,0
2002,28.15,7.88,0
2002,27.66,8.14,0.02
2002,26.74,9.07,0.49
2002,24.81,10.02,0.52
2002,21.3,7.5,0.2
2002,21.51,3.44,0
2002,24.87,4.86,0.07
2002,25.72,5.43,0.03
2002,24.64,6.2,0
2002,25.73,5.64,0
2002,26.09,5.89,0
2002,27.95,5.24,0.12
2002,27.55,5.42,0
2002,22.56,5.68,0.01
2002,21.72,6.91,0
2002,22.35,6.68,0.06
2002,25.11,4.43,0
2002,26.05,5.57,0
2002,27.29,5.27,0.05
2002,29.35,4.82,0
2002,30.11,4.14,0
2002,28.42,5.86,0.06
2002,25.9,7.25,0
2002,22.5,6.95,0.01
2002,17.55,8.12,0.02
2002,15.84,8.74,0.26
2002,16.47,8.12,0.25
2002,15.64,8.3,0.05
2002,13.84,7.93,0.04
2002,14.13,5.54,0.01
2002,16.44,3.88,0
2002,19.14,3.91,0
2002,21.42,3.89,0
2002,23.34,3.26,0
2002,24.89,3.77,0
2002,24.13,5.27,0
2002,22.51,5.24,0
2002,18.69,6.98,0
2002,16.26,7.29,0
2002,19.04,5.74,0.03
2002,21.41,3.85,0
2002,19.59,4.92,0
2002,16.93,6.45,0
2002,14.32,7.71,0.08
2002,15.1,8.16,0.05
2002,14.9,7.93,0.02
2002,15.97,7.29,0
2002,16.8,6.89,0
2002,14.72,7.57,0
2002,14.57,7.86,0
2002,14.58,7.12,0
2002,13.6,7.2,0
2002,13.19,6.75,0.43
2002,12.56,6.92,0.09
2002,14.09,6.41,0.02
2002,14.72,5.77,0
2002,13.33,6.83,0
2002,13.7,6.28,0.02
2002,13.51,6.83,0
2002,13.64,6.14,0
2002,14.03,3.77,0
2002,15.3,1.43,0.04
2002,14.5,3.47,0.04
2002,16.74,2.35,0
2002,17.67,2.52,0
2002,13.25,6.26,1.95
2002,14.5,10.21,22.13
2002,14.38,10.17,14.35
2002,12.7,5.58,0.5
2002,14.16,4.87,1.35
2002,16.7,3.73,0.04
2002,17.24,4.54,0.3
2002,15.61,4.15,0
2002,15.84,2.83,0
2002,16.37,2.52,0
2002,15.99,3.35,0.03
2002,14.55,3.05,0
2002,16.27,2.78,0
2002,18.86,4.22,0
2002,19.74,3.99,0
2002,17.96,4.1,0
2002,11.91,6.43,0
2002,13.22,5.4,0.01
2002,11.07,3.1,0.59
2002,12.12,2.16,0.01
2002,12.8,2.9,0.09
2002,14.11,3.46,0.36
2002,12.39,5.8,2.13
2002,11.04,6.57,1.86
2002,10.48,5.43,0.04
2002,11.23,4.97,0.03
2002,11.64,4.72,0.04
2002,11.5,3.71,0.02
2002,13,3.72,0
2002,12.11,5.03,0
2002,11.42,6.42,0
2002,11.71,3.87,0
2002,12.42,3.78,0.01
2002,10.56,4.97,0.18
2002,11.04,4.33,0
2002,12.2,3.89,0
2002,11.87,4.88,2.43
2002,11.13,5.72,0.25
2002,10.76,7.84,5.04
2002,9.83,7.62,17.41
2002,7.21,6.09,6.84
2002,6.04,3.82,0.78
2002,6.73,3.93,0.3
2002,7.3,5.58,13.48
2002,6.96,5.61,2.07
2002,5.58,3.86,0.4
2002,5.27,2.73,0.01
2002,5.74,3.59,0.02
2002,6.17,2.93,0.04
2002,9.01,3.46,0.43
2002,10.16,3.88,0.77
2002,9.89,5.24,3.43
2002,6.47,4.87,1.67
2002,7.2,3.93,0.17
2002,7.16,5.13,0.37
2003,8.56,3.27,0
2003,11.68,3.07,0.04
2003,14.45,3.58,0
2003,16.55,4.07,0
2003,15.44,3.67,0
2003,13.56,3.71,0.05
2003,16.37,4.73,0.02
2003,12.69,7.25,1.32
2003,10.98,7.27,0.17
2003,9.34,6.74,0.01
2003,10.57,5.29,0
2003,12.66,4.51,0
2003,14,3.92,0
2003,14.09,3.84,0
2003,12.44,3.43,0
2003,13.6,2.85,0
2003,14.64,3.02,0.03
2003,15.25,4.16,0
2003,15.15,4.75,0
2003,13.05,5.82,0.37
2003,11.46,6.42,0.19
2003,13.13,5.67,0
2003,14.55,5.35,0
2003,15,5.44,0
2003,15.79,4.93,0
2003,17.13,4.53,0
2003,16.29,4.27,0
2003,15.81,4.98,0
2003,15.4,4.56,0
2003,16.4,4,0
2003,20.08,4.68,0
2003,17.17,6.04,0
2003,9.14,3.2,0
2003,10.45,2.15,0
2003,10.74,2.8,0
2003,8.08,2.51,0
2003,7.52,2.26,0.01
2003,7.49,2.33,0
2003,8.94,2.73,0.02
2003,9.32,2.93,0
2003,9.7,2.19,0.2
2003,8.87,5.65,24.43
2003,11.08,7.82,31.38
2003,11.98,8.72,14.99
2003,12.26,7.37,1.49
2003,12.38,7.55,0.43
2003,12.11,7.35,0.01
2003,11.42,5.35,0
2003,11.25,4.41,0
2003,10.58,4.67,0.13
2003,9.81,4.52,1.08
2003,12.22,3.8,0.04
2003,11.58,5.39,0.04
2003,10.07,5.84,0.84
2003,9.48,6.78,5.18
2003,8.05,6.68,24.58
2003,8.35,6.31,3.62
2003,7.49,6.11,6.71
2003,8.71,5.06,0.25
2003,8.92,5.28,0.42
2003,8.75,3.6,0
2003,7.65,5.21,0.32
2003,7.23,5.71,1.18
2003,9.4,4.53,0
2003,11.34,5.54,0.09
2003,12.09,5.6,0.02
2003,13.64,5.26,0
2003,15.68,4.75,0
2003,15.66,4.64,0
2003,16.09,5.62,0
2003,16.36,6.23,0
2003,15.57,6.64,0.13
2003,14.01,7.43,3.21
2003,11.6,8.64,43.33
2003,11.56,7.07,12.09
2003,8.92,4.97,1.25
2003,10.27,4.32,0
2003,11.02,3.96,0
2003,10.61,5.62,0
2003,13.66,4.74,0
2003,16.06,5.3,0
2003,14.63,6.43,0.02
2003,12.43,7.34,0
2003,16.3,5.6,0
2003,17.78,6.85,0
2003,14.62,4.69,0
2003,12.46,2.82,0
2003,14.32,3.07,0
2003,17.59,3.88,0
2003,18.73,4.72,0
2003,13.14,6.3,0.01
2003,10.07,5.78,0.42
2003,8.38,4.69,0.03
2003,8.84,5.37,0.42
2003,9.04,4.01,0.13
2003,10.72,4.43,0
2003,14.88,4.33,0
2003,17.5,3.81,0.03
2003,18.58,4.3,0
2003,15.65,6.11,0
2003,14.47,7.87,0.02
2003,12.52,7.52,0.95
2003,12.67,7.75,5.46
2003,10.14,7.21,24.93
2003,9.67,5.43,1.12
2003,10.96,4.63,0
2003,9.41,6.14,0.54
2003,11.15,6.11,0.12
2003,13.17,4.35,0
2003,15.01,5.09,0
2003,10.29,6.7,0.53
2003,8.62,5.32,0.27
2003,11.75,5.99,0.02
2003,12.29,6.51,0
2003,12.22,6.83,0.06
2003,13.29,5.94,0
2003,12.36,6.19,0
2003,11.81,6.51,0.08
2003,11.07,5.38,0
2003,12.81,5.15,0
2003,13.34,5.36,0.09
2003,11.94,5.73,0.47
2003,11.76,7.52,11.73
2003,12.99,6.65,0.67
2003,14.2,6.32,0
2003,12.7,7.22,0.1
2003,11.26,6.92,0.93
2003,11.49,6.52,0.19
2003,11.83,4.79,0
2003,13.58,4.77,0
2003,16.97,4.53,0.06
2003,17.92,5.37,0
2003,15.91,5.93,0.01
2003,13.47,6.71,0
2003,16.5,7.33,0
2003,19.53,6.28,0
2003,18.49,7.31,0.01
2003,17.9,6.51,0
2003,21.53,5.4,0
2003,24.49,5.45,0
2003,25.58,5.68,0
2003,24.08,6.95,0
2003,20.09,7.44,0
2003,17.74,8.43,0
2003,17.26,8.41,0
2003,19.86,8.55,0
2003,25.28,7.66,0.02
2003,28.21,7.07,0.99
2003,23.45,8.15,0
2003,21.38,7.69,0
2003,21.4,7.52,0
2003,22.5,7.45,0.01
2003,22.86,8.14,0
2003,19.56,8.81,0
2003,19.64,9.31,0.03
2003,19.3,9.82,0.01
2003,19.23,9.02,0.03
2003,20.1,8.91,0.02
2003,20.24,8.83,0.03
2003,18.17,9.08,0.06
2003,16.88,8.46,0.06
2003,16.98,8.64,0.01
2003,17.22,8.28,0
2003,19.18,7.87,0
2003,21.85,7.66,0
2003,22.52,7.27,0
2003,22.07,7.94,0
2003,22.19,8.21,0
2003,21.13,9.08,0
2003,18.24,9.2,0.12
2003,16.07,8.68,0.22
2003,16.55,8.57,0.11
2003,17.39,8.18,0.13
2003,16.68,7.41,0.03
2003,19.6,6.43,0.03
2003,25.28,5.27,0
2003,27.6,5.52,0
2003,26,7.56,0
2003,23.91,8.17,0
2003,24.99,6.99,0
2003,26.31,5.79,0
2003,26.8,6.44,0
2003,26.45,7.14,0
2003,26.88,7.03,0
2003,27.04,6.2,0
2003,25.97,6.79,0
2003,24.44,6.31,0
2003,23.31,7.27,0
2003,24.57,7.06,0
2003,26.94,7.15,0
2003,29.61,7.44,0
2003,27.73,8.31,0
2003,27.07,8.48,0
2003,28.24,8.03,0
2003,29.58,7.67,0
2003,30.15,7.89,0.02
2003,32.02,8.6,0
2003,29.44,9.16,0.01
2003,26.37,10.68,0.03
2003,25.78,11.61,0
2003,25.96,9.62,0
2003,27.52,8.83,0.03
2003,26.03,9.94,0.01
2003,25.73,9.97,0
2003,24.69,9.08,0
2003,24.42,8.33,0
2003,25.54,8.62,0.2
2003,26.84,9.56,0.09
2003,23.61,11.07,0.79
2003,24.44,10.93,1.43
2003,24.85,9.99,0.81
2003,24.98,10.65,1.04
2003,24.31,10.11,1.04
2003,24.12,9.88,0.01
2003,23.68,9.41,0.09
2003,24.33,7.79,0
2003,24.84,6.09,0
2003,23.25,7.94,0
2003,25.77,6.41,0
2003,27.95,5.73,0.04
2003,29.57,6.49,0.06
2003,30.22,6.16,0
2003,30.25,6,0.01
2003,29.96,6.54,0
2003,29.88,5.77,0
2003,30.31,5.76,0.01
2003,29.02,6.79,0.15
2003,28.41,7.13,0
2003,29.3,6.94,0
2003,27.94,7.76,0
2003,25.54,8.46,1.39
2003,25.92,9.32,2.4
2003,24.95,11.7,0.19
2003,22.19,10.19,0
2003,24.96,8.18,0.17
2003,28.02,9.23,0.66
2003,27.44,8.64,0.49
2003,27.38,8.6,1.29
2003,28.07,8.76,0.83
2003,28.05,7.91,0.02
2003,26.73,5.87,0
2003,26.42,7.19,0.04
2003,25.93,9.46,0.05
2003,26.01,9.52,0.06
2003,27.75,9.3,0.03
2003,27.67,10.24,0.29
2003,29.38,8.7,0.5
2003,29.64,9.25,0.19
2003,28,7.68,0
2003,26,7.63,0
2003,22.06,7.14,0
2003,19.25,8.87,0
2003,21.56,8.15,0
2003,25.88,5.39,0
2003,25.67,6.66,0
2003,24.45,8.18,0
2003,26.03,8.47,0
2003,24.82,7.8,0
2003,23.71,6.88,0
2003,21.51,7.75,0
2003,24.26,4.89,0
2003,25.71,5.26,0
2003,26.96,5.06,0
2003,28.65,4.06,0.02
2003,29.47,4.79,0
2003,26.44,6.9,0
2003,20.71,8.8,0
2003,23.6,7.82,0
2003,26.1,6.49,0
2003,25.51,6.76,0
2003,24.48,9.42,0
2003,23.87,9.84,0.04
2003,23.43,7.7,0
2003,20.72,6.69,0
2003,18.93,7.87,0
2003,18.27,9,0
2003,19.91,8.55,0
2003,21,8.25,0
2003,22.17,7.96,0
2003,21.46,7.28,0
2003,24.1,5.64,0
2003,22.71,7.27,0.02
2003,18.81,9.19,0.04
2003,22.05,6.98,0
2003,23.63,5.43,0
2003,23.66,4.71,0
2003,22.97,5.01,0
2003,20.57,5.37,0
2003,22.23,4.6,0
2003,25.49,5.18,0
2003,26.1,6.27,0
2003,26.45,5.8,0
2003,27.99,3.89,0
2003,27.79,2.81,0
2003,27.55,2.92,0
2003,26.81,2.83,0
2003,24.68,3.22,0
2003,22.92,2,0
2003,22.65,1.87,0
2003,23.83,2.81,0
2003,23.17,3.83,0
2003,16.53,8.43,0
2003,13.35,7.68,0.15
2003,11,5.96,2.51
2003,11.63,5.57,1.75
2003,9.67,4.21,0.05
2003,9.67,5.87,0.8
2003,10.39,5.14,0.04
2003,11.51,3.53,0.03
2003,14.03,3.95,0.03
2003,14.08,5.69,0
2003,14.26,6.33,0.01
2003,13.81,8.81,0.01
2003,14.79,7.5,0
2003,15.13,5.85,3.65
2003,12.31,7.13,13.04
2003,12.06,6.67,1.22
2003,11.91,6.45,0.15
2003,10.4,6.8,1.8
2003,9.97,5.63,0.71
2003,11.06,5.64,0
2003,14.68,4.57,0
2003,16.95,4.28,0
2003,14.73,6.63,0
2003,11.55,7.25,0.02
2003,6.69,2.48,0
2003,7.59,1.76,0
2003,9.3,3.13,0
2003,9,5.66,0
2003,8.65,3.78,0
2003,10.78,2.32,0
2003,11.5,2.38,0
2003,14.13,2.47,0
2003,13.38,3.92,0.01
2003,11.67,5.85,0
2003,12.31,4.96,0
2003,12.75,3,0
2003,13.61,3.09,0
2003,15.32,3.78,0
2003,14.63,6.46,0.11
2003,12.33,8.44,2.2
2003,8.34,3.66,0
2003,9.1,2.89,0.1
2003,8.84,6.33,0.38
2003,7.53,5.14,0.82
2003,7.98,3.39,0
2003,9.74,4.09,0.24
2003,6.55,5.7,1.24
2003,5.68,2.58,0
2003,7.92,1.76,0.12
2003,10.75,1.85,0
2003,14.17,2.51,0
2003,13.6,3.24,0.04
2003,11.92,6.68,0.07
2003,10.8,6.06,0.02
2003,11.47,3.72,0.01
2003,9.7,4.6,1.24
2003,10.08,7.29,2.08
2003,10.62,8.19,21.17
2003,4.49,3.75,1.62
2003,3.72,2.41,0
2003,5.15,2.05,0
2003,5.64,2.86,0.02
2003,7.43,2.65,0.03
2003,7.34,2.49,0
2004,7.43,4.3,0.06
2004,8.09,6.89,5.43
2004,5.37,3.34,0.85
2004,5,1.67,0.02
2004,6.52,1.6,0
2004,8.42,2.36,0
2004,11.25,5.46,0
2004,12.45,4.01,0
2004,12.71,3.47,0
2004,13.8,3.63,0
2004,13.7,3.46,0
2004,13.88,4.17,0
2004,14.49,4.08,0
2004,13.93,3.64,0
2004,12.1,3.59,0
2004,10.84,3.46,0
2004,10.15,3.53,0
2004,10.34,4.45,0.02
2004,11.03,5.5,0.48
2004,8.52,5.5,0.23
2004,8.55,3.3,0.17
2004,8.63,2.49,0.57
2004,10.64,3.13,0.01
2004,6.87,5.18,0.06
2004,8.72,4.62,0.17
2004,7.77,3.35,0
2004,9.52,5.31,0.05
2004,10.14,5.15,0.53
2004,10.96,4.15,0
2004,11.26,5.47,0
2004,8.83,4.39,0.03
2004,8.37,3.79,0.01
2004,9.03,5.62,9.89
2004,6.3,5.2,6.71
2004,7.4,4.06,0.28
2004,7.5,2.5,0.03
2004,9.06,2.28,0
2004,10.43,2.59,0
2004,9.14,2.27,0
2004,7.7,2.05,0
2004,8.11,2.26,0
2004,9.5,2.31,0
2004,8,1.76,0
2004,8.23,1.65,0
2004,10.44,2.78,0
2004,11.05,4.3,0.06
2004,13.27,5.13,0
2004,15.99,4.23,0
2004,9.85,5.26,5.92
2004,10.16,5.29,1
2004,9.28,5.77,3.84
2004,7.36,5.8,4.8
2004,8.9,6.56,19.38
2004,8.16,5.9,8.04
2004,8.88,6.22,0.91
2004,10.31,6.32,4.03
2004,9.41,6.31,27.17
2004,7.05,4.84,2.11
2004,7.76,4.11,0.17
2004,8.71,4.64,0.01
2004,8.53,5.79,4.05
2004,8.47,5.43,10.13
2004,11.76,4.45,0.56
2004,11.14,6.21,1.34
2004,12.21,6.09,0
2004,14.66,6.08,0
2004,17.45,5.07,0
2004,19.54,5.1,0
2004,20.03,5.33,0
2004,18.92,5.2,0
2004,20.03,5.1,0
2004,16.2,6.94,0
2004,17.26,6.07,0
2004,18.34,5.38,0
2004,18.35,6.15,0
2004,20.42,4.6,0
2004,20.89,4.37,0
2004,20.3,6.09,0
2004,19.41,6.42,0
2004,20.76,5.79,0
2004,20.32,6.46,0
2004,20.78,5.98,0
2004,14.4,7.21,0
2004,13.68,6.76,0
2004,13.95,6.62,0
2004,13.24,6.38,0.11
2004,15.43,4.57,0
2004,18.95,3.63,0
2004,21.21,3.29,0
2004,19.82,4.65,0
2004,16.09,6.34,0
2004,11.68,7.18,1.89
2004,12.13,6.41,2.78
2004,13.92,7.52,2.11
2004,15.1,7.22,0.14
2004,14.5,7.35,0
2004,13.48,6.82,0
2004,15.08,5.93,0.27
2004,15.26,7.44,3.53
2004,17.42,7.7,0
2004,17.4,6.64,0
2004,18.14,3.6,0
2004,18.3,4.84,0
2004,16.21,4.49,0
2004,14.34,5.99,0
2004,14.45,6.6,0
2004,12.88,6.81,0.12
2004,9.15,5.97,3.49
2004,11.64,5.2,0.05
2004,12.56,5.51,0.09
2004,14.22,6.27,0
2004,15.12,6.47,0
2004,15.36,4.46,0
2004,18.85,3.61,0
2004,21.05,3.84,0
2004,23.42,3.95,0
2004,25.39,3.92,0
2004,25.08,4.14,0
2004,19.03,6.7,0
2004,15.96,6.27,0
2004,18.54,4.37,0
2004,23.47,4.13,0
2004,26.23,4.06,0
2004,27.86,4.34,0
2004,25.4,5.46,0
2004,21.27,5.78,0
2004,21.77,4.59,0
2004,22.53,5.35,0
2004,21.1,4.64,0
2004,20.3,4.59,0
2004,16.39,6.81,0
2004,15.71,5.29,0
2004,16.79,4.81,0
2004,20.52,4.34,0
2004,22.82,4.56,0
2004,21.66,5.84,0
2004,18.99,7.84,0
2004,17.34,8.52,0
2004,16.92,6.99,0
2004,16.84,7.25,0
2004,15.98,7.52,0
2004,15.53,7.55,0
2004,16.42,6.9,0.05
2004,16.15,7.43,0
2004,14.82,6.97,0
2004,14.06,6.49,0
2004,16.82,7.14,0
2004,17.76,8.16,0
2004,17.31,9.09,0.01
2004,18.75,6.57,0.01
2004,23.34,5.4,0.08
2004,24.28,5.59,0
2004,23.65,6.59,0
2004,23.52,7.24,0
2004,23.52,7.78,0
2004,24.49,6.67,0
2004,23.78,6.51,0
2004,21.56,7.69,0
2004,19.79,9.17,0
2004,17.15,7.45,0
2004,15.51,6.69,0
2004,18.46,6.31,0
2004,20.34,6.47,0
2004,21.23,6.82,0
2004,21.92,7.09,0
2004,22.36,7.82,0
2004,21.27,8.34,0
2004,20.2,8.6,0.07
2004,19.61,7.79,0.05
2004,19.68,7.55,0
2004,19.78,8.87,0.01
2004,21.15,8.58,0
2004,20.23,8.55,0
2004,21.61,8.63,0
2004,22.11,7.97,0
2004,24.04,7.47,0
2004,25.09,6.52,0
2004,24.57,6.45,0
2004,22.16,8.62,0
2004,19.79,8.17,0
2004,18.53,7.37,0
2004,18.42,7.65,0
2004,19.52,7.41,0
2004,20.16,7.72,0
2004,20.89,8.9,0
2004,22.34,9.16,0
2004,23.32,8.22,0
2004,23.65,7.86,0
2004,20.75,7.58,0
2004,19.8,7.98,0
2004,21.74,7.51,0
2004,25.83,5.67,0.08
2004,28.82,5.96,0.01
2004,29.53,6.22,0
2004,28.61,5.63,0
2004,28.12,5.41,0.02
2004,26.54,5.43,0.02
2004,26.49,6.73,0
2004,27.24,6.91,0
2004,27.81,8.2,0
2004,28.32,8.14,0
2004,28.19,7.68,0
2004,26.62,8.2,0
2004,25.22,8.74,0
2004,25.15,8.49,0
2004,26.15,7.45,0
2004,28.62,7.1,0
2004,28.4,6.55,0
2004,24.9,6.37,0
2004,22.98,6.91,0
2004,23.31,7.22,0
2004,23.32,7.92,0
2004,23.43,7.41,0.01
2004,22.8,7.55,0
2004,20.63,7.63,0
2004,21.91,6.78,0
2004,22.56,6.69,0
2004,22.03,6.83,2.59
2004,25.1,4.34,0
2004,27.29,5.47,0
2004,28.58,6.53,0
2004,29.63,7.62,0
2004,30.7,6.91,0
2004,29.44,7.7,0
2004,27.43,7.93,0.02
2004,26.16,8,2.17
2004,25.03,10.29,1.69
2004,23.71,9.42,0.15
2004,24.9,8.45,0.03
2004,25.63,7.26,0.03
2004,25.29,7.03,0
2004,23.49,7.06,0
2004,22.78,8.59,0
2004,21.31,9.23,0
2004,19.8,8.44,0
2004,19.15,8.78,0
2004,20.18,9.54,0.01
2004,22.31,10.16,0
2004,21.92,10.99,0
2004,23.19,8.75,0.01
2004,24.46,7.03,0
2004,25.09,5.76,0
2004,25.72,5.23,0
2004,28.8,3.94,0
2004,29.68,4.59,0
2004,27.39,6.48,0
2004,20.76,8.33,0
2004,23.81,4.88,0
2004,27.46,2.87,0
2004,27.01,4.86,0
2004,27.56,5.83,0
2004,29.64,6.91,0
2004,27.85,9.6,0.28
2004,28.68,9.93,0.43
2004,28.3,9.17,1.27
2004,25.77,8.27,0
2004,22.04,9.65,0
2004,21.4,9.54,0
2004,22.47,10.47,0
2004,22.33,9.53,0
2004,20.9,8.75,0
2004,19.55,9.47,0
2004,16.78,7.74,0
2004,16.6,5.29,0
2004,19.55,2.75,0
2004,21.93,2.53,0
2004,24.38,3.77,0
2004,25.94,4.25,0
2004,26.3,4.88,0
2004,25.91,5.46,0
2004,23.69,6.13,0
2004,18,7.63,0
2004,16.9,8.33,0
2004,17.23,8.67,0.01
2004,18.63,8.19,0
2004,20.61,7.3,0
2004,21.6,7.12,0
2004,20.52,7.25,0
2004,22.39,5.87,0
2004,23.84,5.09,0
2004,24.05,4.55,0
2004,25.79,3.58,0
2004,20.64,6.49,0
2004,17.17,7.42,0
2004,19.9,6.1,0.03
2004,22.24,6.26,0.01
2004,22.66,5.31,0
2004,22.79,3.51,0
2004,20.23,6.19,0
2004,15.29,8.28,1.85
2004,15.23,9.56,11.7
2004,14.8,9.59,5.67
2004,14.53,9.91,18.86
2004,13.65,9.3,42.46
2004,12.15,6.46,0.34
2004,13.11,6.21,0.01
2004,14.04,6.27,0
2004,14.4,7.81,0.01
2004,13.83,8.14,0.01
2004,12.25,7.69,10.74
2004,10.29,6.78,36
2004,10.63,6.62,2.12
2004,11.23,5.27,0
2004,12.65,5.23,0
2004,12.32,5.23,0
2004,10.58,2.85,0
2004,12.75,3.27,0
2004,13.41,4.73,0
2004,10.44,4.85,0
2004,11.51,5.4,0
2004,12.35,6.56,0
2004,12.2,7.08,0.76
2004,11.23,7.35,1.41
2004,12.06,7.48,0.11
2004,12.53,7.4,0
2004,11.88,7.52,0.01
2004,12.58,6.48,0.03
2004,11.88,5.84,0.04
2004,12.54,4.82,0
2004,13.29,4.4,0
2004,14.42,4.55,0
2004,14.74,5.27,0
2004,15.02,5.44,0
2004,13.93,6.28,0
2004,10.82,5.7,0.3
2004,4.57,4.06,15.95
2004,6.19,4.75,2.8
2004,8.21,5.26,0
2004,9.7,4.45,0
2004,11.13,4.7,0
2004,11.13,5.99,0
2004,9.48,7.14,1.88
2004,5.58,2.98,0.04
2004,3.27,2.02,1.67
2004,5.21,2.1,0
2004,5.17,2.22,0
2004,5.67,2.53,0
2004,7.41,2.56,0
2004,7.09,4.27,0.22
2004,5.65,5.29,6.24
2004,6.27,5.21,0.11
2004,7.67,6.32,1.02
2004,9.64,7.22,1.79
2004,11.21,6.36,0.06
2004,15.1,5.58,0
2004,16.52,5.48,0
2004,14.25,6.62,0
2004,13.41,6.15,0
2004,14.76,5.11,0
2004,13.05,4.19,0
2004,12.06,3.23,0
2004,11.16,3.24,0
2004,11.79,3.17,0
2004,14.17,3.53,0
2004,13.36,4.61,0
2004,10.46,5.01,0
2004,7.32,2.59,0
2004,6.39,2.26,0
2004,7.38,2.52,0
2004,8.5,3.42,0
2004,8.3,4.65,0.01
2004,9.62,6.28,0.69
2004,9.91,7.62,35.77
2004,9.32,7.34,38.07
2004,7.93,5.82,1.11
2004,7.32,6.37,10.71
2005,6.71,5.11,0.41
2005,7.04,5.8,2.06
2005,7.2,6.25,19.57
2005,5.19,5.02,4.5
2005,5.74,5.14,0.61
2005,5.94,5.16,0.01
2005,6.85,6.52,17.16
2005,10.4,7.99,15.87
2005,12.5,9.45,62.52
2005,12.39,9.31,35.8
2005,8.44,6.38,28.23
2005,6.55,4.23,0.03
2005,6.82,3.83,0.47
2005,8.55,3.69,0
2005,10.47,3.94,0
2005,12.15,5.06,0
2005,12.22,5.45,0
2005,12.98,5.71,0
2005,14.57,5.68,0
2005,14.18,6.32,0
2005,13.9,6.62,0
2005,13.73,6.73,0
2005,14.17,7.02,0
2005,13.82,7.68,0.02
2005,12.44,8.69,0.04
2005,11.35,8.16,3.37
2005,8.98,6.45,0.71
2005,8.62,6.77,7.19
2005,7.44,5.05,1.64
2005,7.44,4.28,0
2005,7.97,3.9,0
2005,9.01,4.12,0
2005,8.66,4.02,0
2005,8.96,3.94,0
2005,10.92,4.28,0
2005,9.98,4.98,0
2005,8.62,6.82,0.81
2005,9.01,6.77,0.64
2005,10.24,5.94,0.04
2005,10.62,4.58,0
2005,10.16,5.68,2.4
2005,10.9,7.9,31.38
2005,10.88,7.73,6.45
2005,11.47,7.66,0.18
2005,10.77,7.27,0
2005,10.76,6.34,0
2005,12.23,6.57,0.03
2005,12.72,7.74,2.04
2005,10.82,8.04,17.22
2005,10.13,7.6,27.28
2005,9.88,7.1,11.05
2005,9.65,7.38,34.41
2005,9.1,6.96,20.72
2005,9.15,6.05,15.83
2005,10.22,5.9,0.34
2005,10.82,6.07,0.29
2005,10.98,6.77,0.26
2005,11.25,6.78,0.04
2005,10.95,7.06,0.01
2005,11.03,7.05,0
2005,10.7,7.31,0.06
2005,11.87,7.25,0.46
2005,9.92,6.98,3.96
2005,10.55,6.66,1.63
2005,12.51,6.37,0.19
2005,14.52,5.47,0
2005,16.19,6.26,0
2005,17.66,6.65,0.01
2005,19.21,6.69,0.01
2005,18.2,7.6,0
2005,15.9,7.79,0.01
2005,12.04,7.91,0.02
2005,11.04,4.84,0.09
2005,10.94,3.61,0
2005,12.73,4.68,0
2005,12.08,7.47,0
2005,10.84,6.53,0.94
2005,10.95,7.68,5.73
2005,10.11,6.81,1.73
2005,11.16,6.29,0.07
2005,11.2,7.82,9.19
2005,9.13,6.41,6.32
2005,7.93,5.94,0.92
2005,9.63,5.21,0.01
2005,12.24,4.79,0.04
2005,13.95,5.81,0
2005,11.04,6.59,0.56
2005,10.62,5.87,0
2005,11.4,5.02,0
2005,11.57,3.89,0
2005,14.59,4.44,0
2005,15.79,4.99,0
2005,11.35,6.66,0.01
2005,10.87,5.47,0.05
2005,14.8,4.96,0
2005,16.39,5.83,0
2005,12.51,6.72,0.02
2005,10.49,5.56,0.21
2005,9.85,5.39,0.34
2005,12.62,4.72,0
2005,15.48,5.21,0
2005,16.61,5.92,0
2005,14.65,6.1,0
2005,14.37,4.66,0
2005,17.1,5.38,0
2005,18.87,6.11,0
2005,15.63,6.71,0
2005,11.86,7.13,0
2005,11.28,6.21,0
2005,12.61,5.22,0
2005,15.91,5.25,0
2005,14.18,7.07,0.41
2005,12.71,6.56,1.04
2005,11.92,7.26,1.14
2005,13.63,7.2,0.12
2005,14.85,7.56,0.01
2005,12.3,6.77,0.04
2005,11.84,7.26,11.44
2005,13.62,7.14,0.34
2005,15.02,7.37,0
2005,14.62,8.01,0
2005,15.47,8.48,0
2005,16.46,8.22,0
2005,15.74,8.27,0.35
2005,13.22,8.51,4.35
2005,12.37,7.6,2.87
2005,13.46,7.56,0.05
2005,14.4,7.87,0.06
2005,13.18,7.91,0.38
2005,13.03,5.68,0
2005,15.04,5.88,0
2005,18.5,6.04,0
2005,21.11,6.71,0
2005,21.87,7.57,0
2005,21.2,8.53,0
2005,15.73,9.56,0
2005,16.07,7.04,0
2005,18.45,8.74,0
2005,21.88,9.06,0
2005,23,9.69,0
2005,23.72,7.64,0
2005,24.12,8.1,0
2005,21.64,9.55,0
2005,19.57,10.13,0
2005,20.41,8.86,0
2005,20.59,7.65,0
2005,18.73,9.47,0.05
2005,18.85,9.88,0.12
2005,16.67,8.51,0.04
2005,17.81,8.01,0
2005,18.94,8.76,0
2005,18.53,10.21,0
2005,17,9.39,0.04
2005,18.92,7.79,0.02
2005,18.48,8.73,0.01
2005,17.29,8.71,0.02
2005,15.71,6.25,0
2005,16.34,5.69,0
2005,17.77,7.19,0
2005,17.88,9.43,0
2005,18.98,9.59,0
2005,19.17,9.15,0.02
2005,19.9,9.71,0.02
2005,23.54,9.37,0
2005,22.39,8.99,0
2005,20.12,9.63,0
2005,18.04,8.94,0.02
2005,16.51,8.31,0.01
2005,16.46,6.67,0
2005,18.32,5.97,0
2005,22.25,5.25,0
2005,24.68,6.08,0
2005,23.86,6.37,0
2005,20.68,6.29,0
2005,20.86,5.55,0
2005,17.82,6.52,0.01
2005,18.11,7.22,0
2005,17.67,6.53,0
2005,19.38,7.56,0
2005,22.54,8.14,0
2005,23.66,7.98,0
2005,24.03,8.11,0
2005,23.2,9.52,0.02
2005,22.01,8.12,0
2005,22.61,7.34,0
2005,22.54,7.29,0
2005,22.79,7.96,0
2005,23.55,8.76,0
2005,22.35,9.82,0
2005,21.87,10.32,0
2005,22.8,10.38,0
2005,24.77,9.02,0
2005,26.6,7.94,0
2005,29.3,7.5,0
2005,30.11,8.01,0
2005,27.5,11.51,0
2005,27.06,9.97,0
2005,27.72,10.26,0
2005,29.3,9.69,0
2005,29.66,11.25,0
2005,28.66,10.91,0.5
2005,30.49,10.96,0
2005,31.04,11.17,0.77
2005,27.68,13.93,0.25
2005,25.99,15.04,7.16
2005,25.98,10.96,0.04
2005,26.35,10.95,0.01
2005,27.23,10.22,0.01
2005,27.63,10.29,0
2005,27.52,9.59,0.27
2005,27.93,9.88,0.27
2005,28.94,10.9,0.24
2005,26.84,8.29,0.1
2005,25.78,8.26,0.2
2005,26.08,8.25,0.04
2005,27.52,8.44,0.58
2005,27.67,9.22,0.62
2005,29.04,10.37,0.3
2005,26.94,10.73,0.3
2005,26.91,8.95,0.05
2005,24.94,10.72,0.55
2005,25.07,11.1,0
2005,25.08,10.26,0.02
2005,23.39,9.4,0
2005,21.09,8.84,0
2005,20.44,9.27,2.97
2005,21.48,9.41,0.5
2005,21.93,9.02,0.03
2005,22.8,7.46,0
2005,21.78,7.84,0
2005,21.48,7.63,0.01
2005,24.66,7.16,0
2005,26.92,5.94,0
2005,26.5,5.85,0
2005,24.36,6.75,0
2005,25.29,5.92,0
2005,28.78,9.07,0
2005,29.96,9.35,0
2005,29.77,9.11,0
2005,30.06,8.14,0
2005,28.43,8.27,0
2005,25.91,8.15,0
2005,22.95,6.38,0
2005,22.71,6.26,0
2005,24.59,4.72,0
2005,24.62,4.41,0
2005,24.29,3.92,0
2005,24.61,3.95,0
2005,25.12,3.45,0
2005,24.55,3.94,0
2005,22.07,5.03,0
2005,17.13,8.8,0
2005,17.16,9.34,0.13
2005,17.2,7.8,0
2005,17.04,7.02,0
2005,16.23,7.63,0
2005,17.73,7.49,0
2005,18.96,7.79,0
2005,17.9,8.1,0
2005,18.69,7.11,0
2005,20.22,6.91,0
2005,23.07,5.72,3
2005,23.03,9.5,4.01
2005,22.56,7.71,0.28
2005,23.54,6.1,0.04
2005,20.99,8.22,0
2005,17.2,8.55,0
2005,19.72,4.32,0
2005,24.65,5.66,0.1
2005,22.79,4.54,0
2005,23.88,4.52,0
2005,26.27,3.84,0
2005,26.21,4.14,0
2005,24.27,6.91,0.61
2005,19.67,7.95,0.88
2005,18.3,6.15,0
2005,18.28,2.91,0
2005,21.25,2.01,0
2005,22.4,2.14,0
2005,22.01,3.88,0
2005,15.46,7.73,0
2005,16.85,5.01,0
2005,19.25,3.24,0
2005,19.55,4.18,0
2005,19.83,4.56,0
2005,23.01,3,0
2005,23.96,2.96,0
2005,17.49,6.21,0.43
2005,17.19,7.54,6.84
2005,15.97,9.87,18.07
2005,12.75,8.02,6.02
2005,15.6,8.26,0.01
2005,17.83,7.81,0
2005,18.6,6.95,0
2005,17.26,7.56,0.02
2005,16.8,7.81,0.02
2005,15.82,8.28,0.17
2005,14.49,8.24,0.1
2005,14.96,7.55,0
2005,13.23,8.18,0.01
2005,13.97,7.19,0
2005,14.66,6.46,0
2005,16.11,5.36,0
2005,18.77,4.34,0
2005,19.86,3.89,0
2005,17.03,6.48,0
2005,14.06,7.68,0
2005,12.29,5.55,0
2005,14.36,5.36,0
2005,16.77,5.53,0
2005,14.87,6.97,0
2005,13.46,7.74,0.02
2005,13.19,8.77,0.88
2005,12.72,7.52,0.89
2005,11.66,7.09,0.04
2005,13.3,5.31,0.1
2005,16.24,4.47,0
2005,17.2,4.76,0
2005,15.96,3.18,0
2005,15.02,2.43,0
2005,16.04,3.1,0
2005,16.04,2.86,0
2005,16.04,2.6,0
2005,16.84,3.02,0
2005,16.54,2.8,0
2005,17.24,3.32,0
2005,15.93,3.49,0
2005,16.65,3.41,0
2005,14.4,5.61,0.02
2005,10.49,4.16,0.04
2005,7.46,1.44,0.02
2005,9.63,2.23,0
2005,11.38,5.31,0.02
2005,12.74,6.01,0.02
2005,13.67,6.19,0.01
2005,11.85,8.37,0.93
2005,8.64,3.36,0
2005,7.52,1.6,0.23
2005,8.01,1.63,0
2005,9.59,1.83,0
2005,10.38,2.15,0
2005,11.11,2.7,0.46
2005,10.8,3.08,0.73
2005,11.88,2.71,0.04
2005,12.45,3.1,0
2005,10.99,5.58,0
2005,10.61,5.16,0
2005,10.5,3.1,0
2005,8.54,1.88,0
2005,6.87,3.21,0
2005,7.77,5.68,0
2005,8.37,6,0.01
2005,12.35,4.62,0
2005,15.18,4.3,0
2005,17.53,4.12,0
2005,16.68,6.24,0
2005,16,6.9,0.01
2005,17.32,4.35,0
2005,14.26,7.1,0.02
2005,10.93,7.39,0.25
2005,11.44,3.89,0
2005,12.46,5.47,0.07
2005,9.84,4.71,0.04
2005,11.45,4.5,0
2005,9.69,7.32,6.08
2006,10.23,6.69,2.18
2006,10.5,8.05,23.75
2006,8.48,4.69,2.87
2006,13.1,3.47,0
2006,15.75,3.12,0
2006,16.13,2.86,0.02
2006,12.53,4.3,0
2006,11.02,3.67,0
2006,11.27,2.58,0
2006,11.53,2.24,0
2006,12.48,3.4,0
2006,11.93,4.39,0
2006,12.49,4.67,0
2006,9.13,7.05,0.52
2006,6.41,4.06,1.32
2006,6.42,1.84,0
2006,9.79,2.66,0
2006,8.81,5.37,0.01
2006,6.87,3.42,0
2006,7.31,2.13,0.01
2006,8,2.02,0
2006,8.3,2.17,0
2006,9.35,1.81,0
2006,10.96,2.37,0
2006,8.52,4.33,0
2006,8.86,5.67,0.01
2006,8.2,4.32,0
2006,9.41,4.53,0
2006,9.91,5.4,0
2006,11.47,5.28,0
2006,10.54,4.45,0
2006,12.03,4.82,0
2006,11.88,5.99,0
2006,15.53,5.19,0.03
2006,16.03,4.56,0.01
2006,14.82,3.16,0
2006,13.93,1.9,0
2006,14.06,1.89,0
2006,15.55,2.2,0
2006,16.21,2.48,0
2006,15.35,3,0
2006,14.42,2.14,0
2006,15.78,1.92,0
2006,16.98,2.38,0
2006,13.86,5.61,0
2006,9.01,5.03,0.01
2006,6.11,2.5,0
2006,7.26,4.23,1.46
2006,6.69,4.89,1.22
2006,5.36,4.57,4.52
2006,5.13,2.74,0
2006,5.72,1.9,0
2006,8.81,2.15,0
2006,11.66,2.61,0.13
2006,13.07,2.73,0
2006,14.35,2.7,0
2006,14.77,3.15,0
2006,11.88,5.3,10.96
2006,11.47,6.94,26.89
2006,9.67,4.77,0
2006,9.16,4.47,0.01
2006,6.76,5.78,4.33
2006,8.02,3.78,0
2006,10.24,3.41,0
2006,10,5.81,1.15
2006,9.82,6.13,1.65
2006,9.35,4.36,0.99
2006,9.01,5.63,0.12
2006,5.3,4.68,3.2
2006,2.96,4.37,7.86
2006,3.88,4.13,1.66
2006,7.58,3.88,0.48
2006,9.47,4.21,0
2006,9.16,4.25,0
2006,10.62,3.92,0
2006,7.72,5.7,2.01
2006,7.2,5,3.65
2006,7.54,5.07,1.15
2006,8.3,5.65,4.01
2006,7.73,4.63,4.63
2006,11.07,3.65,0
2006,15.42,3.14,0
2006,16.77,3.44,0
2006,13.83,5.39,0.13
2006,13.01,5.01,0.03
2006,12.15,5.72,0.58
2006,10.15,7.08,12.31
2006,9.29,5.77,7.13
2006,10.81,5.66,1.11
2006,9.17,5.6,0.11
2006,9.99,6.57,2.33
2006,12.71,5.04,0.02
2006,13.41,6.61,1.75
2006,12.24,8.08,15.85
2006,8.02,5.97,9.31
2006,9.93,5.1,0.02
2006,10.99,5.69,0
2006,11.53,5.54,0
2006,10.66,5.61,0
2006,10.92,6.33,0.22
2006,12.71,6.19,0.03
2006,13.81,5.56,0
2006,18.63,5.3,0
2006,12.7,7.11,9.07
2006,12.09,7.19,1.78
2006,11.74,6.58,0.13
2006,11.83,5,0.01
2006,14.56,3.39,0
2006,16.49,3.39,0
2006,17.69,4.26,0
2006,14.47,6.31,0
2006,10.94,6.53,0.94
2006,10.56,5.83,0.48
2006,12.79,6.44,0.01
2006,13.03,6.99,0.01
2006,11.57,6.03,0.1
2006,13.25,7.13,0.2
2006,16.45,8.24,0.04
2006,17.47,8.86,0.01
2006,18.59,8.77,0
2006,18.9,8.71,0.01
2006,17.31,8.27,0.01
2006,15.46,8.26,0
2006,13.89,7.31,0
2006,15.77,7.65,0.39
2006,16.11,7.77,0.02
2006,18.09,7.51,0
2006,18.29,8.3,0
2006,18.62,8.3,0
2006,22.57,7.87,0.01
2006,22.78,7.5,0.01
2006,20.22,7.63,0.01
2006,19.29,8.12,0
2006,21.47,7.56,0
2006,20.24,8.12,0
2006,21.46,7.81,0
2006,23.57,8.42,0.03
2006,22.57,8.59,0.01
2006,20.6,7.41,0.01
2006,19.64,7.25,0.01
2006,15.91,7.53,1.32
2006,14.11,7.43,7.6
2006,18.3,6.4,0
2006,22.36,6.57,0
2006,20.37,7.76,0
2006,17.67,8.23,0.03
2006,15.99,5.16,0.12
2006,16.5,4.05,0
2006,18.75,4.2,0
2006,21.83,4.4,0
2006,25.04,4.98,0
2006,24.48,6.41,0
2006,25.39,6.37,0
2006,27.17,7.44,0.03
2006,26.71,7.89,0
2006,23.15,9.76,0
2006,22.5,9.36,0.06
2006,22.54,9.86,0.04
2006,22.12,10.61,0.1
2006,19.57,9.32,0.08
2006,19.32,8.69,0
2006,17.76,7.79,0.01
2006,16.98,7.08,0.01
2006,18.7,5.61,0
2006,21.74,5.61,0
2006,21.91,7.37,0
2006,26.71,5.36,0
2006,26.31,6.88,0
2006,24.59,8.44,0
2006,23.56,9.44,0
2006,23.07,7.8,0
2006,23.34,5.92,0
2006,25.09,5.93,0
2006,26.54,6.17,0
2006,28.02,6.42,0
2006,30.8,8.06,0
2006,29.95,8.75,0.17
2006,27.44,8.01,0.6
2006,29.4,7.62,0.61
2006,29.36,7.43,0.13
2006,29.29,7.9,0
2006,30.59,7.9,0.01
2006,29.1,7.59,0.01
2006,27.51,7.21,0.03
2006,26.87,9.35,0.02
2006,25.99,8.86,0.02
2006,26.03,6.29,0
2006,28.39,6.21,0
2006,29.5,7.53,0.17
2006,28.98,8.5,0.28
2006,27.07,7.6,0
2006,26.57,5.67,0
2006,28.03,4.48,0
2006,29.71,5.78,0.01
2006,31.31,6.33,0.06
2006,31.37,8.36,2.29
2006,29.98,9.59,0.22
2006,27.85,11.14,0.37
2006,28.64,12.78,0
2006,27.63,12.87,0.01
2006,28.79,10.74,0.1
2006,32.52,9.46,0
2006,35.63,9.65,0.4
2006,34.02,10.33,0.32
2006,33.7,12.37,0.96
2006,30.98,11.95,1.94
2006,29.29,12.61,1.12
2006,27.41,12.83,0
2006,26.52,15.24,0.01
2006,24.47,14.36,0.07
2006,23.78,13.77,0.4
2006,22.81,12.85,0.08
2006,22.14,11.28,0
2006,23.06,9.58,0
2006,22.53,11.56,0.02
2006,21.39,10.26,0.02
2006,21.28,8.68,0
2006,21.46,9.39,0
2006,21.67,8.44,0
2006,25.88,5.35,0
2006,28.91,6.79,0.02
2006,28.31,7.86,0.04
2006,26.16,7.61,0
2006,23.69,7.6,0
2006,22.57,7.41,0
2006,21.69,7.04,0
2006,21.15,6.79,0
2006,20.77,7,0
2006,21.85,5.79,0
2006,23.76,7.09,0
2006,23.03,6.85,0
2006,23.19,5.67,0
2006,26.2,5.68,0
2006,28.91,7.62,0.01
2006,29.96,7.08,0.07
2006,27.34,7.37,0
2006,24.09,5.5,0
2006,23.77,4.17,0
2006,27.39,4.01,0
2006,29.47,4.35,0
2006,28.76,6.18,0
2006,27.64,6.89,0
2006,27.42,5.77,0
2006,29.48,5.54,0
2006,30.58,5.29,0.07
2006,30.51,7.84,1.04
2006,30.78,8.1,0.96
2006,30.44,9.91,0.85
2006,29.02,8.15,0.06
2006,24.82,8.01,0.06
2006,21.2,7.78,0.01
2006,19.24,7.91,0.01
2006,21.64,6.3,0
2006,26.48,5.93,0
2006,27.36,6.4,0
2006,24.12,7.31,0.01
2006,18.83,10.22,0.58
2006,16.74,7.88,0.01
2006,18.78,4.16,0
2006,22.46,2.1,0
2006,24.13,2.67,0
2006,23.16,4.02,0
2006,20.19,5.66,0
2006,20.15,4.79,0
2006,18.05,6.86,0.03
2006,19.79,3.64,0.01
2006,21.77,3.96,0
2006,23.3,4.92,0
2006,22.8,7.08,0
2006,23.41,5.86,0
2006,25.14,3.48,0
2006,25.83,3.5,0
2006,23.21,5.48,0
2006,21.7,6.65,0.03
2006,21.37,8.93,0.01
2006,18.72,8.16,0
2006,17,6.69,0
2006,16.2,6.93,0
2006,13.86,7.31,0.01
2006,16.31,5.93,0
2006,17.64,4.63,0
2006,17.31,6.81,0
2006,16.29,7.4,0
2006,17.31,5.83,0
2006,16.26,7.24,0.01
2006,14.72,7.81,1.42
2006,14.08,8.17,0.63
2006,15.3,8.11,0.03
2006,15.1,8.58,0.01
2006,14.7,6.59,0
2006,15.37,2.99,0
2006,17.71,2.61,0
2006,20.9,3.57,0
2006,20.46,3.48,0.03
2006,20.15,2.53,0
2006,21.23,3.11,0
2006,18.58,6.2,0.08
2006,17.22,4.75,0
2006,16.38,1.69,0.02
2006,17.9,1.92,0
2006,19.2,2.58,0
2006,15.83,4.96,0
2006,13.41,6.18,0
2006,13.22,6.72,0
2006,14.89,5.66,0
2006,17.83,5.76,0
2006,17.16,6.65,0
2006,17.02,4.94,0.01
2006,19.13,3.23,0
2006,21.11,3.15,0
2006,23.03,3.66,0
2006,20.77,5.25,0
2006,15.05,4.92,0
2006,16,2.11,0
2006,14.28,4.99,0
2006,12.37,3.12,0
2006,15.18,2.96,0
2006,14.83,7.19,0.14
2006,17.2,2.13,0
2006,19.44,2.45,0
2006,19.58,5.19,0
2006,19.51,4.82,0
2006,19.79,3,0
2006,19.7,2.83,0
2006,17.02,4.96,0
2006,14.94,5.08,0
2006,15.09,5.77,0
2006,12.16,3.29,0
2006,10.14,4.32,0
2006,9.22,4.38,0.1
2006,8.25,6.22,2.03
2006,7.8,3.9,0.15
2006,5.14,1.28,0.03
2006,6.9,0.81,0
2006,11.2,1.56,0
2006,11.85,1.92,0
2006,10.03,1.06,0
2006,11.48,0.94,0
2006,12.17,1.16,0
2006,13.02,1.37,0
2006,14.81,2.01,0
2006,12.95,3.74,0
2006,11.07,6.94,1.64
2006,9.59,6.08,5.7
2006,10.23,4.69,0.7
2006,11.54,4.34,0.22
2006,13.73,4.53,0
2006,15.5,4.55,0
2006,13.56,5.86,0
2006,8.39,6.54,2.34
2006,4.88,3.67,1.46
2006,3.27,2.47,0.56
2006,4.01,2,0
2006,5.52,2,0
2006,7.18,2.26,0
2006,8,3.77,0.71
2006,8.9,2.2,0
2006,10.74,2.22,0
2006,13.45,2.71,0
2006,14.37,3.2,0
2006,7.66,4.99,3.03
2006,6.17,2.44,0
2006,8.25,2.59,0.02
2006,9.68,3.09,0
2006,8.65,4.27,0
2007,8.14,3.24,0
2007,10.65,2.48,0
2007,12.67,3.77,0
2007,9.24,5.84,2.07
2007,5.54,2.26,0.07
2007,7.57,1.77,0.77
2007,11.06,2.62,0
2007,13.32,2.2,0
2007,15.1,3.28,0
2007,11.02,4.41,0.01
2007,8.24,6.33,0.41
2007,2.84,2.02,0
2007,0,1.07,0.42
2007,0.82,1.07,0
2007,2.59,1.15,0
2007,4.93,1.32,0
2007,4.48,3.08,0.08
2007,5.77,1.54,0
2007,7.82,2.28,0.12
2007,6.55,4.73,0
2007,5.52,2.43,0
2007,6.64,1.52,0
2007,9.6,1.99,0
2007,11.97,2.35,0
2007,12.96,2.27,0
2007,11.66,4.07,0.15
2007,9.29,5.9,0.25
2007,9.52,4.79,0.16
2007,10.88,3.9,0.01
2007,8.74,6.3,2.3
2007,7.94,5.9,2.81
2007,8.36,5.25,0.05
2007,8.18,3.22,0.03
2007,10.51,1.96,0
2007,14.45,1.88,0
2007,17.3,3.58,0
2007,17.28,4.07,0
2007,12.13,3.91,0
2007,11.78,2.52,0
2007,13.8,3.51,0
2007,13.84,4.68,0.14
2007,10.64,7.28,5.34
2007,9.72,6.33,0.43
2007,8.66,5.3,1.85
2007,8.89,3.2,0
2007,11.43,3.07,0.47
2007,15.5,4.17,0
2007,17.45,4.16,0
2007,14.01,5.77,0.7
2007,9.04,6.24,6.45
2007,9.4,5.45,0.14
2007,10.69,5.56,0.01
2007,8.79,6.24,2.26
2007,5.57,3.49,3.17
2007,7.72,2.43,0
2007,8.39,4.92,0.35
2007,9.68,5.86,0.31
2007,7.38,5.14,5.26
2007,5.43,3.49,1.27
2007,6.32,2.76,0
2007,8.59,2.45,0
2007,11.21,2.2,0
2007,13.01,1.83,0
2007,16.19,2.29,0
2007,19.43,3.54,0
2007,17.07,4.96,0.03
2007,14.85,4.75,0.03
2007,13.76,4.28,0
2007,16.64,4.14,0
2007,19.59,2.72,0
2007,21.4,2.97,0
2007,19.84,4.12,0
2007,17.48,4.96,0.01
2007,19.34,4.62,0
2007,21.99,4.26,0
2007,18.64,4.78,0
2007,13.6,6.56,0
2007,14.05,7.31,0
2007,12.14,7.1,0.77
2007,10.95,5.98,1.75
2007,14.95,5.03,0.1
2007,15.29,6.22,0.2
2007,14.39,6.38,0.12
2007,15.38,6.48,0
2007,12.51,7.11,0.14
2007,8.85,4.14,2.23
2007,10.15,3.31,0
2007,13.28,2.84,0.02
2007,14.96,2.96,0.16
2007,17.43,3.64,0
2007,17.84,4.02,0
2007,16.37,5.3,0
2007,17.56,6.1,0
2007,19.16,5.52,0
2007,17.48,6.11,0
2007,16.42,7.39,0
2007,14.17,8.12,0
2007,14.74,7.46,0.01
2007,14.23,5.91,0
2007,15.56,4.31,0.9
2007,14.23,5.09,0.07
2007,11.08,3.57,0.05
2007,14.93,2.61,0
2007,13.51,3.96,0.04
2007,10.11,5.44,1.53
2007,13.02,5.55,0.74
2007,13.55,6.7,0.16
2007,10.74,2.91,0
2007,12.3,2.26,0.03
2007,7.87,5.46,9.33
2007,10.69,5.18,0.01
2007,11.26,6.35,0.96
2007,12.8,5.15,0.22
2007,17.09,4.7,0.01
2007,18.93,4.51,0
2007,18.11,5.29,0
2007,23.55,4.88,0
2007,24.69,5.15,0
2007,21.54,6.68,0
2007,19.88,5.58,0
2007,16.65,6.95,0
2007,15.78,7.08,0
2007,14.42,5.01,0
2007,13.06,6.02,0
2007,14.03,3.85,0
2007,18.35,2.26,0
2007,21.72,2.43,0
2007,24.52,2.92,0
2007,24.43,3.77,0
2007,22.53,3.34,0
2007,19.82,3.68,0
2007,16.39,4.82,0
2007,17.36,5.48,0
2007,18.68,5.03,0
2007,17.58,6.23,0
2007,17.55,7.1,0
2007,18.57,6.89,0
2007,19.3,6.87,0
2007,19.85,6.18,0
2007,19.14,6.76,0
2007,16.88,8.16,0
2007,17.47,7.13,0.02
2007,19.16,4.54,0
2007,20.73,5.04,0
2007,19.84,6.39,0
2007,18.79,6.72,0
2007,18.18,6.7,0
2007,16.43,6.64,0
2007,16.72,6.8,0
2007,17.13,6.08,0
2007,18.18,6.58,0
2007,18.18,7.83,0
2007,17.67,8.52,0
2007,21.06,8.01,0
2007,21.93,7.01,0
2007,17.19,8.14,0.01
2007,15.77,5.01,0
2007,17.6,3.85,0
2007,19.28,5.02,0
2007,19.39,6.37,0
2007,20.76,6.71,0
2007,18.81,7.24,0
2007,22.47,6.52,0
2007,26.81,5.37,0
2007,25.66,6,0
2007,23.82,6.32,0
2007,22.43,7.34,0
2007,21.61,7.34,0
2007,21.4,6.43,0
2007,23.16,4.2,0
2007,25.11,4.09,0
2007,25.73,4.75,0
2007,25.38,5.62,0
2007,23.55,6.76,0
2007,22.82,5.62,0
2007,23.99,5,0
2007,23.51,5.51,0
2007,24.34,5.2,0
2007,25.14,5.82,0
2007,25.84,6.01,0
2007,26.65,6.14,0
2007,27.75,5.45,0
2007,28.41,4.37,0
2007,29.04,4.61,0
2007,29.61,6.28,0
2007,30.11,8.14,0
2007,28.29,8.56,0
2007,26.65,7.25,0
2007,23.55,7.6,0
2007,21.94,7.38,0
2007,20.67,8.67,0
2007,21.19,7.95,0
2007,23.74,5.69,0
2007,27.09,6.15,0
2007,27.03,7.15,0
2007,25.62,8.07,0
2007,24.53,8.74,0
2007,23.87,8.64,0
2007,24.57,8.22,0
2007,24.69,8.28,0
2007,25.12,6.14,0
2007,25.02,6.6,0
2007,26.6,7.35,0.01
2007,27.08,9.36,0.17
2007,27.68,8.58,0
2007,27.16,8.66,0.17
2007,28.7,8.59,0.09
2007,28.28,8.17,0.04
2007,26.8,7.02,0
2007,25.92,7.56,0.02
2007,24.86,8.55,0
2007,24.62,8.52,0.13
2007,25.06,9.2,0.01
2007,25.72,9.62,0.23
2007,26.52,7.75,0
2007,24.36,9.12,0
2007,22.66,10.5,0
2007,21.57,8.12,0
2007,20.62,7.18,0
2007,22.92,7.73,0
2007,22.8,7.04,0
2007,23.55,6.65,0
2007,24.29,6.1,0.43
2007,26.27,5.92,0.03
2007,28.46,5.6,0
2007,29.86,6.28,0.06
2007,30.02,7.65,0
2007,30.19,8.58,0
2007,29.16,8.67,0.1
2007,28.42,9.22,0.02
2007,27.47,7.25,0
2007,28.84,4.96,0
2007,28.03,5.65,0
2007,25.12,8.82,0
2007,22.27,9.46,0
2007,23.8,8.74,0
2007,24.58,9.31,0.08
2007,26.54,9.79,0.48
2007,26.65,10.47,0.52
2007,29.43,8.63,0
2007,32.31,7.64,0.03
2007,31.71,8.72,0.13
2007,32.9,11.25,1.26
2007,33.35,10.82,1.4
2007,32.88,11.9,0.98
2007,33.21,10.69,0.41
2007,28.89,8.94,0
2007,23.06,7.79,0
2007,20.92,7.94,0
2007,21.5,7.71,0
2007,22.97,8.14,0
2007,21.55,8.88,0
2007,24.62,6.53,0
2007,27.04,5.1,0
2007,27.58,4.92,0
2007,25.89,5.69,0
2007,22.75,4.68,0
2007,22.19,4.27,0
2007,20.41,5.63,0
2007,17.6,8.03,0
2007,18.97,8.36,0
2007,16.28,8.68,0.02
2007,14.66,6.5,0.51
2007,15.76,7.16,1.5
2007,14.69,8.34,4.6
2007,15.34,7.47,0.15
2007,18.09,6.06,0
2007,20.62,4.99,0
2007,22.55,3.8,0
2007,22.24,5.95,0
2007,16.68,9.04,0.08
2007,17.22,6.55,0
2007,20.9,3.61,0
2007,20.68,8.13,0
2007,22.44,6.13,0
2007,22.54,4.33,0
2007,16.94,7.16,0
2007,14.16,5.84,0.01
2007,13.19,3.22,0
2007,16.77,2.03,0
2007,19.04,2.4,0
2007,18.97,3.14,0
2007,15.73,5.81,0
2007,15.73,6.28,0
2007,13.82,7.37,0.63
2007,15.76,8.23,3.48
2007,17.39,6.92,0
2007,15.49,7.53,0.01
2007,13.99,7.08,0.02
2007,14.13,6.86,0.08
2007,17.63,4.75,0
2007,22.16,4.51,0
2007,18.72,4.86,0.1
2007,16.84,1.82,0.13
2007,18.21,1.97,0
2007,22.63,3.65,0
2007,23.84,3.45,0
2007,22.85,3.37,0
2007,20.46,3.79,0
2007,20.48,4.68,0
2007,23.39,4.91,0
2007,20.7,6.39,0
2007,14.98,7.31,0
2007,17.78,5.48,0
2007,17.92,4.88,0
2007,18.16,3.61,0
2007,18.8,2.76,0
2007,19.68,3.37,0
2007,18.09,5.19,0
2007,18.18,5.51,0
2007,17.33,5.29,0
2007,15.34,7.16,0
2007,12.3,7.32,0
2007,13.01,6.05,0
2007,11.55,7.41,0.01
2007,15.9,5.26,0
2007,18.75,3.41,0.01
2007,19.78,3.66,0
2007,20.15,4.04,0
2007,18.11,4.65,0
2007,16.23,4.75,0
2007,18.14,3.69,0
2007,17.79,3.72,0
2007,14.85,5.12,0
2007,12.93,2.06,0
2007,10.55,2.89,0
2007,9.14,2.35,0
2007,12.24,1.21,0
2007,12.47,2.63,0
2007,13.98,1.98,0
2007,14.92,1.65,0
2007,13.61,1.58,0
2007,14.54,2.36,0.01
2007,11.7,8.31,39.47
2007,7.69,5.52,7.55
2007,7.37,4.34,1.82
2007,11.7,3.34,0.02
2007,14.51,2.94,0
2007,16.54,4.65,0
2007,12.15,6.92,0.6
2007,9.63,6.87,12.13
2007,6.74,5.17,3.31
2007,6.39,4.17,2.32
2007,7.01,3.17,0
2007,5.88,3.03,0.03
2007,6.46,2.74,0
2007,7.01,2.49,0
2007,6.53,2.58,0
2007,8.27,2.58,0
2007,8.87,2.86,0
2007,7.37,5.6,0.05
2007,8.71,6.77,4.49
2007,10.34,7.26,5.07
2007,8.56,6.69,1.75
2007,4.85,2.39,0
2007,5.69,2.05,0.51
2007,10.31,2.88,0
2007,12.02,4.59,0
2007,7.12,1.81,0
2007,6.48,2.5,0
2007,3.06,1.71,0
2007,4.83,2.85,0
2007,6.55,5.25,0
2007,7.28,4.98,0
2007,9.12,2.84,0
2008,9.51,1.75,0
2008,12.3,2.69,0
2008,10.12,4.83,0
2008,9.59,7.35,11.61
2008,9.49,7.4,35.69
2008,7.85,6.3,17.04
2008,7.76,5.28,5.96
2008,7.28,5.3,0.01
2008,7.97,5.25,0.01
2008,10.17,5.09,0
2008,11.88,5.15,0
2008,11.41,4.54,0
2008,10.65,3.51,0
2008,9.92,3.15,0
2008,11.02,3.85,0
2008,6.82,2,0
2008,5.36,1.98,0
2008,6.26,2.88,0
2008,8,3,0
2008,8.16,4.24,0
2008,6.54,5.27,0.65
2008,6.98,5.66,1.4
2008,6.68,5.36,9.98
2008,5.57,5.21,9.83
2008,7.29,5.62,11.3
2008,8.72,4.79,7.28
2008,10.04,7.54,38.88
2008,6.24,5.53,15.49
2008,4.21,4.09,0.01
2008,5.3,3.93,0.37
2008,6.27,3.21,0
2008,6.94,5.26,0
2008,6.56,4.63,0.01
2008,6.35,6.15,12.56
2008,4.79,3.97,1.97
2008,4.77,2.66,0
2008,7.69,3.58,0
2008,10.14,4.31,0
2008,12.43,4.47,0
2008,12.8,4.26,0
2008,13.96,4.78,0
2008,14.12,4.9,0
2008,14.62,4.92,0
2008,12.61,6.09,0.15
2008,6.15,3.09,2.11
2008,7.38,3.01,0
2008,9.16,4.08,0
2008,10.11,4.72,0
2008,11.09,4.73,0
2008,9.42,6.4,0.07
2008,8.07,6.47,5.16
2008,7.99,6.04,1.45
2008,8.46,6.65,17.76
2008,8.23,4.93,0.42
2008,8.01,6.32,11.26
2008,10.29,5.23,0.06
2008,13.27,4.5,0
2008,14.85,4.66,0
2008,15.57,5.3,0
2008,14.01,6,0
2008,10.75,6.82,0.02
2008,8.95,3.47,0
2008,10.6,2.93,0
2008,12.41,4.37,0
2008,9.96,3.87,0
2008,11.16,3.55,0
2008,13.91,4.12,0
2008,13.92,5.39,0
2008,13.07,4.18,0
2008,15.43,4.39,0
2008,17.32,4.92,0
2008,16.17,5.87,0
2008,14.66,7.25,0
2008,11.21,5.68,0
2008,7.2,4.6,1.66
2008,7.5,3.72,1.62
2008,9.03,3.07,0
2008,13.04,4.52,0
2008,12.87,5.08,0
2008,12.75,5.34,0
2008,14.86,4.29,0
2008,16.3,4.12,0
2008,17.32,3.57,0
2008,18.58,4.34,0
2008,16.47,5.33,0
2008,14.64,6.46,0
2008,13.47,5.11,0
2008,13,5.85,0
2008,11.6,6.8,0.05
2008,9.07,5.8,0.31
2008,10.8,4.79,0
2008,10.46,5.52,0
2008,10.69,5.64,0.16
2008,13.31,6.81,0.24
2008,14.29,6.25,0.02
2008,12.3,6.44,0
2008,12.05,6.32,0
2008,12.18,4.95,0
2008,9.46,5.37,0
2008,10.35,4.96,0.01
2008,14.68,4.44,0
2008,17.25,3.74,0
2008,19.47,3.67,0
2008,21.41,4.08,0
2008,20.22,4.9,0
2008,12.49,5.79,0
2008,13.65,3.54,0
2008,17,3.33,0
2008,17.69,4.1,0
2008,11.07,6.28,0
2008,11.16,4.06,0
2008,11.86,3.77,0
2008,14.25,4.13,0
2008,12.4,6.2,0
2008,14.7,4.17,0
2008,18.87,3.33,0
2008,21.81,4.35,0.01
2008,22.17,3.03,0
2008,23.54,3.85,0
2008,18.81,6.42,0
2008,13.64,5.49,0
2008,15.01,3.29,0
2008,18.72,3.52,0
2008,18.11,4.7,0
2008,13.72,5.84,0
2008,13.42,5.92,0
2008,14.95,7.41,0.03
2008,15.22,7.9,0.06
2008,15.98,6.74,0
2008,15.18,7.47,0
2008,17.15,6.7,0
2008,15.87,7.03,0
2008,13.23,7.04,0.07
2008,17.04,3.64,0
2008,21.55,4.32,0
2008,24.82,6.13,0
2008,25.71,5.13,0
2008,28.12,5.58,0
2008,28.02,6.82,0
2008,26.69,7.46,0
2008,20.54,8.69,0.03
2008,17.45,5.58,0.01
2008,13.88,6.05,1.65
2008,10.55,6.91,7.46
2008,11.09,5.62,0.17
2008,11.81,5.41,0
2008,13.01,6.53,0
2008,14.75,6.58,0
2008,14.94,6.18,0
2008,16.36,5.78,0
2008,17.92,5.74,0
2008,17.21,6.38,0
2008,18.57,6.9,0
2008,18.12,7.17,0
2008,18.15,6.84,0
2008,16,6.87,0.04
2008,19.44,4.56,0
2008,21.84,6.04,0
2008,20.12,6.4,0
2008,22.75,5.14,0
2008,24.69,5.45,0
2008,21.33,7.51,0
2008,20.55,5.23,0
2008,21.31,6.63,0
2008,23.27,6.71,0
2008,24.65,6.07,0
2008,25.34,5.51,0
2008,25.9,6.03,0
2008,27.5,6.28,0
2008,28.04,4.79,0
2008,29.31,4.94,0
2008,31.14,5.52,0
2008,32.37,6.37,0
2008,30.36,6.2,0
2008,26.58,6.45,0
2008,23.38,7.47,0
2008,21.93,8.66,0
2008,21.25,8.31,0
2008,22.29,7.62,0
2008,24.3,6.95,0
2008,26.59,5.54,0
2008,27.38,5.63,0
2008,27.59,5.62,0
2008,28.01,5.52,0
2008,28.21,5.37,0
2008,28.48,6.19,0
2008,27.62,5.59,0
2008,26.94,5.3,0
2008,27.75,7.04,0
2008,29.02,8.01,0
2008,26.36,9.67,0
2008,25.57,10.85,0.8
2008,24.39,10.82,0.02
2008,25.44,9.81,2.26
2008,26.05,10.34,0.53
2008,26.12,8.54,0.03
2008,26.28,9.07,0
2008,27.24,10.41,0.06
2008,27.07,9.3,0.01
2008,26.5,7.6,0
2008,24.21,8.08,0
2008,24.05,11.04,0
2008,23.9,9.18,1.62
2008,22.92,7.1,0.03
2008,22.99,6.89,0
2008,24.87,5.84,0
2008,27.46,5.75,0
2008,26.33,7,0.02
2008,23.65,9.99,0
2008,22.86,9.96,0
2008,23.76,10.04,0
2008,24.81,8.53,0
2008,25.11,7.96,0
2008,25.9,7.8,0
2008,26.27,7.03,0
2008,25.79,7.16,0.09
2008,26.05,7.48,0.2
2008,26.63,7.78,0
2008,28.04,7.62,0
2008,28.7,8.82,0.05
2008,26.21,9.9,0.06
2008,26.12,8.04,0.02
2008,25.74,7.03,0.01
2008,25.01,7.14,0
2008,25.49,6.44,0
2008,27.17,6.09,0
2008,27.16,7.34,0
2008,26.38,8.56,0.01
2008,25.42,8.51,0
2008,25.18,8.91,0
2008,24.58,7.6,0
2008,23,6.59,0
2008,23.23,7.68,0
2008,23.66,7.61,0
2008,23.72,8.77,0
2008,24.94,7.5,0
2008,28.53,6.63,0.4
2008,28.29,9.01,0.78
2008,26.74,8.69,0.09
2008,26.75,7.04,0
2008,27.3,6.99,0
2008,28.92,7.46,0
2008,27.18,10.21,0.49
2008,23.1,12.46,0.04
2008,23.13,9.66,0
2008,26.08,6.11,0
2008,27.66,7.18,0
2008,28.23,7.1,0.01
2008,27.96,6.52,0
2008,28.74,6.55,0
2008,27.1,8.06,0
2008,24.87,8.94,0.01
2008,22.24,8.43,0
2008,20.02,8.38,0
2008,22.64,7.8,0.1
2008,22.12,9.18,0
2008,21.77,9.13,0
2008,24.38,7.42,0
2008,28.59,4.98,0
2008,26.76,7.95,0.05
2008,24.81,10,0.02
2008,25.12,10.49,0
2008,23.98,8.81,0
2008,19.53,8.35,0
2008,18.6,8.05,0
2008,20.53,7.17,0
2008,24.04,5.53,0
2008,27.42,5.55,0
2008,28.38,5.02,0
2008,27.3,5.93,0
2008,26.65,6.38,0
2008,26.53,6.9,0
2008,27.74,6.62,0.02
2008,29.46,6.23,0.27
2008,28.79,7.04,0
2008,24.35,7.35,0
2008,18.54,8.88,0
2008,15.8,9.07,0.4
2008,17.69,7.58,0.01
2008,22.4,4.84,0
2008,25.38,3.96,0
2008,25.9,4.14,0
2008,20.86,7.07,0
2008,14.87,4.28,0
2008,11.39,2.17,0
2008,12.49,1.59,0
2008,14.21,1.84,0
2008,18.73,2.2,0
2008,21.8,2.71,0
2008,22.97,2.57,0
2008,23.25,3.09,0
2008,21.27,4.96,0
2008,19.08,5.81,0
2008,18.35,5.59,0
2008,22.03,3.78,0
2008,21.75,1.65,0
2008,21.62,1.5,0
2008,22.89,1.92,0
2008,23.24,1.97,0
2008,23.61,2.22,0
2008,24.71,1.98,0
2008,25.61,3.21,0
2008,24.72,4.26,0
2008,20.71,6.67,0.01
2008,21.61,5.31,0.16
2008,20.56,7.36,3.03
2008,15.31,8.41,0.27
2008,13.67,7.63,0.07
2008,12.83,6.53,2.13
2008,11.56,3.05,0
2008,15.21,2.93,0
2008,17.44,3.99,0
2008,17.59,4.8,0.03
2008,11.73,6.26,1
2008,11.95,5.56,0
2008,13.96,4.84,0
2008,17.26,5.18,0
2008,19.15,4.91,0
2008,20.31,3.8,0
2008,19.28,1.85,0
2008,19.29,2.48,0
2008,20.17,2.66,0
2008,20.7,2.35,0
2008,20.78,3.51,0
2008,19.56,3.69,0
2008,19.14,3.33,0
2008,18.41,4.08,0
2008,16.11,5.4,0
2008,15.49,4.97,0
2008,15.96,7.9,5.58
2008,13.2,8.74,23.13
2008,11.74,7.5,3.17
2008,11.27,5.68,0.05
2008,13.51,4.27,0
2008,15.59,4.78,0
2008,17.22,4.96,0
2008,13.92,5.81,0
2008,12.96,4.05,0
2008,12.1,4.79,0
2008,12.5,3.28,0
2008,13.88,3.33,0
2008,13.05,6.3,0.03
2008,9.88,6.47,0.01
2008,8.27,2.4,0
2008,10.77,2.34,0
2008,14.19,3.38,0
2008,12.65,5.55,0
2008,7.92,5.73,0.37
2008,4.31,3.54,0.09
2008,6.41,6.06,36.84
2008,5.92,4.98,0.59
2008,3.02,4.27,25.6
2008,2.71,4,1.69
2008,3.87,4.01,2.19
2008,4.77,3.8,0.03
2008,7.74,3.83,0
2008,6.35,6.18,3.31
2008,5.29,4.6,0.08
2008,6.01,5.1,0.87
2008,6.85,6.28,9.67
2008,2.36,2.81,0.27
2008,3.35,1.85,0
2008,6.88,2.73,0
2008,11.44,3.89,0
2008,12.43,4.56,0
2008,13.29,4.89,0
2009,11.71,4.23,0
2009,9.92,5.08,0.04
2009,7.73,4.68,0.38
2009,4.22,1.76,0
2009,4.71,2.41,0.01
2009,8.3,4.2,0
2009,13.21,4.89,0
2009,13.99,5.19,0
2009,9.85,2.99,0
2009,9.8,2.27,0
2009,12.89,2.47,0
2009,14.35,3.27,0
2009,14.89,4.02,0
2009,13.67,2.66,0
2009,12.88,2.73,0
2009,12.8,3.18,0
2009,13.27,3.41,0
2009,13.55,3.42,0
2009,14.79,3.57,0
2009,16.02,4.08,0.01
2009,15.75,5.36,0.44
2009,14.28,7.56,0.58
2009,13.31,8.88,2.48
2009,11.31,7.41,1.15
2009,8.95,6.05,0.52
2009,6.54,4.2,0.37
2009,5.32,2.23,0
2009,9.66,2.73,0.08
2009,11.46,2.78,0
2009,12.92,3.13,0
2009,13.82,3.59,0
2009,12.95,3.17,0
2009,13.24,2.69,0
2009,14.59,2.95,0
2009,14.01,3.39,0
2009,10.65,6.37,8.34
2009,9.88,7.32,18.12
2009,6.97,5.9,9.86
2009,7.33,5.99,3.52
2009,5.13,5.06,11.98
2009,4.91,3.03,0
2009,6.38,4.36,0.18
2009,6.6,4.49,0.11
2009,5.31,5.28,4.66
2009,5.53,3.91,0.45
2009,5.56,3.82,0.04
2009,6.41,6.15,23.04
2009,6.25,5.37,4.13
2009,8.29,4.2,0.17
2009,10.51,3.33,0
2009,11.75,3.52,0
2009,13.5,4.11,0
2009,15.14,6.47,0.02
2009,14.9,7.02,0.18
2009,12.71,6.4,0.07
2009,9.72,6.2,0
2009,10.8,6.25,0
2009,11.55,5.4,0
2009,15.31,4.41,0
2009,18.08,4.59,0
2009,16.59,6.33,0.1
2009,12.26,6.56,0
2009,9.04,6.69,1.8
2009,8.78,4.95,0.05
2009,7.59,4.9,0.07
2009,8.92,4.04,0
2009,9.86,4.54,0
2009,8.62,5.75,0.02
2009,9.13,3.99,0
2009,9.22,5.19,0
2009,10.66,5.17,0
2009,11.79,4.17,0
2009,11.17,5.06,0
2009,10.82,5.95,0
2009,13.43,5.6,0
2009,17.66,5.87,0
2009,19.38,5.43,0
2009,18.06,5.41,0
2009,14.89,5.24,0
2009,11.52,6.35,0
2009,8.97,4.88,3.36
2009,8.55,2.89,0
2009,12.46,2.76,0
2009,13.97,3.85,0
2009,13.97,5.78,0
2009,13.88,2.9,0
2009,15.72,3.45,0
2009,12.18,6.38,0
2009,11.26,2.89,0
2009,13.41,3.32,0
2009,13.55,6.08,0
2009,13.5,6.91,0.02
2009,11.23,5.04,0.1
2009,10.83,3.08,0
2009,14.27,2.68,0
2009,16.53,3.19,0
2009,13.64,5.31,0.19
2009,10.62,5.88,0.25
2009,11.72,5.87,0
2009,9.9,6.42,1.76
2009,11.01,5.9,0.24
2009,14.68,5.18,0
2009,16.84,5.31,0
2009,11.35,6.41,0.02
2009,7.14,3.27,0
2009,10.75,4.16,0
2009,15.38,3.97,0
2009,18.89,4.1,0
2009,22.2,4.06,0
2009,24.95,4.26,0
2009,25.58,4.92,0
2009,18.99,7.13,0
2009,14.51,7.81,0
2009,13.7,6.75,0
2009,12.77,4.45,0
2009,12.97,5.18,0
2009,11.28,6.24,0
2009,11.61,5.58,0
2009,12.47,5.02,0
2009,16.34,5.27,0
2009,18.01,7.03,0.02
2009,15.66,8.32,0
2009,17.99,7.05,0
2009,19.09,7.03,0
2009,19.47,7.5,0
2009,23.13,7,0
2009,24.22,5.91,0
2009,23.08,6.04,0
2009,20.55,7.13,0
2009,20.38,7.19,0
2009,19.96,7.33,0
2009,18.52,6.38,0
2009,19.63,5.73,0
2009,21.36,6.68,0
2009,22.76,7.09,0
2009,25.69,6.6,0
2009,24.97,6.76,0
2009,23.15,6.64,0
2009,23.1,5.78,0.01
2009,22.88,5.89,0
2009,20.63,6.13,0
2009,18.72,6.56,0
2009,17,6.23,0
2009,16.75,6.59,0
2009,17.24,7.33,0
2009,18.46,7.01,0.01
2009,19.51,6.83,0
2009,20.03,6.66,0
2009,20,8.75,0.11
2009,19.59,9.38,0.1
2009,19.62,8.73,0.05
2009,17.92,8.49,0.01
2009,18.88,7.16,0.01
2009,17.39,6.99,1.01
2009,15.25,7.34,0.04
2009,15.09,7.76,0.25
2009,15.07,7.58,0.14
2009,17.13,8.05,0.01
2009,16.45,8.22,0
2009,16.46,8.59,0.02
2009,14.62,8.55,0
2009,16.9,8.66,0
2009,16.62,8.87,0
2009,17.19,8.33,0
2009,17.77,8.43,0.01
2009,17.24,8.12,0.01
2009,19.08,8.91,0
2009,20.48,9.29,0
2009,22.97,8.55,0
2009,23.38,8.25,0
2009,18.03,8.98,0.01
2009,18.32,7.53,0
2009,19.66,6.38,0
2009,19.79,6.9,0
2009,20.5,7.25,0
2009,21.54,7.04,0
2009,23.92,5.52,0
2009,26.87,5.86,0
2009,28.54,6.73,0
2009,27.41,6.91,0
2009,25.93,5.47,0
2009,25.51,7.34,0
2009,25.25,7.59,0.03
2009,25.37,7.02,0
2009,25.32,5.79,0
2009,24.2,6.28,0
2009,23.77,6.31,0
2009,22.38,7.66,0
2009,21.94,7.22,0
2009,23.17,5.61,0
2009,24.79,5.17,0
2009,27.98,5.8,0
2009,27.76,7.06,0
2009,27.43,6.96,0
2009,26.37,6.84,0
2009,27.67,6.04,0
2009,28.7,6.5,0
2009,29.25,7.17,0.04
2009,30.87,7.12,0.01
2009,30.62,8.64,0.05
2009,29.78,7.69,0.03
2009,29.27,7.51,0
2009,28.4,7.94,0
2009,27.18,7.75,0
2009,24.58,8.82,0.01
2009,26.26,8.34,0.15
2009,27.71,9.1,0
2009,27.99,8.44,0
2009,25.71,8.99,0
2009,23.23,9.71,0
2009,23.49,9.09,0
2009,24.36,9.04,0
2009,24.16,8.77,0
2009,25.07,7.64,0
2009,27.39,4.59,0
2009,29.09,4.88,0
2009,27.65,6.62,0
2009,22.03,7.53,0
2009,20.5,8.22,0
2009,22.45,6.79,0
2009,24.24,6.85,0
2009,24.2,7.39,0
2009,25.25,7.03,0
2009,25.44,5.84,0
2009,25.29,6.22,0
2009,22.63,8.61,0
2009,21.57,7.97,0
2009,22.03,7.25,0
2009,22.69,6.42,0
2009,23.22,6.07,0
2009,22.8,6.56,0
2009,24.34,5.35,0
2009,24.73,6.38,0.02
2009,26.16,8.49,0.29
2009,24.9,10.46,0.09
2009,25.31,7.69,0
2009,27.09,4.66,0
2009,28.43,4.09,0
2009,29.95,3.92,0
2009,31.43,4.69,0
2009,31.84,4.15,0
2009,30.72,4.76,0.01
2009,30.18,6.11,0
2009,29.5,7.43,0.08
2009,29.43,9,0.46
2009,29.62,8.1,0
2009,28.16,7.52,0
2009,25.9,7.87,0
2009,24,5.63,0.03
2009,22.72,6.73,0
2009,21.96,7.63,0
2009,24.03,6,0
2009,28.04,6.15,0
2009,28.18,7.3,0
2009,24.01,8.48,0
2009,19.39,8.98,0
2009,18.49,9.05,0
2009,21.19,8.05,0
2009,24.21,8.22,0
2009,27.33,7.03,0
2009,27.75,6.93,0
2009,26.13,7.94,0
2009,24.42,7.06,0
2009,26.04,6.01,0
2009,27.52,2.3,0
2009,27.77,2.53,0
2009,28.77,3.52,0
2009,29.45,4.46,0
2009,29.79,5,0
2009,27.6,5.95,0
2009,22.94,6.78,0.01
2009,18.54,7.94,0
2009,18.19,4.05,0
2009,20.92,1.77,0
2009,21.35,3.72,0
2009,17.64,6.04,0
2009,13.13,5.67,0
2009,13.33,5.14,0
2009,14.61,4.08,0
2009,14.47,6.6,0
2009,15.88,6.59,0
2009,16.82,6.22,0
2009,16.41,5.83,0
2009,14.29,6.55,0
2009,12.5,7.52,0.02
2009,14.15,9,4.45
2009,17,10.95,6.48
2009,20.94,7.78,0.08
2009,24.31,4.95,0.02
2009,24.77,4.9,0
2009,21.37,7.51,0
2009,15.97,8.76,0
2009,15.93,6.09,0
2009,18.29,3.93,0
2009,20.22,4.27,0
2009,21.64,4.06,0
2009,20.91,6.01,0
2009,19.85,3.82,0
2009,19.91,2.49,0
2009,15.25,4.78,0
2009,9.89,1.58,0
2009,11.11,1.66,0.1
2009,15.41,3.46,0
2009,17.62,3.68,0
2009,19.42,3.03,0
2009,21.07,2.79,0
2009,21.84,3.07,0
2009,19.67,4.93,0
2009,14.32,6.52,0
2009,13.84,5.97,0
2009,13.56,6.15,0
2009,15.02,4.81,0
2009,17.88,3.71,0
2009,19.85,3.99,0
2009,18.87,4.64,0
2009,14.92,7.79,0.27
2009,12.16,5.94,0.44
2009,10.76,4.6,0.29
2009,10.29,1.48,0.04
2009,12.57,1.33,0
2009,14.33,2.8,0
2009,12.63,5.01,0
2009,13.84,2.87,0
2009,13.32,4.17,0
2009,11.15,5.37,0
2009,11.99,3.94,0
2009,12.59,2.65,0
2009,12.53,1.48,0
2009,13.52,1.71,0
2009,15.6,1.95,0.06
2009,13.91,4.1,0.09
2009,8.65,5.12,4.8
2009,9.62,3.19,0.21
2009,11.7,2.66,1.14
2009,11.65,4.45,0
2009,10.39,5.29,0
2009,8.67,2.72,0
2009,9.06,2.15,0
2009,8.27,6.38,0
2009,7.36,5.23,0.11
2009,6.02,5.77,28.3
2009,2.62,2.65,0.51
2009,5.14,2.87,0.41
2009,7.25,3.15,0.71
2009,7.81,6.3,4.59
2009,10.84,8.52,23.44
2009,8.76,6.45,12.47
2009,8.34,4.93,1.94
2009,10.32,3.89,0
2009,11.44,3.33,0
2009,11.95,3.23,0
2009,13.07,3.99,0
2009,13.46,4.17,0
2009,12.92,4.4,0
2009,11.75,6.13,0.01
2009,7.15,4.48,3.18
2009,6.41,2.54,0
2009,7.72,2.56,0.11
2009,7.12,2.29,0
2009,6.86,2.98,0
2009,7,3.07,0
2009,8.92,3.13,0
2009,8.79,4.68,0
2009,7.13,6.22,0.94
2009,8.81,3.77,0
2010,10.09,2.82,0.06
2010,12.65,3.65,0
2010,11.13,3.07,0
2010,11.29,3.2,0
2010,11.9,3.1,0
2010,13.17,3.24,0
2010,13.84,3.81,0
2010,13.17,4.08,0
2010,12.76,3.54,0
2010,13.72,5.15,0
2010,14.22,3.87,0
2010,14.21,4.13,0
2010,9.38,6.31,1.25
2010,9.32,3.6,0
2010,11.3,3.25,0
2010,11.75,5.11,0
2010,9.56,6.3,2.94
2010,9.82,7.71,33.56
2010,6.66,6.16,16.38
2010,7.69,6.52,23.56
2010,6.79,6.37,43.18
2010,4.97,5.51,21.75
2010,5.22,4.55,0.84
2010,6.94,4.21,0
2010,9.27,4.62,0
2010,9.1,5.83,3.43
2010,8.85,5.22,0.81
2010,9.11,4.7,0.52
2010,10.07,4.99,0
2010,9.24,5.69,0
2010,8.87,5.29,0
2010,10.66,5.77,0
2010,10.53,6.01,0
2010,10.44,5.77,0
2010,9.69,6.76,0.01
2010,8.77,6.71,6.27
2010,9.8,7.42,35.7
2010,7.58,5.38,0.94
2010,8.14,5.37,0.04
2010,6.56,5.84,7.77
2010,7.33,5.04,2.29
2010,8.45,5.75,0
2010,10.21,5.57,0
2010,12.32,5.25,0
2010,13.4,5.04,0
2010,14.37,5.2,0
2010,14.9,5.19,0
2010,14.7,5.56,0
2010,13.01,6.32,0
2010,9.73,6.87,0.95
2010,9.22,6.4,2.78
2010,9.79,6.72,1.94
2010,7.77,4.41,2.5
2010,8.36,3.18,0
2010,9.99,5.13,0.17
2010,11.67,5.83,0.04
2010,11.96,5.43,0.08
2010,9.14,7.12,23.41
2010,10.14,5.62,0.32
2010,11.52,5.73,1.44
2010,9.99,6.73,0.01
2010,9.36,6.21,0.49
2010,8.05,5.06,1.21
2010,9.02,4.69,0
2010,8.38,6.22,4.81
2010,8.92,6,2.22
2010,9.31,6.7,0.65
2010,6.23,4.13,0.21
2010,5.97,4.02,0
2010,8.57,3.25,0
2010,11.27,4.28,0
2010,9.36,5.45,0.02
2010,9.54,3.35,0
2010,13.41,4.46,0
2010,15.93,5.27,0
2010,16.88,5.53,0
2010,16.09,6.27,0
2010,14.13,4.47,0
2010,15.56,4.83,0
2010,15.84,5,0
2010,14.72,5.29,0
2010,13.73,4.44,0
2010,14.05,4.9,0
2010,10.42,5.97,0
2010,11.46,5.1,0
2010,13.03,3.98,0
2010,15.46,3.77,0
2010,16.78,4.62,0
2010,11.73,7.01,0
2010,10.09,5.59,0.42
2010,8.98,4.75,0.51
2010,9.96,4.98,0
2010,9.89,5.58,0
2010,9.28,5.71,0.09
2010,9.5,6.31,6.76
2010,11.03,3.87,0
2010,14.09,3.8,0
2010,15.85,4.23,0
2010,14.62,5.52,0
2010,10.85,6.06,0
2010,10.29,6.44,2.15
2010,9.52,6.04,14.22
2010,10.48,5.14,0.03
2010,12.14,5.67,0
2010,14.21,5.99,0
2010,13.89,6.61,0
2010,15.94,5.91,0
2010,16.47,6.02,0.02
2010,15.32,6.83,0.02
2010,11.94,6.75,2.72
2010,7.36,5.15,4.37
2010,8.16,4.95,2.62
2010,11.55,5.66,0
2010,14.67,6.26,0
2010,17.2,6.3,0
2010,18.49,6.19,0
2010,15.07,6.3,0.14
2010,12.26,6.65,1.01
2010,9.95,4.09,0.06
2010,11.82,3.94,0
2010,13.58,4.74,0
2010,15.21,5.01,0
2010,17.96,4.55,0
2010,19.14,6.06,0
2010,16.76,6.24,0
2010,16.2,5.59,0
2010,18.45,4.83,0
2010,17.75,5.51,0
2010,11.69,6.96,0
2010,11.98,6.18,0
2010,11.77,4.65,0
2010,15.38,4.96,0
2010,17.55,5.73,0
2010,18.1,6.51,0
2010,19.44,6.82,0
2010,18.18,6.67,0.01
2010,12.86,7.03,0.15
2010,13.91,7.46,0.28
2010,18.32,7.51,0
2010,19.44,7.13,0
2010,16.16,5.72,0
2010,12.99,4.75,0
2010,10.3,4.88,0.89
2010,13.42,5.28,0.06
2010,14.36,5.7,0
2010,14.8,6.95,0
2010,14.08,7.49,0.06
2010,14.09,5.42,0
2010,18.94,4.1,0
2010,21.31,4.79,0
2010,18.83,6.87,0
2010,16.92,8.14,0
2010,19.92,8.93,0
2010,21.47,9.16,0
2010,23.24,10.16,0
2010,24.06,9.74,0
2010,23.15,10.09,0
2010,21.98,10.37,0
2010,20.34,9.46,0.01
2010,19.07,9.09,0.01
2010,17.62,6.65,0
2010,16.55,7.06,0
2010,17.9,7.15,0
2010,21.31,7.63,0
2010,24.88,6.69,0
2010,21.91,6.76,0
2010,18.13,7.12,0
2010,19.49,5.96,0
2010,18.59,6.2,0
2010,18.23,6.37,0
2010,18.96,6.64,0
2010,16.66,6.82,0
2010,19.99,7.05,0
2010,21.24,6.4,0
2010,21.88,5.69,0
2010,20.82,6.88,0
2010,20.22,8.77,0
2010,22.8,9.23,0
2010,22.3,9.37,0
2010,20.92,8.53,0.01
2010,23.03,8.89,0.01
2010,23.41,7.05,0
2010,22.05,7.31,0
2010,19.53,8.14,0
2010,20,8.1,0
2010,20.22,8.71,0.01
2010,19.07,8.4,0.09
2010,19.46,7.87,0.04
2010,20.27,8.19,0
2010,22.99,7.69,0
2010,23.27,8.12,0.08
2010,22.26,9.03,0.01
2010,23.97,7.32,0
2010,26.43,8.47,0
2010,29.35,8.91,0.01
2010,30.34,8.78,0.8
2010,30.15,9.77,0.05
2010,29.4,9.15,0.01
2010,27.58,8.84,0
2010,25.2,9.16,0
2010,23.55,8.38,0
2010,21.37,8.25,0.01
2010,22.05,7.21,0.01
2010,24.41,6.38,0
2010,25.4,7.01,0
2010,23.31,7.99,0
2010,21.2,7.24,0
2010,20.44,6.84,0
2010,21.42,7.02,0
2010,22.8,6.44,0
2010,23.25,6.26,0
2010,21.55,6.5,0
2010,23.08,5.27,0
2010,24.94,4.78,0
2010,25.42,5.34,0
2010,23.9,5.61,0
2010,22.87,5.91,0
2010,21.29,5.9,0
2010,19.92,5.96,0
2010,19.23,6.64,0
2010,20.81,5.9,0
2010,20.68,5.49,0
2010,21.04,5.34,0
2010,22.35,5.73,0
2010,23.29,5.88,0
2010,23.67,5.75,0
2010,25.24,5.42,0
2010,27.67,6.13,0.02
2010,28.6,8.59,0.26
2010,28.84,11.01,0
2010,27.63,9.72,0
2010,27.4,6.24,0
2010,27.81,6.49,0
2010,27.16,7.24,0
2010,29.2,4.81,0
2010,32.05,6.18,0.07
2010,32.54,8.96,0.99
2010,32.43,9.08,0.37
2010,25.92,7.13,0.01
2010,17.47,7.24,0
2010,16.79,7.7,0
2010,18.29,7.07,0
2010,22.25,5.9,0
2010,26.01,5.42,0
2010,28.06,5.02,0
2010,30.02,4.25,0
2010,30.74,4.18,0
2010,26,5.88,0
2010,22.09,7.45,0
2010,19.58,9.02,0
2010,16.91,8.04,0.02
2010,17.71,7.39,0.02
2010,19.95,6,0
2010,22.14,6.1,0
2010,23.02,5.02,0
2010,23.75,5.78,0
2010,23.06,6.73,0
2010,22.34,5.64,0
2010,22.6,4.89,0
2010,21.86,5.17,0
2010,23.03,5.38,0
2010,23.02,5.37,0
2010,21.46,6.06,0
2010,17.78,7.55,0
2010,16.02,7.53,0
2010,21.27,5.65,0
2010,26.19,4.39,0
2010,28.46,3.14,0
2010,30.53,3.63,0
2010,32.57,5.3,0
2010,28.02,6.7,0
2010,26.6,8.38,0.26
2010,27,9.18,1.55
2010,26.41,10.11,1.45
2010,24,10.42,1
2010,21.59,9.84,0.03
2010,15.57,9.37,0.52
2010,13.18,7.17,0.22
2010,13.14,7.68,4.15
2010,14.9,6.62,0.01
2010,18.1,5.5,0
2010,21.76,4.89,0
2010,23.94,5.27,0
2010,23.92,6.22,0
2010,24.36,6.75,0
2010,24.9,4.95,0
2010,23.87,6.18,0
2010,20.93,7.93,0
2010,18.21,8.83,0.01
2010,15.38,8.73,0.5
2010,15.67,8.88,1.59
2010,16.71,9.14,13.38
2010,15.08,8.61,5.29
2010,14.15,9.02,1.63
2010,14.06,8.28,0.17
2010,14.05,8.19,0.24
2010,14.94,8.12,0.4
2010,15.62,6.89,2.43
2010,13.49,4.5,0
2010,14.31,2.59,0
2010,16.5,3.21,0
2010,16.7,5.31,0
2010,12.41,7.31,2.91
2010,12.87,5.55,0
2010,17.85,4.52,0.01
2010,20.88,4.67,0
2010,22.66,5.03,0
2010,23.15,5.1,0
2010,21.51,4.67,0
2010,15.87,6.68,0
2010,13.67,7.58,0.1
2010,12.15,5.64,2.42
2010,11.1,3.33,0
2010,10.49,5.1,0.01
2010,10.35,3.01,0
2010,12.56,2.49,0
2010,13.56,2.81,0
2010,14.92,3.86,0
2010,16.36,5.37,0
2010,15.47,5.38,0
2010,14.9,3.69,0
2010,16.17,4.9,0
2010,10.24,7.05,0.35
2010,10.18,7.67,16.07
2010,6.88,5.1,6.45
2010,6.57,4.2,0
2010,7.41,5.68,1.25
2010,6.83,3.85,0.34
2010,4.18,1.22,0.01
2010,7.43,1.44,0
2010,8.38,3.59,1.43
2010,5.16,3.63,0.18
2010,4.03,1.65,0
2010,6.66,1.6,0
2010,10.53,1.96,0
2010,14.31,2.81,0
2010,13.72,3.83,0
2010,11.02,4.73,0
2010,12.09,5.35,8.68
2010,11.63,5.5,0.28
2010,12.38,3.56,0.03
2010,13.82,3.54,0
2010,14.3,5.74,0
2010,14.13,6.97,0
2010,15.08,5.65,0.01
2010,17.17,4.89,0
2010,17.02,4.59,0
2010,12.46,5.24,0
2010,9.58,6.75,0.93
2010,9.06,6.21,1.91
2010,9.03,7.12,9.88
2010,11.19,8.18,9.02
2010,11.76,8.99,46.4
2010,11.64,8.92,58.26
2010,9.92,7.84,40.03
2010,10.09,7.92,69.21
2010,9.3,6.14,0.24
2010,10.01,5.72,0
2010,9.68,6.24,7.16
2010,8.57,5.56,1.44
2010,8.04,4.33,0
2010,9.07,4.86,0
2010,6.74,6.36,14.52
2010,1.96,3.02,0
2010,2.59,2.98,0
2011,3.82,2.79,0
2011,4.32,3.99,7.12
2011,6.01,5.46,4.57
2011,5.95,4.07,0.02
2011,6.7,3.85,0
2011,8.66,3.65,0
2011,8.85,4.59,0
2011,6.77,5.02,0
2011,6.18,5.36,0
2011,4.77,3.5,0
2011,6.04,3.32,0
2011,8.68,4.16,0
2011,10.97,4.82,0
2011,11.98,5.51,0
2011,13.44,5.4,0
2011,15.23,6.18,0
2011,16.88,7.45,0
2011,16.21,5.91,0
2011,13.62,5.88,0
2011,9.32,3.74,0
2011,10.82,3.79,0
2011,13.2,4.65,0
2011,9.74,3.68,0
2011,10.76,3.7,0
2011,11.95,4.63,0
2011,10.66,4.28,0
2011,10.75,4.04,0
2011,12.13,4.03,0
2011,10.21,4.86,0
2011,7.39,6.24,4.25
2011,8.09,4.88,0.07
2011,6.88,3.74,0.13
2011,3.09,1.84,0
2011,5.36,2.52,0
2011,8.85,4.04,0
2011,11.76,5.23,0
2011,12.71,5.38,0
2011,13.98,5.92,0
2011,8.69,4.75,0
2011,7.61,3.02,0
2011,7.37,2.91,0
2011,10.16,3.22,0
2011,13.01,3.52,0
2011,13.46,3.93,0
2011,8.85,5.39,0
2011,10.76,7.09,0.77
2011,9.22,7.11,7.6
2011,5.84,4.29,0
2011,8.11,5.9,16.98
2011,6.38,5.29,14.3
2011,5.4,4.45,1.65
2011,6.51,4.62,0
2011,7.26,4.38,0
2011,6.99,5.2,0
2011,7.67,5.37,0
2011,7.34,5.74,10.65
2011,4.24,4.49,20.25
2011,4.39,3.11,0
2011,7.35,3.48,0
2011,9.54,3.78,0
2011,9.88,5.65,0.61
2011,11.08,6.64,0.26
2011,12.14,4.98,0
2011,14.33,4.55,0
2011,12.2,6.27,0.31
2011,10.03,5.87,1.59
2011,10.54,4.49,0
2011,15.24,4.94,0
2011,17.13,5.24,0
2011,13.38,6.19,0
2011,11.26,6.26,0
2011,12.53,5.98,0
2011,14.52,6.63,0
2011,15.35,7.58,0
2011,14.6,8,0
2011,12.83,5.25,0
2011,10.31,4.27,0.02
2011,8.37,6.22,1.28
2011,8.18,6.57,33.14
2011,6.27,5.45,6.16
2011,7.74,5.08,0.28
2011,8.3,5.25,6.54
2011,7.78,5.38,1.14
2011,8.92,6.18,5.52
2011,8.26,5.82,0.43
2011,10.34,6.82,0.8
2011,11.67,6.43,0
2011,14.58,6.2,0
2011,17.96,6.99,0
2011,21.4,7.17,0
2011,21.76,7.38,0
2011,13.98,7.69,0
2011,13.12,6.81,0
2011,16.21,4.99,0
2011,16.44,6.03,0
2011,12.8,7.49,0.18
2011,9.17,6.66,1.29
2011,5.36,4.26,1.78
2011,6.55,4.25,0.32
2011,10.1,4.7,0
2011,13.43,5.5,0
2011,13.15,7.15,0
2011,10.68,6.06,0
2011,13.37,4.47,0
2011,18.08,5.22,0
2011,20.54,6.76,0
2011,18.49,8.27,0
2011,14.36,8.77,0.05
2011,15.04,8.24,0.03
2011,14.91,8.25,0.1
2011,13.85,7.61,0
2011,14,6.72,0
2011,13.46,7.3,0.03
2011,12.34,7.59,0.26
2011,15.25,7.01,0.02
2011,15.1,5.53,0
2011,18.59,5.57,0
2011,18.59,6.61,0
2011,15,5.27,0
2011,13.46,2.87,0
2011,15.15,3.24,0
2011,18.39,3.53,0
2011,20.79,4.29,0
2011,22.75,5.46,0
2011,22.33,6.23,0
2011,19.13,6.73,0
2011,14.87,7.36,0
2011,11.8,7.32,0.39
2011,11.01,6.09,0.25
2011,13.2,5.48,0
2011,15.7,6.36,0
2011,19.31,6.76,0
2011,18.01,6.54,0
2011,13.72,7.21,0.03
2011,10.4,5.41,1.72
2011,10.02,4.86,0.01
2011,10.02,6.71,3.44
2011,11.89,6.32,3.57
2011,13.39,5.81,0
2011,16.43,6.98,0
2011,16.47,7.37,0
2011,15.5,7.89,0
2011,12.79,6.85,0
2011,15,6.32,0
2011,17.14,6.31,0
2011,16,6.27,0
2011,18.09,7.09,0
2011,15.85,7.45,0.02
2011,13.36,5.06,0.57
2011,16.44,4.37,0
2011,16.7,4.52,0
2011,13.27,5.36,0
2011,15.91,4.68,0
2011,16.13,4.58,0
2011,14.42,6.09,0.01
2011,15.41,6.33,0.13
2011,15,6.96,0.15
2011,16.11,7.13,0.01
2011,16.69,8.46,0
2011,18.09,8.01,0
2011,17.89,8.3,0
2011,16.54,7.62,0
2011,16.14,7.58,0
2011,19.11,8.34,0.01
2011,22.56,7.99,0
2011,21.7,8.55,0
2011,18.27,8.97,0.01
2011,17.06,8.33,0.03
2011,18.38,7.81,0
2011,19.22,8.81,0
2011,24.61,6.78,0
2011,25.87,7.5,0
2011,24.87,7.27,0
2011,22.96,6.91,0
2011,21.06,7.17,0
2011,21.68,5.79,0
2011,23.48,6.08,0
2011,24.29,6.31,0
2011,21.98,6.22,0
2011,19.53,7.51,0
2011,22.32,6.89,0
2011,26.84,6.82,0
2011,27.97,7,0
2011,27.39,7.49,0
2011,27.09,11.41,0.52
2011,26.94,11.72,0.61
2011,27.23,11.95,1.89
2011,27.78,10.47,0.07
2011,25.8,11.39,0
2011,24.97,10.98,0
2011,23.56,7.52,0
2011,20.39,8.06,0
2011,19.15,8.33,0
2011,19.04,8.71,0
2011,18.61,8.97,0
2011,18.55,7.9,0
2011,19.81,7.71,0
2011,22.97,6.42,0
2011,25.08,5.31,0
2011,26.39,5.26,0
2011,25.27,5.12,0
2011,22.71,6.13,0
2011,21.72,6.53,0
2011,22.4,6.22,0
2011,25.35,6.28,0.01
2011,26.43,6.19,0
2011,24.8,7.06,0
2011,22.44,9.27,0
2011,23.06,9.21,0
2011,23.74,9.56,0.08
2011,23.7,11.14,0.99
2011,25.43,11.5,4.9
2011,27.85,10.08,0.97
2011,28.91,7.84,0.05
2011,27.77,5.4,0
2011,25.08,4.43,0
2011,22.96,5.8,0
2011,22.56,6.33,0
2011,24.23,5.62,0
2011,23.63,6.03,0
2011,22.66,6.37,0
2011,20.12,7.35,0
2011,20.4,7.94,0
2011,21.8,6.87,0
2011,22.95,7.83,0.09
2011,24.54,8.2,0
2011,25.1,6.38,0
2011,25.85,5.18,0
2011,27.09,4.76,0
2011,25.85,5.75,0
2011,23.35,7.11,0
2011,20,7.5,0
2011,21.05,5.72,0
2011,25.4,4.75,0
2011,28.84,5.41,0
2011,29.38,6.92,0
2011,30.53,6.7,0
2011,32.07,5.94,0.01
2011,32.97,7.18,0.33
2011,30.8,8.37,0.06
2011,28.99,6.96,0.33
2011,24.39,5.73,0
2011,22.21,5.45,0
2011,23.5,4.78,0
2011,25.19,4.23,0
2011,26.59,3.68,0
2011,27.8,5.58,0.03
2011,27.69,8.08,0.75
2011,29.76,9.49,0.02
2011,31.43,8.27,0
2011,29.01,6.26,0
2011,25.39,6.74,0.13
2011,21.58,8.73,0.76
2011,20.61,7.07,0.02
2011,22.8,5.99,0.01
2011,23.88,7.45,2.17
2011,22.64,7.92,0.42
2011,21.48,7.65,0.01
2011,18.7,8.38,0.02
2011,19.42,7.56,0
2011,24.04,6.23,0
2011,25.53,5.58,0
2011,24.48,5.91,0
2011,23.8,5.96,0
2011,26.75,5.43,0
2011,25.76,6.68,0.01
2011,20.73,7.95,0.06
2011,18.73,8.82,0
2011,20.72,7.26,0
2011,25.68,6.11,0
2011,24.67,6.89,0
2011,22.97,5.66,0
2011,23.91,6.51,0.2
2011,26.11,6.2,0.12
2011,24.81,6.78,0
2011,20.71,7.28,0
2011,14.88,7.63,0.8
2011,12.38,8.5,16.76
2011,11.86,5.97,0.05
2011,13.94,4.55,0
2011,17.06,4.33,0
2011,19.22,4.37,0.11
2011,19.28,5.01,0
2011,21.77,6.74,0
2011,24.66,5.14,0
2011,25.48,4.34,0
2011,23.61,5.88,0
2011,21.1,6.2,0.06
2011,21.62,6.25,0.23
2011,22.28,6.36,0
2011,22.68,5.13,0
2011,19.75,6.08,0
2011,17.82,5.74,0
2011,19.22,6.2,0
2011,22.47,3.99,0
2011,21.68,4.56,0
2011,17.12,6.06,0.02
2011,14.24,8.15,0.24
2011,14.69,4.79,0.03
2011,14.46,1.81,0
2011,16.63,1.87,0
2011,19.6,2.27,0
2011,20.67,2.69,0
2011,20.69,3.08,0
2011,18.17,3.49,0
2011,15.93,1.14,0.02
2011,13.94,4.26,0.01
2011,9.19,6.34,10.46
2011,7.47,3.61,0
2011,6.59,5.51,5.56
2011,8.48,3.86,0
2011,9.32,2.82,0.03
2011,11.66,2.16,0
2011,13.96,2.94,0
2011,13.49,4.22,0.04
2011,9.63,6.03,6.7
2011,13.66,6.25,0.05
2011,12.21,6.51,0
2011,12.35,6.08,0
2011,13.93,5.63,0
2011,14.49,4.42,0
2011,10.91,6.02,0.01
2011,10.08,6.08,0.02
2011,8.49,6.66,14.47
2011,9.36,4.98,0.73
2011,11.38,3.83,0
2011,12.19,5.22,0
2011,9.62,5.82,0.01
2011,10.99,4.41,0
2011,14.33,2.99,0
2011,15.75,2.7,0
2011,15.61,2.98,0
2011,16.42,3.23,0
2011,13.82,3.83,0
2011,8.79,2.76,0.16
2011,8.2,3.48,0.01
2011,5.46,2.37,0
2011,6,2.04,0
2011,5.09,1.7,0
2011,5.34,1.57,0
2011,7.95,2.08,0
2011,9.78,2.61,0
2011,10.35,2.65,0
2011,10.98,2.94,0
2011,7.85,5.11,0.01
2011,6.21,5.74,7.26
2011,7,5.27,2.94
2011,7.63,4.59,0.02
2011,6.71,4.16,1.44
2011,7.97,2.79,0.02
2011,9.59,3.79,0.33
2011,8.48,5.31,0.2
2011,8.3,5.49,0
2011,7.87,3.34,0
2011,8.64,3.55,0
2011,5.13,1.71,0
2011,6.9,1.56,0
2011,9.1,1.63,0
2011,10.36,2.05,0
2011,12.48,2.33,0
2011,11.58,2.47,0
2011,12.84,2.48,0
2011,14.8,3.12,0
2011,15.44,4.01,0
2011,15.1,3.46,0
2012,15.22,2.57,0
2012,15.62,2.74,0
2012,17.59,3.27,0
2012,16.86,3.11,0
2012,16.8,3.44,0
2012,15.71,3.68,0
2012,11.84,3.31,0
2012,10.57,2.22,0
2012,12.27,3.06,0
2012,13.43,3.34,0
2012,12.71,3.45,0
2012,11.25,1.93,0
2012,10.88,1.43,0
2012,10.78,2.18,0
2012,10.35,5.22,0.46
2012,7.44,5.46,1.04
2012,6.42,2.67,0
2012,9.76,2.26,0
2012,9.95,2.69,0
2012,9.67,5.31,0.02
2012,7.98,5.82,7.05
2012,7.21,4.03,0
2012,6.4,6.03,7.31
2012,9.33,3.68,0.01
2012,13.65,3.74,0.02
2012,15.83,4.8,0
2012,12.54,3.94,0
2012,11.33,1.61,0
2012,13.11,1.85,0
2012,12.81,3.24,0
2012,11.7,4.12,0
2012,11.91,4.92,0
2012,9.63,2.89,0
2012,9.07,2.15,0
2012,10.31,2.65,0
2012,10.69,2.73,0
2012,11.65,3.08,0
2012,10.45,3.41,0.46
2012,12.69,3.65,0.01
2012,15.57,3.77,0
2012,14.68,4.87,0
2012,9.45,6.76,0.46
2012,9.92,5.93,0.11
2012,7.53,5.89,1.58
2012,7.29,4.25,0.12
2012,5.48,5.07,6.98
2012,8.37,3.14,0.16
2012,11.12,2.49,0.07
2012,10.09,3.58,0.01
2012,8.03,4.73,0
2012,7.91,4.16,0
2012,11.61,2.85,0
2012,16.01,4.2,0
2012,16.53,4.06,0
2012,15.24,3.16,0
2012,12.67,4.3,0
2012,10.2,3.69,0
2012,6.35,5.39,6.78
2012,5.95,4.1,0.98
2012,7.14,4.89,0.13
2012,9.36,4.73,0.01
2012,8.9,2.01,0
2012,12.87,2.12,0
2012,17.43,3.02,0
2012,17.66,3.88,0
2012,8.7,5.86,0.43
2012,6.18,1.85,0
2012,11.15,2.03,0.03
2012,15.33,2.39,0
2012,14.25,3.66,0
2012,10.49,5.56,0
2012,10.17,5.1,0
2012,11,5.47,0
2012,11.87,5.58,0
2012,12.82,6.4,0
2012,12.55,7.1,0.21
2012,7.89,6.44,23.47
2012,4.75,4.22,4.32
2012,6.71,3.28,0.1
2012,11.58,3.2,0
2012,16.09,3.94,0
2012,15.69,5.11,0
2012,12.35,6.1,0
2012,10.9,6.04,0
2012,9.32,6.49,15.11
2012,9.91,5.56,1.6
2012,11.15,4.56,0
2012,11.7,5.6,0
2012,13.95,6.37,0
2012,15.02,6.3,0
2012,11.31,6.57,2.35
2012,10.48,4.25,0.06
2012,14.07,2.95,0
2012,16.24,3.55,0
2012,14.51,5.13,0
2012,11.55,4.47,0
2012,11.78,2.39,0
2012,16.23,2.04,0
2012,17.97,2.9,0
2012,17.01,3.32,0
2012,12.55,5.4,0.18
2012,9.96,6.42,7.47
2012,10.36,5.76,0.38
2012,7.83,6.1,15.74
2012,8.29,4.67,0.94
2012,12.88,5.03,0
2012,17.17,4.77,0
2012,19.82,4.94,0
2012,19.31,5.86,0
2012,20.34,6.6,0
2012,23.95,6.29,0
2012,23.62,6.11,0
2012,19.54,6.54,0.02
2012,14.54,7.39,0.19
2012,16.66,6.57,0.01
2012,18.54,7.1,4.31
2012,13.86,8.1,3.68
2012,16.3,5.44,0.04
2012,19.07,4.83,0
2012,19.76,6.04,0
2012,18.41,7.74,0.01
2012,14.98,8.46,0.27
2012,14.66,8.06,0.23
2012,14.9,7.52,0.05
2012,15.75,6.84,0.06
2012,17.31,4.55,0
2012,18.29,4.14,0
2012,19.54,3.99,0
2012,21.99,4.02,0
2012,23.33,4.82,0
2012,18.14,6.28,0
2012,17.96,6.28,0
2012,19.44,6.07,0
2012,20.13,6.01,0
2012,19.3,5.21,0
2012,19.31,5.34,0
2012,23.25,6.23,0
2012,21.28,6.74,0
2012,17.15,6.29,0
2012,19.51,6.73,0.01
2012,24.32,5.44,0
2012,24.77,5.19,0
2012,22.69,5.95,0
2012,19.94,6.25,0
2012,17.91,6.88,0
2012,13.24,6.53,0.15
2012,12.66,5.65,0.01
2012,17.41,5.26,0.01
2012,21.15,4.65,0
2012,21.32,4.79,0
2012,20.71,6.41,0
2012,24.68,5.91,0
2012,23.7,6.68,0
2012,20.46,7.45,0
2012,19.44,7.46,0
2012,17.99,8,0
2012,17.62,5.23,0
2012,19.42,4.02,0
2012,22.69,4.58,0
2012,21.05,7.01,0
2012,18.67,6.22,0
2012,20.09,4.24,0
2012,21.36,5.08,0
2012,22.53,5.54,0
2012,20.66,5.84,0
2012,18.54,6.75,0
2012,19.24,8.13,0
2012,23.98,7.5,0
2012,25.19,5.88,0
2012,23.3,5.29,0
2012,20.52,6.45,0
2012,21.29,6.68,0
2012,20.95,6.46,0
2012,19.91,6.67,0
2012,19.68,6.85,0.01
2012,20.26,6.56,0.02
2012,19.98,4.57,0
2012,21.98,4.92,0
2012,23.72,4.28,0
2012,24.85,4.03,0
2012,24.6,4.24,0
2012,23.46,5.93,0
2012,21.98,8,0
2012,21.63,8.28,0
2012,21.04,6.87,0
2012,20.51,6.93,0.02
2012,20.6,7.07,0.1
2012,22.22,6.01,0
2012,23.76,4.91,0
2012,26.36,3.93,0
2012,28.93,4.06,0
2012,29.91,5.78,0
2012,29.3,6.35,0
2012,27.69,10.33,2.3
2012,26.99,11.19,2.67
2012,24.83,8.1,0.06
2012,22.06,6.26,0.06
2012,18.6,6.19,0
2012,18.45,7.47,0
2012,22.71,6.04,0
2012,27.35,6.4,0
2012,26.97,7.69,0
2012,27.79,7.12,0
2012,26.51,8.3,0.01
2012,24.83,6.67,0
2012,23.35,4.54,0
2012,22.19,5.13,0
2012,21.84,4.53,0
2012,21.56,4.82,0
2012,23.52,3.69,0
2012,25.12,4.33,0
2012,26.06,8.28,0.3
2012,25.57,7.45,0.79
2012,26.71,7.73,0.03
2012,26.79,7.36,0
2012,24.16,8.22,0
2012,24.08,8.33,0.01
2012,26.87,6.78,0.1
2012,30.75,6.95,0.11
2012,31.25,6.72,0.02
2012,31.59,8.1,0
2012,32.23,7.48,0
2012,31.72,8.66,0.81
2012,31.41,9.46,0.17
2012,32.59,9.47,1.47
2012,31.55,8.73,0.47
2012,29.92,8.34,0.21
2012,28.32,7.71,0
2012,29.71,7.69,0.1
2012,29.49,10.52,0.99
2012,28.18,10.62,0.46
2012,28.34,9.08,0
2012,27.56,9.46,0.11
2012,25.51,10.53,0.08
2012,25.12,11.11,0.44
2012,24.48,10.25,0.01
2012,23.6,7.89,0
2012,22.48,7.38,0
2012,22.56,4.87,0
2012,27.25,5.07,0
2012,30.82,5.44,0
2012,29.1,8.14,0.53
2012,27.51,8.71,1.96
2012,26.27,7.56,0.69
2012,25.12,4.31,0
2012,25.77,3.56,0
2012,27.12,4.66,0
2012,28.08,6.38,0.14
2012,26.4,8.86,0.06
2012,25.82,9.41,0.01
2012,26.17,9.63,0
2012,27.84,8.71,0.1
2012,28.4,10.75,0.98
2012,25.73,12.88,1.15
2012,23.48,13.1,0.21
2012,25.08,9.94,0
2012,27.92,5.44,0
2012,29.85,5.67,0
2012,29.51,5.13,0
2012,25.94,6.81,0
2012,24.36,6.24,0
2012,25.49,5.11,0
2012,27.2,5.06,0
2012,28.42,5.23,0
2012,27.52,6.55,0
2012,26.93,6.67,0
2012,29.07,5.5,0
2012,24.47,6.31,0
2012,21.17,6.66,0
2012,22.51,6.57,0
2012,24.5,6.73,0
2012,25.31,5.94,0
2012,26.7,5.84,0
2012,28.74,4.43,0
2012,30.16,3.66,0
2012,29.22,4.39,0
2012,24.3,6.53,0
2012,20.17,7.05,0
2012,19.22,8.15,0
2012,19.75,6.88,0
2012,20.37,7.98,0
2012,18.92,7.68,0
2012,17.34,7.85,0
2012,15.7,7.87,0.07
2012,13.58,7.39,3.88
2012,13.69,7.14,0.16
2012,17.48,6.47,0
2012,22.22,5.2,0
2012,23.51,4.78,0.01
2012,24.46,4.52,0.01
2012,25.55,4.35,0
2012,22.06,8.34,0
2012,20.6,9.72,0
2012,17.24,9.84,0.21
2012,16.58,9.33,0.32
2012,14.99,8.11,0.11
2012,13.48,6.46,0.1
2012,14.14,4.45,0
2012,16.26,3.15,0
2012,17.7,1.87,0
2012,20.1,1.97,0
2012,20.66,2.65,0
2012,21.14,3.09,0
2012,20.54,2.93,0
2012,17.7,4.26,0
2012,14.81,4.83,0
2012,15.15,5.92,0
2012,18.45,3.29,0
2012,20.13,2.42,0
2012,22.12,3.11,0
2012,21.55,4.6,0
2012,17.98,4.5,0
2012,13.15,7.61,2.42
2012,9.63,5.45,1.92
2012,7.12,3.33,0.14
2012,7.68,2.24,0
2012,10.61,1.49,0.03
2012,14.96,1.97,0
2012,15.65,2.82,0
2012,14.57,4.05,0.16
2012,13.61,7.2,0.59
2012,13.39,8.76,2.63
2012,13.32,7.85,0.31
2012,13.38,6.41,0
2012,14.71,4.64,0
2012,14.3,5.65,0
2012,14.99,5.59,0
2012,16.67,3.52,0
2012,18.8,3.51,0
2012,17.6,4.48,0
2012,14.8,4.68,0
2012,15.28,5.09,0
2012,11.86,6.57,0.99
2012,12.67,8.94,2.31
2012,13.87,9.85,5.26
2012,13.09,8.62,0.45
2012,13.19,8.98,2.01
2012,13.9,8.85,2.34
2012,15.01,6.13,0
2012,15.73,5.82,0
2012,14.29,7.07,0.01
2012,13.86,4.38,0.01
2012,13.06,3.04,0
2012,12.41,2.83,0
2012,12.87,3.11,0
2012,12.81,4.55,0
2012,10.32,7.49,3.17
2012,8.91,6.54,15.07
2012,6.5,4.64,1.35
2012,6.82,4.28,0.75
2012,7.83,6.1,0.54
2012,10.18,7.41,1.11
2012,8.39,5.87,6.87
2012,4.26,2.03,0
2012,6.76,1.76,0
2012,8.26,2.46,0.01
2012,8.66,5.02,0.02
2012,8.22,6.49,0.21
2012,9.46,5.95,5.73
2012,7.27,2.7,0
2012,6.59,4.9,3.87
2012,5.86,3.79,0.03
2012,6.53,2.75,0
2012,5.63,4.27,3.36
2012,4.5,4.12,1.59
2012,4.62,2.72,0
2013,5.64,2.16,0
2013,6.53,2.13,0
2013,6.67,1.87,0
2013,6.94,1.93,0
2013,8.42,2.35,0
2013,6.25,4.48,1.75
2013,6.85,3.02,0
2013,11.2,4.15,0.07
2013,11.87,4.89,0
2013,7.09,4.51,1.53
2013,2.06,2.61,0
2013,2.22,1.96,0
2013,2.14,1.58,0
2013,0.94,1.17,0
2013,4.22,1.95,0
2013,7.63,2.62,0
2013,9.85,2.21,0
2013,10.92,2.34,0
2013,10.99,2.21,0
2013,11.17,2.33,0
2013,11.84,2.06,0
2013,13.6,2.53,0
2013,14.76,4.23,0.54
2013,12.65,8.13,7.28
2013,12.91,8.17,8.41
2013,12.7,8.54,5
2013,8.73,6.52,1.48
2013,5.01,3.31,0.09
2013,6.79,3.99,0.11
2013,10.36,3.91,0
2013,12.64,3.78,0
2013,14.06,3.88,0
2013,15.8,4.52,0.39
2013,14.82,5.45,0.04
2013,13.96,4.05,0.01
2013,11.54,4.62,0
2013,10.36,4.65,0
2013,9.54,4.76,0.12
2013,5.07,4.86,6.25
2013,4.84,3.99,0.08
2013,5.47,4,0.05
2013,5.81,2.63,0.13
2013,7.47,2.18,0
2013,10.46,3.03,0
2013,12.53,3.45,0
2013,13.63,2.89,0
2013,14.95,2.75,0
2013,12.13,4.2,0
2013,9.59,4.73,0
2013,6.6,5.06,5.23
2013,5.12,3.68,1.7
2013,6.24,3.52,0.04
2013,8.57,2.81,0
2013,9.57,3.87,0.11
2013,7.7,1.74,0
2013,9.07,2.31,0
2013,9.58,2.52,0
2013,10.1,1.97,0
2013,13.19,2.23,0
2013,16.31,2.87,0
2013,17.31,3.64,0
2013,13.56,5.54,0
2013,12.84,5.93,0.01
2013,11.52,6.06,0.05
2013,9.71,5.5,0.07
2013,8.35,6.13,2.28
2013,6.38,5.21,14.06
2013,9.24,4.73,0.22
2013,12.07,2.8,0.01
2013,15.41,2.94,0
2013,17.86,3.44,0
2013,20.6,4.18,0
2013,21.78,4.23,0
2013,19.74,4.37,0
2013,15.94,5.48,0
2013,14.27,5.12,0
2013,14.06,5.3,0
2013,14.37,5.83,0
2013,15.57,6.17,0
2013,14.42,5.98,0
2013,13.73,4.76,0
2013,13.88,3.18,0
2013,16.12,3.95,0
2013,17.22,4.47,0
2013,15.41,4.92,0
2013,13.7,6.67,0
2013,15.85,6.61,0
2013,17.11,5.36,0
2013,16.06,5.04,0
2013,13.59,6.76,0.01
2013,13.06,6.84,0.05
2013,15.04,6.09,0
2013,17.88,5.22,0
2013,16.27,6.07,0
2013,15.08,7.31,0.15
2013,15.23,6.51,0
2013,15.42,6.31,0
2013,12.35,5.1,0.64
2013,12.78,2.78,0
2013,16.19,2.93,0
2013,15.56,5.19,0
2013,17.42,6.4,0
2013,14.53,6.66,0
2013,13.64,7.04,0.1
2013,11.41,6.68,0.2
2013,11.01,3.41,0.13
2013,11.75,2.3,0.03
2013,14.31,1.91,0
2013,17.66,2.49,0
2013,20.08,4.39,0
2013,20.76,4.75,0
2013,17.6,5.58,0
2013,17.84,5.06,0
2013,15.07,7.1,0.15
2013,15.2,7.23,0.04
2013,18.13,6.27,0
2013,21.37,5.06,0
2013,21.35,5.68,0
2013,19.67,5.69,0
2013,15.83,7.3,0
2013,20.25,3.97,0
2013,21.09,1.85,0
2013,22.77,2.26,0
2013,17.33,5.96,0
2013,12.45,7.5,0.87
2013,13.51,7.84,5.14
2013,13.77,6.78,1.04
2013,14.65,7.18,0.32
2013,16.16,8.1,0.92
2013,20.63,6.9,0
2013,24.99,5.58,0
2013,27.69,5.26,0
2013,28.74,5.35,0
2013,21.51,5.71,0
2013,18.69,7.36,0
2013,17.29,7.27,0
2013,17.01,7.91,0
2013,17.74,6.12,0
2013,20.03,5.51,0
2013,22.89,4.72,0
2013,21.92,6.24,0.13
2013,17.08,7.38,0.02
2013,15.73,5.68,0
2013,15.87,5.93,0
2013,15.77,6.16,0
2013,16.49,6.64,0
2013,18.39,6.51,0
2013,19.27,7.68,0
2013,21.56,6.99,0
2013,21.46,7.46,0
2013,23.52,6.03,0
2013,26.42,5.74,0
2013,21.01,8.28,0
2013,18.71,7.82,0
2013,18.54,7.66,0
2013,20.47,7.22,0
2013,20.93,7.09,0
2013,22.4,6.39,0
2013,21.54,6.34,0
2013,19.75,6.24,0
2013,18.17,6.64,0
2013,23.48,5.7,0
2013,20.28,7.38,0
2013,21.76,5.93,0
2013,20.06,5.72,0
2013,18.4,6.15,0
2013,20.86,6.67,0
2013,22.77,5.37,0
2013,21.79,5.82,0
2013,20.99,5.37,0
2013,21.61,4.6,0
2013,21.81,5.23,0.01
2013,21.74,6.1,0
2013,19.13,7.18,0
2013,19.29,9.69,0.03
2013,23.08,10.28,0.02
2013,27.07,8.32,0
2013,28.94,6.32,0
2013,29.78,7.11,0
2013,32.08,6.72,0
2013,31.34,7.56,0
2013,27.05,7.39,0
2013,26.7,6.49,0
2013,28.69,7.77,0
2013,26.66,8.28,0
2013,24.25,9.23,0
2013,24.51,8.05,0
2013,26.86,6.12,0
2013,29.65,5.19,0
2013,30.16,6.01,0
2013,27.41,7.3,0.01
2013,24.71,9.99,0.09
2013,25.49,9.38,0
2013,26.73,6.55,0
2013,27.5,6.43,0
2013,26.93,5.77,0
2013,24.46,3.95,0
2013,26.3,3.5,0
2013,26.93,4.82,0
2013,25.99,6.03,0
2013,23.25,9.94,2.02
2013,23.14,11.61,1.02
2013,24.33,12.43,1.78
2013,24.91,11.81,0.11
2013,25.91,9.97,0
2013,25.85,7.88,0.12
2013,25.56,10.23,0.64
2013,25.16,9.04,0
2013,21.9,6.37,0
2013,21.34,5.87,0
2013,21.64,6.96,0
2013,20.09,6.34,0
2013,21.02,7.1,0
2013,20.78,7.07,0
2013,21.85,6.43,0
2013,22.99,4.9,0
2013,23.56,4.38,0
2013,22.04,4.78,0.02
2013,22.3,4.89,0
2013,21.62,5.54,0
2013,20.03,5.97,0
2013,20.73,6.61,0
2013,22.21,6.44,0
2013,23.08,6.84,0
2013,24.58,6.13,0
2013,26.99,5.63,0
2013,26.82,5.87,0
2013,27.44,6.61,0
2013,27.99,6.68,0
2013,27.92,6.52,0.25
2013,26.92,8.03,0.24
2013,26.5,6.13,0.03
2013,28.36,6.2,0
2013,28.59,6.4,0.01
2013,27.26,5.22,0.06
2013,26.6,4.67,0.19
2013,26.47,8.5,0.88
2013,26.79,11.76,1.33
2013,27.84,10.89,0.02
2013,29.13,10.39,0.09
2013,29.12,10.91,0.71
2013,28.1,13.5,1.6
2013,27.81,12.69,0.05
2013,27.26,11.44,0.01
2013,27.77,10.23,0.03
2013,29.41,9.69,0.98
2013,30.21,10.17,0.31
2013,30.38,9.14,0.73
2013,30.95,8.32,0.11
2013,29.15,8.35,1.62
2013,27.68,7.58,0.4
2013,24.55,8.26,0.08
2013,21.75,6.93,0.01
2013,21.68,6.39,0
2013,24.83,4.9,0
2013,26.38,6.19,0
2013,28.16,6.67,0
2013,28.77,6.82,0
2013,27.87,6.16,0
2013,22.9,6.16,0.01
2013,20.92,6.46,0
2013,22.06,6.65,0
2013,19.3,9.12,0
2013,18.03,9,0
2013,18.07,6.48,0
2013,23.11,4.76,0
2013,23.16,5.51,0
2013,17.75,9.06,0
2013,16.02,5.49,0
2013,17.87,3.17,0.04
2013,21.1,2.65,0
2013,22.38,3.17,0
2013,21.9,5,0
2013,20.15,6.29,0
2013,17.13,8.25,0
2013,16.27,6.49,0
2013,18.04,2.23,0
2013,19.29,2.02,0
2013,21.67,2.25,0
2013,20.53,3.48,0
2013,15.5,6.46,0.01
2013,11.34,7.17,8.37
2013,12.1,6.34,0.21
2013,15.53,6.05,0
2013,17.02,5.34,0
2013,13.9,6.8,0
2013,16.92,3.89,0
2013,18.04,3.5,0
2013,18.26,3.12,0
2013,19.11,3.72,0
2013,19.93,3.28,0
2013,21.23,3.09,0
2013,20,3.7,0
2013,19.65,3.4,0
2013,19.86,4.42,0.01
2013,17.36,6.35,0
2013,16.41,6.68,0
2013,18.62,5.48,0
2013,22.12,3.78,0
2013,18.74,5.6,0.09
2013,11.1,6.92,2.38
2013,10.86,6,0.23
2013,12.26,4.61,0.06
2013,14.75,2.82,0
2013,17.51,3.22,0
2013,16.22,4.28,0
2013,13.87,7.28,0
2013,12.57,5.67,0.01
2013,12.06,1.89,0.01
2013,15.19,1.72,0.01
2013,18.34,2.24,0
2013,18.56,3.18,0
2013,17.36,3,0
2013,17.95,3.38,0.01
2013,18.62,3.84,0
2013,18.38,3.04,0
2013,20.47,3.19,0
2013,19.69,4.1,0
2013,13.79,8.52,0.08
2013,12.06,7.84,0.34
2013,12.74,6.8,0.04
2013,12.53,6.84,0
2013,12.21,7.49,0.02
2013,12.85,7.99,1.09
2013,12.2,8.44,14.36
2013,8.66,5.19,5.45
2013,9.14,4.79,0.64
2013,9.49,4.69,0.01
2013,11.49,3.82,0
2013,12.96,3.77,0
2013,12.82,3.82,0
2013,11.37,4.76,0.01
2013,12.61,5.52,2.85
2013,13.31,4.66,0
2013,13.66,3.46,0
2013,14.1,3.45,0
2013,11.13,6.42,0.72
2013,7.1,3.47,0.02
2013,5.44,3.34,0.01
2013,6.21,4.61,0
2013,4.19,4.76,3.91
2013,2.78,2.3,0.01
2013,2.71,1.18,0
2013,6.77,1.62,0
2013,8.43,2.17,0
2013,9.53,3.01,0
2013,8.84,3.57,0.08
2013,9.77,2.6,0
2013,12.5,3.04,0
2013,15.07,3.79,0
2013,17.07,3.95,0
2013,13.8,5.38,0
2013,7.66,6.09,4.2
2013,7.38,3.33,0
2013,8.32,4.22,0
2013,9.62,3.77,0.03
2013,11.7,3.64,0
2013,13.38,4.05,0
2013,12.13,2.45,0
2013,11.69,2.15,0
2013,14.04,2.58,0
2013,14.3,3.27,0
2013,10.27,2.29,0.01
2013,12.34,2.43,0
2013,13.52,2.78,0
2014,12.86,2.97,0
2014,14.76,3.64,0
2014,15.59,3.86,0
2014,13.06,4.72,0
2014,10.86,1.84,0
2014,11.76,1.99,0
2014,13.49,3.17,0
2014,12.16,3.75,0
2014,11.06,4.54,0
2014,13.36,4.14,0
2014,15.07,4.21,0.01
2014,11.84,3.53,0
2014,12.38,2.43,0
2014,14.05,2.23,0
2014,15.22,2.63,0
2014,14.68,1.99,0
2014,15.16,2.18,0
2014,15.34,2.16,0
2014,15.78,2.46,0
2014,15.68,2.24,0
2014,15.85,2.56,0
2014,16.26,2.95,0
2014,13.77,2.7,0
2014,13.55,2.73,0
2014,15.19,3.87,0
2014,13.61,5.75,0.02
2014,13.3,4.56,0
2014,15.29,3.33,0
2014,16.35,3.81,0
2014,11.2,6.74,1.01
2014,9.47,5.4,1.26
2014,6.72,2.44,0
2014,7.56,3.37,0.25
2014,8.22,5.03,0.6
2014,8.24,4.4,0
2014,8.34,3.91,0
2014,8.15,6.18,2.71
2014,9.26,5.94,0.33
2014,11.05,6.64,0.02
2014,11.53,6.64,0.01
2014,13.13,6.09,0
2014,15.17,3.79,0
2014,18.04,3.58,0
2014,19.25,3.77,0
2014,19.47,3.31,0
2014,19.59,3.03,0
2014,17.01,4.36,0
2014,14.93,4.88,0
2014,13.87,4.28,0
2014,14.21,4.6,0
2014,16.12,2.36,0
2014,17.36,3.22,0
2014,16.29,4.02,0
2014,15.26,3.98,0
2014,15.7,3.68,0
2014,13.54,5.94,0
2014,12.17,6.78,0.13
2014,13.1,6.73,6.78
2014,12.23,8.86,50
2014,9.71,6.96,12.38
2014,9.8,6.76,1.66
2014,11.91,5.99,0.14
2014,13.81,6.75,0
2014,16.34,5.52,0
2014,15.89,6.96,0
2014,14.27,4.66,0
2014,15.27,3.12,0
2014,17.38,3.38,0
2014,18.1,3.94,0
2014,15.08,4.4,0
2014,14.19,3.61,0
2014,14.01,4.18,0.04
2014,14.44,4.24,0.02
2014,17.59,3.74,0
2014,19.68,3.22,0
2014,16.56,4.95,0
2014,13.99,3.51,0
2014,14.98,2.91,0
2014,15.35,4.69,0
2014,13.54,6.78,0
2014,13.95,6.71,0
2014,14.69,6.52,0
2014,16.52,6.63,0
2014,14.22,7.09,0.07
2014,11.53,6.75,2.13
2014,11.19,5.47,0.08
2014,13.94,5.46,0
2014,16.5,5.44,0
2014,13.28,5.47,0.08
2014,11.26,5.82,0.55
2014,10.05,5.2,3.64
2014,8.45,4.87,2.61
2014,11.23,4.21,0
2014,10.65,4.58,0.02
2014,12,5.15,0
2014,16.9,3.81,0
2014,20.85,4.12,0
2014,23.23,4.11,0
2014,22.17,3.2,0
2014,21.32,3.1,0
2014,18.71,4.14,0
2014,13.37,6.69,0
2014,15.01,6.99,0
2014,19.22,3.63,0
2014,20.47,3.86,0
2014,17.93,5.54,0
2014,16.5,6.46,0
2014,15.87,7.23,0.04
2014,17.89,7.16,0
2014,19.67,6.35,0
2014,20.23,5.57,0
2014,15.24,6.36,0
2014,15.41,4.25,0
2014,17.9,5.02,0
2014,13.41,7.57,5.57
2014,11.5,5.08,2.31
2014,14.38,5.11,0
2014,18.26,4.9,0
2014,20.21,2.76,0
2014,19.94,2.42,0
2014,22.46,2.68,0
2014,25.08,3.43,0
2014,24.09,4.07,0
2014,19.75,5.48,0
2014,14.69,6.67,0
2014,13.12,5.54,0.32
2014,13.18,6.11,0
2014,15.24,6.45,0
2014,16.78,7.4,0
2014,16.34,5.66,0
2014,16.65,2.79,0
2014,20.81,2.77,0
2014,21.74,2.68,0
2014,24.73,2.58,0
2014,26.75,3.07,0
2014,27.06,4.41,0
2014,23.27,5.91,0
2014,19.21,6.77,0
2014,16.95,7.27,0
2014,14.21,6.69,0.01
2014,15.52,7.22,0
2014,15.54,8.01,1.17
2014,18.15,8.31,0.03
2014,18.64,8.7,0.02
2014,22.61,8.87,0
2014,23.23,8.92,0
2014,23.95,6.37,0
2014,22.21,6.6,0
2014,20.72,6.56,0
2014,22.75,4.6,0
2014,22.65,4.44,0
2014,22.91,4.56,0
2014,21.22,4.6,0
2014,22.2,3.79,0
2014,22.48,3.32,0
2014,23.55,4.7,0
2014,21.5,7.22,0
2014,21.75,7.48,0
2014,24.37,7.88,0
2014,25.18,6.74,0
2014,20.25,7.62,0
2014,20.38,6.78,0
2014,20.88,4.9,0
2014,20.14,5.28,0
2014,20.92,5.85,0
2014,19.27,6.56,0
2014,18.05,6.92,0
2014,17.71,6.93,0
2014,19.81,5.66,0
2014,23.1,5.8,0
2014,25.55,5.21,0
2014,24,5.69,0
2014,22.09,6.16,0
2014,21.25,7.5,0
2014,23.19,7.69,0
2014,22.98,8.69,0
2014,21.92,9.42,0
2014,23,8.51,0
2014,24.18,9.72,0
2014,25.49,8.8,0
2014,24.57,8.64,0
2014,24.87,7.29,0
2014,24.43,7.19,0.01
2014,26.38,6.33,0.07
2014,27.3,7.56,0.19
2014,27.79,6.89,1.78
2014,28.11,7.32,0.01
2014,27.21,7.34,0
2014,26.08,7.17,0
2014,25.18,6.63,0.05
2014,23.79,6.98,0.02
2014,23.96,7.09,0
2014,24.66,7.86,0
2014,27.01,9.31,0
2014,24.64,10.39,0.28
2014,23.51,11.41,0
2014,22.17,8.87,0
2014,20.53,8.32,0
2014,21.42,9.11,0
2014,22.61,9.56,0
2014,22.1,11.36,0
2014,23.24,10.17,0
2014,25.47,7.27,0
2014,28.21,5.86,0
2014,29.84,5.42,0
2014,27.9,7.25,0.12
2014,27.66,5.74,0.05
2014,27.12,7.01,0.45
2014,27.05,7.08,0.33
2014,28.22,8.65,0
2014,28.02,8.92,0
2014,29.51,8.16,0
2014,28.59,7.17,0.07
2014,26.19,10.91,2.68
2014,24.91,13.92,5.92
2014,24.16,10.14,0.04
2014,23.24,4.83,0
2014,21.86,5.96,0
2014,22.12,7.76,0
2014,23.32,8.7,0
2014,23.91,8.8,0
2014,24.91,7.92,0
2014,26.62,7.71,0.03
2014,25.33,9.4,0.13
2014,23.8,9.27,0
2014,24.33,8.18,0
2014,26.92,8.93,0
2014,28.16,6.94,0
2014,28.14,6.49,0
2014,26.18,6.16,0.45
2014,21.1,8.65,0.16
2014,21.74,8.9,1.08
2014,23.27,11.03,0.33
2014,23.68,10.05,0
2014,22.42,7.08,0
2014,22.03,6.17,0
2014,21.61,7.17,0
2014,24.42,8.19,0
2014,26.98,6.78,0
2014,28.61,6.9,0
2014,27.36,5.87,0
2014,28.15,6.01,0
2014,26,7.34,0
2014,24.98,7.13,0
2014,24.08,6.35,0
2014,23.15,6.86,0
2014,22.27,8.29,0
2014,25.22,6.63,0
2014,28.48,9.78,0.21
2014,28.51,10.36,2.17
2014,25.8,11.23,0.86
2014,25.08,9.95,0.14
2014,26.34,7.35,0
2014,27.98,6.99,0
2014,28.93,6.79,0
2014,30.76,6.64,0
2014,32.13,7.59,0
2014,32.51,8.18,0
2014,31.28,10.87,0.72
2014,29,11.16,0.07
2014,22.62,11.26,0
2014,21.8,10.39,0
2014,21.02,10.88,0
2014,20.85,9.14,0
2014,23.73,6.39,0
2014,25.39,5.12,0
2014,27.47,6.7,0
2014,26.34,9.4,0
2014,22.09,9.07,0
2014,17.38,8.58,0
2014,17.82,9.1,0
2014,20.34,7.33,0
2014,22.62,5.84,0
2014,22.26,6.23,0
2014,24.2,2.66,0
2014,25.17,2.12,0
2014,26.92,3.24,0
2014,27.1,4.29,0
2014,26.35,3.52,0
2014,25.97,3.94,0
2014,23.6,5.82,0
2014,20.46,7.68,0
2014,21.04,7.11,0
2014,23.02,5.91,0
2014,22.79,5.57,0
2014,23.01,3.6,0
2014,20.3,6.18,0
2014,17.8,8.65,0
2014,18.17,9.56,0
2014,17.77,9.11,0
2014,18.33,8.16,0
2014,19.47,8.86,0
2014,19.37,8.64,0
2014,19.38,6.55,0
2014,21.74,4.83,0
2014,23.96,3.75,0
2014,23.39,4.05,0
2014,20.12,7.24,0
2014,16.23,8.67,0
2014,16.38,5.1,0
2014,19.2,4.56,0
2014,21.38,3.45,0
2014,20.13,5.16,0
2014,15.86,9.22,2.24
2014,12.1,7.21,7.36
2014,11.59,5.53,0
2014,12.07,3.01,0.01
2014,13.95,2.26,0
2014,17.66,2.92,0
2014,20.39,3.69,0
2014,21.05,3.44,0
2014,21.4,3.67,0
2014,20.09,4.58,0
2014,14.2,6.45,0
2014,13.85,8.43,0
2014,14.47,8.49,0
2014,14.47,8.82,0.04
2014,15.13,8.62,0.06
2014,13.28,7.48,0
2014,11.56,2.13,0
2014,12.74,1.43,0
2014,14.01,2.23,0
2014,14.02,2.87,0
2014,13.06,5.79,0.25
2014,13.12,6.31,2.81
2014,13.63,6.8,0
2014,12.44,3.36,0
2014,12.6,1.97,0
2014,14.81,2.03,0
2014,17.65,2.69,0
2014,19.63,2.94,0
2014,18.96,2.9,0
2014,14.52,5.36,0
2014,13.09,8.65,2.86
2014,14.07,6.73,0.01
2014,12.95,8.12,23.64
2014,15.19,10.79,18.05
2014,13.94,8.57,3.23
2014,13.02,8.03,0.04
2014,14.33,7.51,0.07
2014,15.25,6.47,0.01
2014,16.16,5.63,0
2014,15.49,4.79,0
2014,15.37,4.99,0
2014,13.35,7.61,0.65
2014,11.09,7.86,28
2014,9.14,5.42,0.37
2014,9.29,4.9,0
2014,9.42,4.74,0.03
2014,9.39,7.17,4.71
2014,9.14,6.58,6.14
2014,9.42,5.42,0.09
2014,10.05,5.07,0
2014,10.29,6.39,0
2014,12.09,6.69,0
2014,15.09,6.23,0
2014,14.22,4.28,0
2014,11.93,4.3,0.01
2014,7.25,3.5,0.01
2014,4.91,2.02,0
2014,5.3,2.07,0
2014,7.15,2.72,0
2014,6.69,4.04,0
2014,6.15,4.9,3.74
2014,3,1.75,0.57
2015,3.14,1.78,0.05
2015,5.99,2.57,0
2015,7.36,3.5,0
2015,9.38,3.56,0
2015,12.83,3.36,0
2015,15.04,3.7,0
2015,15.47,4.45,0
2015,15.81,5.45,0
2015,13.35,5.99,0
2015,13.11,6.03,3.3
2015,11.18,7.76,12.02
2015,11.08,6.96,0.04
2015,10.56,4.61,0
2015,10.2,3.53,0
2015,11.64,3.64,0
2015,13.25,3.73,0
2015,14.57,3.85,0
2015,15.76,4.46,0
2015,15.88,4.88,0
2015,13.12,5.17,0
2015,11.58,4.03,0
2015,11.37,2.61,0
2015,11.45,2.45,0
2015,12.18,3.11,0
2015,14.86,3.85,0
2015,14.18,6.13,5.47
2015,13.13,6.82,0.06
2015,13.99,6.22,0
2015,14.69,6.14,0.06
2015,12.37,6.97,1.44
2015,12.34,6.15,0.29
2015,13.54,3.58,0
2015,16.2,3.96,0
2015,17.05,4.41,0
2015,17,4.14,0
2015,17.58,4.48,0
2015,15.55,4.6,0
2015,14.22,7.58,0.34
2015,16.49,9.05,0.03
2015,15.57,6.93,0
2015,14.87,4.54,0
2015,15.6,3.14,0
2015,16.76,3.67,0
2015,17.78,3.9,0
2015,18.58,4.21,0
2015,18.12,4.79,0
2015,16.78,5.51,0
2015,15.38,5.65,0
2015,17.31,4.51,0
2015,15.54,4.82,0
2015,14.2,5.48,0
2015,12.58,6.87,0
2015,11.17,7.42,13.68
2015,9.68,5.7,5.44
2015,10.66,2.9,0
2015,13.45,3.95,0.23
2015,13,5.83,0.02
2015,11.25,7.31,0.1
2015,9.84,6.14,0.92
2015,9.21,6.1,6.72
2015,7.89,5.78,6.18
2015,9.86,4.68,0.2
2015,10.65,3,0
2015,11.86,2.7,0
2015,14.13,2.61,0
2015,17.05,3.12,0
2015,17.3,4.31,0
2015,16.73,4.1,0
2015,18.59,4.25,0
2015,18.16,4.66,0.02
2015,17.55,5.5,0
2015,19.15,4.93,0
2015,21.34,4.92,0
2015,22.05,5.35,0
2015,21.07,4.86,0
2015,18.11,6.2,0
2015,15.59,8.78,0.51
2015,17.58,7.34,0.2
2015,18.55,4.99,0
2015,16.64,5.97,0
2015,13.87,7.41,0
2015,14.52,6.54,0
2015,16.14,6.1,0
2015,18.26,5.07,0
2015,21.2,4.2,0
2015,22.9,4.79,0
2015,21.61,4.6,0
2015,20.77,4.43,0
2015,20.47,4.69,0
2015,17.55,4.97,0
2015,15.16,5.07,0
2015,15.09,4.38,0
2015,17.68,2.72,0
2015,17.95,3.68,0
2015,12.82,6.29,0
2015,10.94,5.31,0
2015,10.31,5.47,2.53
2015,12.11,4.36,0.05
2015,14.65,4.47,0
2015,13.9,5.73,0
2015,15.67,5.46,0
2015,17.51,5.78,0
2015,17.07,6.71,0
2015,16.23,5.46,0
2015,15.55,2.25,0
2015,16.62,2.52,0
2015,18.49,3.51,0
2015,19.2,4.53,0
2015,18.24,5.17,0
2015,15.25,5.68,0
2015,13.55,6.66,0.03
2015,14.29,6.99,0.06
2015,14.01,7.56,0.44
2015,13.34,7.78,0.44
2015,12.05,7.22,3.19
2015,15.63,5.26,0.02
2015,19.35,3.5,0.01
2015,22.53,3.93,0
2015,24.69,4.44,0
2015,24.55,4.82,0
2015,23.34,4.73,0
2015,22,4.38,0
2015,18.26,6.91,0
2015,15.61,7.18,0
2015,14.4,7.47,0
2015,14.49,7.4,0.01
2015,11.71,6.34,2.14
2015,10.46,6.11,4.6
2015,14.42,7.35,0.16
2015,19,6.52,0
2015,19.98,5.53,0
2015,15.04,6.82,0
2015,13.28,6.26,0.14
2015,11.32,6.73,9.06
2015,11.04,6.47,3.77
2015,13.31,7.41,0.12
2015,15.55,7.5,0
2015,14.88,7.37,0
2015,15.34,7.48,0
2015,15,6.99,0
2015,14.03,6.66,0.12
2015,13.19,7.2,0.52
2015,14.77,8.05,0.2
2015,16.89,8.4,0.12
2015,17.3,8.8,0.07
2015,17.19,8.1,0
2015,18.61,7.88,0
2015,20.36,7.44,0
2015,22.43,6.42,0
2015,23.19,6.04,0
2015,20.96,6.59,0
2015,19.21,5.89,0
2015,18.85,7.71,0
2015,17.6,9.02,0
2015,16.41,8.69,0
2015,16.61,7.7,0
2015,19.32,8.53,0.01
2015,23.96,6.78,0
2015,27.92,6.37,0
2015,26.4,10.05,0.17
2015,21.42,11.74,0.04
2015,22.58,10.78,0.03
2015,23.36,11.33,0.82
2015,21.86,10.92,0.81
2015,23.23,10.13,0.04
2015,24.02,7.23,0
2015,25.06,5.11,0
2015,25.73,4.85,0
2015,26.49,4.32,0
2015,27,4.56,0
2015,26.69,5.41,0
2015,25.62,7.26,0
2015,25.31,6.08,0
2015,25.17,5.6,0
2015,24.78,5.26,0
2015,25.88,4.68,0
2015,26.93,5.22,0
2015,26.45,5.17,0
2015,27.59,7.5,0.14
2015,26.01,8.4,0
2015,28.26,8.38,0.53
2015,24.76,9.97,0.71
2015,26.08,8.63,0
2015,25.83,7.92,0
2015,24.04,8.26,0
2015,22.32,8.07,0
2015,22.25,8,0.38
2015,21.45,8.55,0.05
2015,20.33,10.13,0
2015,18.97,8.92,0.02
2015,19.36,9.05,0
2015,21.22,9.22,0
2015,22.97,8.13,0
2015,23.71,8.21,0
2015,22.78,8.3,0
2015,21.86,7.29,0
2015,23.02,6.6,0
2015,25.14,4.92,0
2015,23.71,10.93,11.09
2015,24.66,13.52,14.22
2015,23.67,13.56,1.93
2015,24.15,13.12,0.06
2015,22.54,12.21,0.02
2015,23.4,11.28,0.01
2015,24.93,9.68,0
2015,25.4,8.39,0
2015,23.24,7.95,0
2015,22.68,9.01,0
2015,24.98,7.94,0
2015,26.25,9.38,1
2015,26.13,11.65,2.33
2015,25.82,11.79,0
2015,24.5,7.91,0
2015,24.44,7.7,0
2015,24.77,7.51,0
2015,26.43,8.48,0
2015,27.41,8.09,0
2015,26.66,6.97,0.29
2015,21.66,8.04,0.04
2015,20.88,7.72,0
2015,21.05,8.21,0
2015,20.36,8.03,0
2015,21.64,6.19,0
2015,26.62,5.6,0
2015,29.71,7.09,0
2015,31.21,6.73,0
2015,31.99,6.18,0
2015,31.86,6.05,0
2015,25.84,8.32,0
2015,24.52,8.57,0
2015,23.87,8.69,0
2015,23.76,10.43,0
2015,23.1,10.97,0
2015,24.16,8.85,0
2015,26.17,7.9,0
2015,27.3,7.27,0
2015,27.18,8.76,0
2015,29.51,8.52,0
2015,29.99,7.92,0
2015,30.56,7.98,0
2015,29.42,7.24,0
2015,26.16,9.81,0
2015,23.79,8.42,0
2015,21.03,8.25,0
2015,19.85,8.22,0
2015,19.26,7.71,0
2015,18.78,8.86,0
2015,20.62,6.93,0
2015,25.16,7.38,0
2015,27.66,10.22,0
2015,30.52,10.28,1.2
2015,30.54,10.58,1.7
2015,28.64,11.28,0.15
2015,28.31,12.39,0
2015,26.79,12.49,0.01
2015,26.02,10.74,0
2015,22.46,12.32,0.11
2015,20.98,13.56,24.52
2015,19.18,10.24,1.56
2015,20.05,7.93,0.01
2015,23.87,6.86,0
2015,26.67,7.4,0
2015,29.07,7.44,0
2015,24.28,9.99,0
2015,22.7,12.48,0
2015,25.31,11.29,0
2015,27.89,9.27,0
2015,28.18,8.93,0
2015,27.69,8.69,0
2015,26.03,6.64,0
2015,24.82,7.33,0
2015,24.43,6.29,0
2015,25.37,7.14,0
2015,22.36,9.04,0
2015,21.09,9.4,0
2015,20.71,9.88,0.06
2015,16.35,9.69,6.79
2015,15.64,8.5,3.17
2015,18.21,8.27,0.04
2015,21.77,8.25,0
2015,25.05,7.09,0
2015,27.21,7.08,0
2015,26.87,8.03,0
2015,27.32,8.31,0
2015,27.01,9.89,0
2015,24.93,12.87,0
2015,24.7,13.18,0.9
2015,22.9,12.46,1.68
2015,21.57,13.04,1.66
2015,21.43,12.38,0.18
2015,19.37,11.78,0.15
2015,17.32,9.45,0.32
2015,18.37,7.51,0.08
2015,19.61,6.94,0.01
2015,19.1,8.42,0
2015,20.09,6.36,0
2015,21.69,4.99,0
2015,21.1,5.41,0
2015,22.21,4.62,0
2015,21.95,4.82,0
2015,20.13,6.92,0
2015,17.71,6.06,0
2015,17.88,3.27,0
2015,21.49,4.02,0
2015,21.42,5.74,0
2015,15.44,8.42,3.22
2015,11.82,5.99,1.33
2015,10.57,4.5,0.16
2015,11.11,3.03,0
2015,12.52,2.69,0
2015,13.95,2.76,0
2015,13.98,3.71,0
2015,11.61,7.22,0.25
2015,9.86,4.67,0.22
2015,10.28,2.25,0
2015,12.12,1.95,0
2015,14.62,2.35,0
2015,14.79,3.3,0
2015,11.17,7,1.06
2015,7.82,2.99,0.13
2015,11.51,2.12,0
2015,15.5,3.55,0
2015,16.78,3.33,0
2015,18.02,3.81,0
2015,17.6,2.15,0
2015,16.97,1.73,0
2015,16.03,3.65,0
2015,12.46,7.01,0.14
2015,9.43,5.37,1
2015,8.61,4.96,0.47
2015,7.26,3.31,1.1
2015,6.44,2.21,0
2015,8.02,2.36,0
2015,8.37,2,0
2015,9.91,1.85,0
2015,13.11,2.2,0
2015,14.01,2.88,0
2015,11.23,4.91,0
2015,12.63,3.05,0
2015,14.74,2.15,0
2015,15.26,2.39,0
2015,18.18,2.94,0
2015,18.3,3.8,0
2015,13.31,7.31,1.15
2015,9.05,5.59,2.28
2015,7.74,3.33,0
2015,8.97,5.09,5.44
2015,4.7,3.55,0.01
2015,4.2,2.32,0
2015,5.2,1.96,0
2015,7.73,2.27,0
2015,10.35,2.85,0
2015,10.09,5.01,4
2015,7.21,4.51,0.24
2015,8.5,5.59,1.04
2015,11.23,8.43,8.73
2015,9.31,5.26,0.57
2015,7.6,4.24,0.22
2015,5.03,3.35,0.09
2015,4.54,1.5,0
2015,4.88,1.75,0
2015,4.25,3.81,0.27
2015,5.04,2.73,0
2015,6.32,2.73,0
2015,5.46,2.18,0.01
2016,6.07,2.06,0.01
2016,8.83,2.96,0
2016,9.24,4.48,0
2016,9.68,5.66,0.22
2016,8.69,7.13,30.19
2016,6.8,6.31,19.81
2016,6.34,5.54,12.93
2016,6.36,4.27,0.03
2016,7.42,4.82,0.16
2016,8.01,5.39,0.13
2016,7.61,3.97,0
2016,9.05,2.7,0
2016,9.99,4.12,0
2016,8.98,5.63,0
2016,8.92,6.08,0.01
2016,10.33,6.4,0
2016,12.59,6.93,0
2016,10.93,6.83,0.03
2016,11.11,7.21,1.24
2016,11.93,6.88,0.27
2016,12.18,3.86,0
2016,12.48,3.39,0
2016,10.38,5.88,0.05
2016,8.75,4.41,0
2016,10.04,3.87,0
2016,9.94,2.53,0
2016,11.4,3.01,0
2016,14.13,3.52,0
2016,14.49,6.14,0
2016,12.15,7.84,0.49
2016,8.83,6.89,17.98
2016,4.97,3.12,0.14
2016,5.46,2.87,0
2016,6.63,2.63,0
2016,8.61,2.66,0.22
2016,10.55,2.98,0
2016,12.5,3.23,0
2016,14.51,3.38,0
2016,15.87,3.66,0
2016,16.96,3.92,0
2016,17.86,3.83,0
2016,18.22,3.92,0
2016,19.16,4.11,0
2016,18.33,4.18,0
2016,17.35,4.14,0.01
2016,18.66,5.13,0
2016,19.28,4.62,0
2016,15.7,6.3,5.08
2016,12.85,6.97,6.2
2016,12.42,4.98,0
2016,14.1,4.1,0
2016,15.95,3.93,0
2016,15.42,3.67,0
2016,15.11,3.05,0
2016,15.11,3.12,0
2016,16.38,3.42,0
2016,18.01,3.77,0
2016,17.57,4.94,0
2016,18.35,6,0
2016,19.29,5.65,0
2016,19.52,5.35,0
2016,17.46,5.18,0
2016,16.4,4.65,0
2016,14.54,5.34,0.01
2016,13.78,8.46,0.64
2016,11.71,6.7,10.62
2016,7.06,5.68,8.92
2016,10.82,4.76,0
2016,14.64,5.65,0
2016,17.76,5.11,0
2016,11.5,6.28,8.02
2016,10.03,5.35,0.43
2016,10.97,6.36,0.21
2016,13.39,6.94,0.99
2016,16.49,5.5,0
2016,19.69,4.9,0
2016,19.61,6.03,0
2016,17.58,6.23,0
2016,17.17,5.73,0
2016,16.92,5.16,0
2016,13.71,6.87,0.01
2016,12.25,4.88,0.03
2016,13.9,2.81,0
2016,16.42,3.62,0.02
2016,16.77,5.88,0
2016,16.66,5.2,0
2016,16.14,6.03,0
2016,10.26,6.83,0.63
2016,8.44,4.48,0.73
2016,10.02,5.02,0.88
2016,12.67,4.95,0
2016,15.73,5.75,0
2016,18.83,5.15,0
2016,19.84,5.07,0
2016,19.59,5.33,0
2016,21.81,5.49,0
2016,21.01,5.02,0
2016,15.37,6.53,1.17
2016,13.65,8.58,4.11
2016,13.09,8.06,2.39
2016,13.4,7.64,2.38
2016,14.5,7.43,1.82
2016,16.16,7.72,0.01
2016,16.02,8.18,0
2016,15.07,5.71,0
2016,14.6,3.75,0
2016,17.23,3.15,0
2016,19.48,3.25,0
2016,21.06,3.78,0
2016,22.35,4.38,0
2016,21.47,3.44,0
2016,19.93,4.08,0
2016,15.71,6.63,0
2016,16.01,4.97,0
2016,15.21,5.9,0.04
2016,12.37,5.11,1.41
2016,13.07,4.68,0
2016,14.05,6.43,0.39
2016,13.02,6.48,0.59
2016,14.9,7.19,0.12
2016,14.03,6.67,0.85
2016,16.06,7.01,0.27
2016,18.97,7.21,0.08
2016,20.8,5.64,0
2016,16.5,5.94,0.01
2016,13.38,7.23,0.63
2016,11.74,7.34,5.72
2016,13.25,7.17,1.14
2016,14.14,7.54,0.07
2016,15.57,8.21,0
2016,16.86,8.83,0
2016,20.29,7.79,0
2016,22.56,5.95,0
2016,20.06,5.91,0
2016,17.5,7.62,0
2016,16.63,8.36,0
2016,17.92,8.54,0
2016,19.01,8.02,0.01
2016,20.66,7.37,0
2016,18.04,7.83,0
2016,13.88,6.38,0
2016,13.09,5.79,0
2016,14.81,5.97,0
2016,14.65,7.2,0
2016,14.16,7.41,0.02
2016,13.87,7.24,0.01
2016,17.2,7.81,0
2016,18.82,7.83,0
2016,18.24,7.78,0
2016,18.16,8.98,0.01
2016,20.51,8.67,0.01
2016,21.98,8.23,0
2016,21.42,7.31,0
2016,26,5.94,0
2016,27.65,5.25,0
2016,27.36,5.13,0
2016,23.69,5.48,0
2016,21.02,6.22,0
2016,21.99,8.39,0
2016,21.72,7.7,0
2016,21.37,6.74,0
2016,20.21,6.44,0
2016,18.23,8.9,0.07
2016,17.25,7.52,0.03
2016,18.56,9.12,0
2016,18.72,7.37,0
2016,16.72,7.23,0
2016,19.03,6.06,0
2016,23.29,5.88,0
2016,26.96,5.24,0
2016,31.64,4.95,0
2016,34.28,5.71,0
2016,29.04,7.73,0
2016,26.28,7.18,0
2016,24.76,6.19,0
2016,24.55,6.45,0
2016,26,6.67,0
2016,28.65,6.57,0
2016,28.57,7,0.01
2016,29.99,7.23,0.14
2016,28.58,6.88,0.01
2016,26.57,6.02,0
2016,23.95,7.68,0.06
2016,22.55,6.63,0
2016,22.03,5.72,0
2016,21.99,5.86,0
2016,21.88,7.51,0
2016,21.71,8.7,0
2016,22.12,7.8,0
2016,23.35,6.61,0
2016,25.03,6.1,0
2016,23.46,7.43,0
2016,22.77,7.71,0
2016,23.01,8.84,0
2016,25.57,6.64,0
2016,25.94,5.24,0
2016,25.41,5.4,0
2016,23.53,6.31,0
2016,23.29,5.64,0
2016,24.82,5.12,0
2016,27.49,4.42,0
2016,29.77,4.94,0
2016,30.71,5.67,0
2016,31.97,5.81,0.01
2016,29.79,5.86,0
2016,27.47,4.69,0
2016,28.17,7.54,0
2016,30.54,7.56,0
2016,30.24,7.67,0
2016,29.17,7.33,0.02
2016,30.03,7.69,0
2016,27.23,10.54,0.26
2016,25.77,9.93,0
2016,26.33,9.68,0
2016,25.81,9.06,0.06
2016,25.74,9.29,0.01
2016,25.17,8.89,0.79
2016,23.77,8,0.1
2016,23.52,7.57,0
2016,23.72,6.44,0
2016,22.86,6.32,0
2016,21.76,6.84,0
2016,21.73,6.18,0
2016,22.37,7.03,0
2016,25.65,8.73,0
2016,28.18,7.98,0
2016,30.39,7,0
2016,30.57,5.78,0
2016,28.97,3.84,0
2016,28.36,3.49,0
2016,26.27,4.51,0
2016,26.25,6.13,0
2016,26.39,6.91,0
2016,25.76,7.34,0
2016,24.89,6.69,0.01
2016,25.64,6.63,0
2016,25.52,7.38,0
2016,22.56,7.28,0
2016,20.02,7.05,0
2016,21.49,8.65,0
2016,26.28,7.2,0
2016,28.72,6.96,0
2016,28.96,6.77,0
2016,28.31,6.25,0
2016,25.51,6.03,0
2016,21.9,6.27,0
2016,18.59,7.34,0
2016,17.67,8.92,0
2016,18.62,8.42,0
2016,21.89,7.14,0
2016,22.7,6.8,0
2016,22.06,8.22,0
2016,23.3,5.93,0
2016,25.48,4.49,0
2016,23.17,7.35,0
2016,17.56,8.8,0.03
2016,16.11,9.02,0.11
2016,18.3,6.22,0
2016,20.71,4.62,0
2016,22.28,3.94,0
2016,25.25,3.89,0
2016,27.95,3.88,0
2016,27.62,7.03,0.01
2016,24.58,12.11,1.15
2016,23.2,12.84,1.83
2016,18.82,8.26,0.02
2016,19.35,4.76,0
2016,23.58,4.21,0
2016,24.98,3.37,0
2016,27.05,4.29,0
2016,26.42,6.65,0
2016,25.06,8.15,0.15
2016,25.91,8.24,0
2016,25.73,7.22,0
2016,22.66,7.76,0
2016,17.6,7.96,0
2016,16.97,6.03,0
2016,17.08,6.47,0
2016,16.6,6.16,0
2016,19.24,3.13,0.01
2016,22.32,2.59,0
2016,24.27,2.87,0
2016,24.76,4.43,0
2016,23.76,5.61,0
2016,18.22,7.11,0
2016,16.15,6.89,0
2016,19.26,5.42,0
2016,18.5,5.5,0
2016,17.87,9.01,0.01
2016,17.59,10.04,0.43
2016,17.12,9.1,1.57
2016,17.61,4.86,0
2016,20.84,2.78,0
2016,22.65,2.22,0
2016,23.2,3.16,0
2016,21.5,4.09,0
2016,19.98,5.85,4.34
2016,18.46,9.47,5.33
2016,18.85,8.93,1.18
2016,20.98,7.71,0
2016,21.15,6.71,0.01
2016,18.28,9.84,0.25
2016,20.48,9.33,0
2016,16.33,9.03,1.04
2016,14.24,7.51,0.1
2016,13.89,7.12,0
2016,15.72,4.32,0
2016,19.06,3.99,0
2016,20.62,5.78,0
2016,20.27,6.26,0
2016,18.18,5.04,0
2016,20,4.13,0
2016,21.7,4.88,0
2016,21.84,4.9,0
2016,21.4,3.93,0
2016,20.49,4.29,0
2016,20.12,4.75,0
2016,20.96,4.9,0
2016,21.33,3.94,0
2016,20.12,3.92,0
2016,14.03,6.62,0
2016,11.23,2.07,0
2016,13.73,2.01,1.02
2016,14.97,3,0
2016,14.26,5.54,5.94
2016,12.18,7.53,8.03
2016,12.4,5.81,0.04
2016,13.46,4.76,0
2016,12.92,2.27,0
2016,13.08,2.32,0
2016,9.04,5.28,6.05
2016,8.06,5.64,4.99
2016,8.15,5.26,0.45
2016,8.16,2.59,0
2016,9.14,2.7,0
2016,9.27,4.02,0
2016,7.13,2.02,0
2016,8.75,1.99,0
2016,12.92,3.1,0
2016,10.98,5.05,0
2016,9.56,5.97,0
2016,8.92,4.14,0
2016,11.01,4.58,0
2016,12.04,7.32,0.01
2016,12.74,8.18,0.03
2016,13.23,8.21,0.03
2016,12.22,6.44,0
2016,12.08,7.11,0
2016,14.13,7.27,0
2016,13.06,8.67,5.14
2016,10.34,7.6,27.82
2016,4.91,2.78,0.07
2016,5.5,1.54,0
2016,7.66,1.51,0.01
2016,11.69,2.52,0
2016,11.51,5.45,15.44
2016,9.44,7.04,14.88
2016,10.38,7.76,17.88
2016,5.87,4.77,10.77
2016,3.54,2.93,0.01
2016,6.06,2.85,0
2016,9.08,3.28,0
2016,12.05,3.81,0
2016,13.86,4.23,0
2016,11.71,5.93,4.36
2016,9.22,7.11,11.25
2017,6.95,5.37,0.65
2017,7.55,6.29,0.4
2017,8.37,5.98,0
2017,8.49,6.57,0.85
2017,10.76,8.27,5.99
2017,8.23,4.29,0.18
2017,10.18,4.79,1.87
2017,13.84,5.53,0.01
2017,10.94,7.93,13.52
2017,9.34,7.16,2.4
2017,10.45,7.53,8.45
2017,8.37,7.1,20.19
2017,8.05,6.05,6.02
2017,9.5,5.3,0.04
2017,9.18,6.03,0.02
2017,8.37,4.23,0
2017,8.53,3.37,0
2017,8.77,5.24,0.78
2017,9.39,6.68,15.56
2017,7.78,6.78,31.66
2017,7.44,5.65,0.75
2017,7.81,6.77,47.89
2017,5.71,5.7,10.71
2017,4.2,4.3,0.52
2017,4.92,3.38,0
2017,5.18,3.21,0
2017,4.94,2.97,0
2017,8.24,3.4,0
2017,10.26,4.11,0
2017,12.74,4.51,0
2017,14.33,4.65,0
2017,12.06,4.52,0
2017,10.48,5.23,0.01
2017,11.34,7.34,1.85
2017,11.15,7.4,0.44
2017,9.72,6.9,0.27
2017,10.15,7.97,8.49
2017,12.76,9.04,5.86
2017,15.5,9.3,0.47
2017,16.98,7.72,0
2017,13.4,7.25,2.14
2017,11.52,7.36,3.46
2017,10.8,5.47,0.73
2017,13.61,5.57,0.01
2017,14.31,5.61,0
2017,14.9,5.23,0
2017,13.85,5.96,0.03
2017,9.62,7.39,35.31
2017,8.35,6.7,3.79
2017,9.44,7.07,1.1
2017,10.49,7.29,0.67
2017,11.95,6.96,0.28
2017,9.18,5.91,0.1
2017,5.37,3.55,0.04
2017,6.34,3.44,0
2017,7.68,4.31,0.02
2017,7.52,5.77,3.13
2017,7.91,6.92,13.24
2017,8.32,4.91,0.29
2017,9.53,3.99,0
2017,11.41,3.88,0
2017,13.62,4.39,0
2017,12.07,5.85,0
2017,8.65,6.45,1.9
2017,7.42,3.89,0
2017,12.61,4.94,0
2017,16.94,5.79,0
2017,19.05,6.62,0
2017,19.32,7.39,0
2017,19.05,6.99,0
2017,20.09,6.55,0
2017,20.99,6.66,0
2017,21.61,7.21,0
2017,21.22,7.21,0
2017,19.51,7.07,0
2017,19.88,6.65,0
2017,17.58,6,0
2017,16.74,6.32,0
2017,12.8,6.64,0
2017,13.42,8.31,2.31
2017,12.77,8,1.71
2017,11.04,5.87,0.29
2017,12.91,6.81,0.05
2017,12.59,7.52,0.06
2017,12.73,7.06,0
2017,12.54,6.24,0
2017,13.5,4.25,0
2017,16.73,5.59,0
2017,14.67,6.87,0.03
2017,11.83,5.23,0
2017,15.66,5.88,0
2017,15.69,6.23,0
2017,13.24,6.91,0
2017,15.93,6.22,0
2017,19.17,6.17,0
2017,17.04,6.14,0
2017,13.92,5.72,0.12
2017,11.97,6.52,1.34
2017,11.94,3.99,0
2017,15.85,4.9,0
2017,15.39,5.64,0
2017,15.06,7.62,0
2017,12.64,7.38,0.01
2017,12.72,5.54,0
2017,16.1,5.53,0
2017,16.23,5.72,0
2017,15.7,7.96,0
2017,16.26,9.33,0.02
2017,16.71,7.13,0.01
2017,17.14,6.14,0
2017,20.44,5.62,0
2017,22.24,6.3,0
2017,17.76,8.43,0
2017,15.29,7.65,0
2017,15.77,6.19,0
2017,18.84,8.15,0
2017,18.96,7.06,0
2017,18.26,4.77,0
2017,18.05,3.41,0
2017,20.36,4.31,0
2017,21.3,6.2,0
2017,22.64,6.95,0
2017,23.77,7.58,0
2017,23.19,7.25,0
2017,17.94,7.14,0.01
2017,11.28,7.12,2.59
2017,9.35,5.54,6.19
2017,15.14,5.16,0.01
2017,14.81,7.98,0.17
2017,15.07,8.24,0.14
2017,17.42,8.03,0.03
2017,16.68,7.38,0
2017,15.49,5.39,0
2017,13.79,6.74,0
2017,11.88,6.25,0.59
2017,12.38,7.15,0.07
2017,13.71,7.09,0.02
2017,17.4,5.27,0
2017,20.55,4.23,0
2017,24.06,4.87,0
2017,25.05,5.9,0
2017,25,6.39,0
2017,25.08,6.58,0
2017,20.24,6.37,0
2017,14.52,7.46,0
2017,14.8,8.13,0.01
2017,17.94,8.14,0
2017,20.25,8.05,0
2017,19.47,7.63,0
2017,18.48,7.71,0
2017,17.23,8.58,0
2017,19.53,9.15,0
2017,23.4,8.2,0
2017,23.37,7.28,0
2017,23.2,8.02,0
2017,21.95,6.85,0
2017,20.18,8.37,0
2017,18.78,8.09,0.02
2017,18.84,7.58,0.01
2017,19.11,9.75,0
2017,16.3,8.9,0.02
2017,14.5,7.87,0.09
2017,16.09,5.68,0
2017,20.32,5.7,0
2017,24.05,6.22,0
2017,25.86,6.75,0
2017,26.6,6.35,0
2017,26.79,6.71,0
2017,27.73,8.28,0
2017,28.51,8.1,0
2017,30.05,5.95,0
2017,28.75,6.37,0
2017,25.05,6.89,0
2017,25.29,7.59,0
2017,27.47,9.76,0
2017,30.2,7.31,0
2017,29.44,5.32,0
2017,26.38,5.14,0
2017,22.84,6.41,0
2017,21.97,7.73,0
2017,23.08,7.98,0
2017,22.37,7.2,0
2017,21.57,6.38,0
2017,24.47,4.68,0
2017,27.48,5.78,0
2017,28.41,7.72,0
2017,29.25,8.38,0.01
2017,31.65,8.09,0.01
2017,31.96,7.91,0.03
2017,26.71,10.46,0.33
2017,27.94,8,0
2017,26.91,8.86,0
2017,26.22,9.54,0
2017,26.54,8.7,0
2017,27.54,7.15,0
2017,28.44,7.91,0
2017,27.11,7.34,0
2017,27.15,7.07,0
2017,26.82,7.98,0.03
2017,26.88,7.86,0.15
2017,25.38,8.86,0.01
2017,25.48,7.11,0
2017,26.55,6.89,0
2017,26.35,7.64,0
2017,22.85,8.95,0.17
2017,24.53,11.69,0.02
2017,25.82,11.78,0.01
2017,26.63,8.24,0
2017,25.68,7.43,0
2017,24.9,8.26,0
2017,26.64,9.11,0
2017,29.02,7.3,0
2017,30.84,9.53,1.66
2017,27.51,13.72,1.23
2017,26.66,15.74,0.75
2017,27.15,11.55,0.23
2017,25.15,8.41,0
2017,25.15,9.56,0
2017,25.71,9.72,0
2017,26.58,6.39,0
2017,25.85,4.91,0
2017,26.62,5.82,0
2017,28.07,6.63,0.04
2017,26,7.36,0
2017,24.99,6.33,0
2017,21.12,7.66,0
2017,19.29,9.47,0.01
2017,20.81,8.78,0
2017,23.15,7.99,0
2017,24.06,8.1,0
2017,22.47,9.82,0
2017,21.81,8.34,0
2017,22.8,8.01,0
2017,24.9,6.82,0
2017,22.35,6.93,0
2017,23.24,8.78,0
2017,25.43,7.52,0
2017,28.42,4.62,0.01
2017,30.81,5.36,0
2017,33.15,6.83,0.07
2017,33.71,7.69,0.02
2017,33.44,8.31,0.36
2017,31.8,10.31,1.2
2017,32.99,7.55,0
2017,32.49,9.26,0.11
2017,29.18,13.43,1.05
2017,24.9,12.75,0.56
2017,25.89,12.36,0.02
2017,26.65,9.32,0.12
2017,26.47,6.42,0.05
2017,23.9,6.4,0.29
2017,24.92,7.69,1.03
2017,26.51,11.02,0.05
2017,27.52,11.54,0.28
2017,24.92,12.28,0.01
2017,20.08,9.58,0
2017,18.61,10.35,0
2017,19.9,11.16,0
2017,20.49,9.84,0
2017,20.8,10.69,0.01
2017,20.38,9.95,0
2017,19.21,10.56,0
2017,18.95,10.49,0.02
2017,17.04,9.69,0.67
2017,15.45,6.09,0
2017,16.62,6.18,0
2017,19.12,4,0
2017,20.57,2.65,0
2017,21.9,3.77,0
2017,23.25,4.39,0
2017,24.84,3.83,0
2017,24.95,4.62,0
2017,21.69,7,0
2017,18.91,9.03,0.01
2017,17.85,7.51,0.3
2017,15.8,8.72,0
2017,18.45,4.68,0
2017,21.98,4.1,0
2017,23.27,2.36,0
2017,24.26,2.6,0
2017,19.3,6.36,0
2017,18.42,2.07,0
2017,19.89,2.84,0
2017,18.91,4.94,0
2017,18.14,5.7,0
2017,19.26,5.07,0
2017,21.13,2.76,0
2017,22.62,1.9,0
2017,24.24,1.87,0
2017,25.81,3.18,0
2017,23.41,7.16,0
2017,18.79,8.55,0.01
2017,16.7,7.71,0.11
2017,16.67,3.01,0
2017,22.16,2.91,0
2017,25.86,3.52,0
2017,26.23,3.57,0
2017,25.68,3.01,0
2017,25.18,4.36,0
2017,24.27,4.2,0
2017,23.93,4.5,0
2017,19.77,6.3,0
2017,15.25,9.15,0.05
2017,15.22,9.54,0.14
2017,15.13,8.25,0.07
2017,13.62,8.21,0.23
2017,13.98,7.05,0.02
2017,14.95,8.08,0.09
2017,14.12,8.29,0.49
2017,15.2,7.94,0.01
2017,16.49,8.11,0
2017,16.73,8.72,0
2017,14.98,8.18,0.01
2017,15.06,8.61,0
2017,15.66,6.2,0
2017,15.76,5.46,0
2017,16.64,4.39,0
2017,17.55,5.04,0
2017,19.7,5.03,0
2017,18.3,5.17,0
2017,16.07,7.89,0.33
2017,13.91,2.41,0
2017,14.73,1.64,0
2017,17.18,2.89,0
2017,20.78,3.74,0
2017,22.84,5.4,0
2017,23.19,4.55,0
2017,22.23,4.02,0
2017,21.6,4.15,0
2017,18.67,3.56,0
2017,12.06,4.73,0.23
2017,13.6,3.2,0
2017,15.26,2.95,0
2017,15.65,3.89,0
2017,17.49,4.66,0
2017,17.09,5.25,0
2017,13.18,5.83,0
2017,10.23,1.63,0
2017,9.86,1.16,0
2017,12.69,1.5,0
2017,12.41,1.23,0
2017,13.83,1.71,0
2017,14.43,1.47,0
2017,15.7,1.18,0
2017,15.37,0.93,0
2017,14.3,0.84,0
2017,16.21,1.41,0
2017,14.71,1.69,0
2017,15.04,2.19,0
2017,11.77,5.31,0
2017,10.12,2.1,0
2017,11.61,1.9,0
2017,12.22,2.74,0
2017,8.38,4.82,0.13
2017,5.05,1.61,0
2017,8.17,1.11,0
2017,11.26,1.41,0
2017,13.35,1.97,0
2017,13.73,2.66,0
2017,13.76,3.09,0
2017,16.35,3.12,0
2017,16.71,2.56,0
2017,18.78,2.25,0
2017,16.5,2.61,0.01
2017,13.91,2.63,0
2018,15.09,2.06,0
2018,16.82,2.09,0
2018,16.24,2.23,0
2018,16.16,4.76,0
2018,16.17,6.96,0
2018,15.18,7.25,0
2018,15.59,6.94,0
2018,15.8,6.78,4.6
2018,10.4,7.51,46.24
2018,10.26,6.89,0.42
2018,13.78,6.09,0.08
2018,15.6,5.24,0
2018,15.65,4,0
2018,15.49,3.91,0
2018,15.65,3.81,0
2018,15.05,4.07,0
2018,16.03,4.55,0
2018,16.34,4.81,0
2018,11.39,7.5,1.14
2018,6.79,4.19,0.4
2018,6.64,2.39,0
2018,9.7,2.4,0
2018,10.91,2.81,0
2018,12.17,2.67,0
2018,8.24,5.56,0.02
2018,8.33,3.38,0
2018,10.89,2.48,0
2018,15.35,3.4,0
2018,17.03,3.38,0
2018,17.27,3.43,0
2018,18.03,3.58,0
2018,17.87,3.86,0
2018,18.16,3.79,0
2018,18.25,4.28,0
2018,18.12,4.22,0
2018,17.98,4.44,0
2018,16.09,4.21,0
2018,15.55,3.06,0
2018,17.23,3.41,0
2018,17.34,4.45,0
2018,12.47,6.87,0
2018,11.49,3.41,0
2018,9.58,6.28,0.81
2018,9.87,5.03,0.09
2018,11.65,6.24,0.19
2018,12.57,4.89,0.02
2018,12.13,2.16,0
2018,12.87,2.59,0
2018,11.25,4.53,0
2018,5.3,3.03,0.01
2018,4.73,1.95,0
2018,5.89,2.93,0
2018,6.03,4.55,0.1
2018,5.02,2.78,0.34
2018,5.61,1.89,0
2018,8.56,2.34,0
2018,9.24,3.88,2.69
2018,5.08,4.23,3.72
2018,6.59,4.07,0.01
2018,8.47,4.91,0.14
2018,9.41,6.89,6.5
2018,8.3,6.19,3.33
2018,7.7,3.17,0
2018,10.67,2.09,0
2018,14.26,2.11,0
2018,15.15,2.62,0
2018,15.32,3.84,0
2018,14.81,6.75,0
2018,12,8.53,11.69
2018,14.23,8.56,1.78
2018,17,7.38,0.01
2018,15.79,8.67,1.5
2018,11.94,7.14,4.79
2018,10.58,5.38,7.72
2018,9.08,5.51,2.31
2018,8.98,5.29,3.23
2018,9.55,3.84,0.06
2018,12.96,2.94,0
2018,14.89,3.97,0.18
2018,15.83,6.86,4.33
2018,14.22,8.94,14.19
2018,13.2,7.35,0.82
2018,10.65,6.15,0.12
2018,10.07,4.94,0
2018,9.58,2.97,0
2018,12.76,2.51,0
2018,16.79,4.3,0
2018,19.2,5.03,0
2018,20.77,4.99,0
2018,18.19,4.63,0
2018,15.03,5.57,0
2018,13.55,7.36,0
2018,16.43,7.3,0
2018,16.32,7.51,0
2018,16.26,6.29,0
2018,16.66,8.41,0
2018,17.4,10.23,0.04
2018,17.34,4.82,0
2018,22.37,3.88,0
2018,23.04,4.26,0
2018,17.81,6.46,0
2018,12.43,4.29,0
2018,15.25,2.5,0
2018,18.55,2.68,0
2018,16.86,4.09,0
2018,11.51,5.82,0.01
2018,11.89,3.57,0.01
2018,13.88,3.92,0
2018,10.38,4.85,0.4
2018,14.48,5.09,0
2018,20.11,4.29,0
2018,21.81,4.64,0
2018,20.88,5.23,0
2018,20.01,4.46,0
2018,19.12,4.55,0
2018,15.32,5.68,0
2018,14.64,5.83,0
2018,14.34,6.01,0
2018,13.56,6.97,0
2018,12.76,6.88,0.19
2018,10.73,6.24,1.29
2018,12.19,6.86,2.39
2018,17.63,6.35,0.02
2018,22.62,4.92,0
2018,24.73,4.78,0
2018,23.34,4.9,0
2018,21.15,4.92,0
2018,21.1,5.89,0
2018,22.43,7.92,0
2018,19.2,8.06,0
2018,14.51,8.45,0.43
2018,14.92,7.69,0.35
2018,15.39,7.62,0.14
2018,16.48,8.12,0.01
2018,16.24,7.37,0
2018,15.89,5.64,0
2018,15.29,7.13,0
2018,16.9,8.61,0
2018,17.94,9.52,0
2018,17.3,8.62,0.11
2018,14.6,8.19,0.38
2018,16.42,8.43,0.07
2018,16.89,8.25,0.06
2018,15.86,7.77,0.13
2018,14.98,7.34,0.05
2018,15.02,7.74,0.01
2018,18.31,7.71,0
2018,21.14,8.1,0
2018,20.52,8.32,0.01
2018,17.32,8.68,0.12
2018,16.55,8.35,0.04
2018,19.49,6.14,0
2018,23.46,5.35,0
2018,25,6.49,0
2018,23.31,5.91,0
2018,19.32,7.4,0
2018,18.38,7.44,0
2018,19.06,6.16,0
2018,23.21,5.71,0
2018,22.62,7.09,0
2018,21.95,5.84,0
2018,24.8,5.87,0
2018,25.06,6.22,0
2018,25.24,4.75,0
2018,24.45,5.78,0
2018,21.96,6.24,0
2018,16.36,8.01,0
2018,15.39,7.89,0
2018,18.83,8.65,0
2018,22.12,8.28,0
2018,24.38,6.67,0
2018,24.18,7.61,0
2018,25,5.86,0
2018,21.39,6.85,0
2018,20.82,7.3,0
2018,22.39,5.85,0
2018,23.5,5.84,0
2018,23.4,6,0
2018,21.13,6.23,0
2018,19.88,8.47,0
2018,21.65,7.96,0
2018,23.41,6.46,0
2018,23.2,6.95,0
2018,21.17,8.66,0
2018,22.18,7.07,0
2018,28.77,4.56,0
2018,34.51,4.58,0
2018,33.57,7.8,1.05
2018,31.99,7.32,0.36
2018,28.61,7.12,0.08
2018,27.32,8.26,0.09
2018,27.5,10.01,1.24
2018,27.35,10.57,0.6
2018,28.12,9.33,0.01
2018,28.96,9.43,0.01
2018,27.89,9.16,0
2018,26.42,9.47,0
2018,26.86,10.74,0
2018,25.52,11.93,0.08
2018,26.55,13.04,0.04
2018,25.83,13.42,0.05
2018,25.64,12.63,0
2018,27.96,9.66,0
2018,31.03,9.17,0
2018,32.34,9.36,0.01
2018,30.81,8.55,0
2018,29.73,6.74,0
2018,28.96,7.56,0
2018,27.75,7.51,0
2018,27.96,7.59,0.3
2018,29.14,8.82,0.01
2018,30.36,9.09,0.15
2018,29.73,8.49,0
2018,28.24,8.83,0
2018,29.36,6.96,0
2018,28.47,6.71,0
2018,28.52,5.95,0
2018,29.6,5.32,0
2018,29.57,6.17,0
2018,27.88,4.87,0
2018,28.9,7.68,0.23
2018,27.3,9.51,0.02
2018,26.19,9.59,0.03
2018,24.98,9.66,0.09
2018,25.39,7.63,0
2018,25.1,7.81,0
2018,24.99,9.99,0.07
2018,25.92,12.09,0.85
2018,26.77,12.82,0.35
2018,26.86,12.11,0.02
2018,27.74,10.69,0
2018,25.08,10.12,0.16
2018,24.86,8.37,0
2018,24.2,8.06,0
2018,24.34,7.5,0
2018,23.2,6.9,0
2018,22.91,7.9,0
2018,22.53,7.27,0
2018,21.04,7.16,0
2018,21.68,7.85,0
2018,24.58,6.93,0
2018,24.9,4.07,0
2018,24.16,6.12,0
2018,22.11,9.32,0
2018,22.6,10.55,0
2018,22.93,11.35,0
2018,23.42,9.42,0
2018,23.16,9.19,0
2018,24.31,6.96,0
2018,26.76,5.27,0
2018,29.66,4.9,0
2018,27.91,5.9,0
2018,24.03,5.8,0
2018,22.4,6.2,0
2018,21.32,6.83,0
2018,23.84,5.03,0
2018,26.39,3.67,0
2018,24.31,4.79,0
2018,24.41,4.63,0
2018,24.18,3.28,0
2018,22.64,4.41,0
2018,22.64,4.88,0
2018,23.07,7,0
2018,24.19,5.53,0
2018,26.23,5.6,0
2018,23.4,8.07,0
2018,20.7,8.54,0
2018,22.28,8.68,0
2018,25.56,6.3,0
2018,26.47,4.83,0
2018,23.01,5.9,0
2018,19.52,7.09,0.03
2018,21.81,9.4,0
2018,24.43,9.34,0
2018,22.44,10.24,0
2018,18.56,10.8,1.51
2018,18.25,10.04,0.43
2018,19.42,9.64,0.03
2018,17.93,9.95,0.03
2018,17.4,7.41,0.01
2018,17.39,6.61,0.01
2018,16.67,6.95,0
2018,15.69,7.8,0
2018,15.98,8.01,0
2018,18.74,8.12,6.75
2018,16.75,10.16,10.04
2018,17.35,7.88,0.27
2018,14.63,2.31,0
2018,15.85,2.65,0
2018,17.46,4.26,0
2018,18.45,4.47,0
2018,19.4,4.57,0
2018,20.62,5.5,0.02
2018,20.58,7.22,0
2018,19.3,7.24,0
2018,20.66,7.09,0
2018,21.01,6.47,0
2018,21.06,5.25,0
2018,23.33,4.11,0
2018,23.51,4.13,0
2018,22.59,3.81,0
2018,19.19,5.56,0
2018,16.81,5.16,0
2018,16.37,2.39,0
2018,18.7,3.56,0
2018,21.3,5.18,0
2018,21.06,4.24,0
2018,20.43,4.69,0
2018,18.08,5.84,0
2018,17.6,6.92,0
2018,16.44,6.38,0
2018,15.72,3.62,0
2018,14.17,1.46,0
2018,14.24,1.96,0
2018,12.97,2.3,0
2018,11.86,1.35,0
2018,12.31,1.46,0
2018,14.88,1.73,0
2018,16.01,2.61,0
2018,16.41,3.43,0
2018,14.45,3.69,0
2018,15.8,2.72,0
2018,14.28,3.31,0
2018,14.63,4.75,0
2018,13.45,6.85,0.63
2018,12.91,7.87,5.43
2018,12.67,7.67,0.04
2018,13.78,8.51,0.01
2018,13.33,4.78,0
2018,13.35,2.63,0
2018,14.71,3.49,0
2018,12.39,6.43,0.49
2018,11.45,8.08,27.43
2018,10.34,6.08,0.88
2018,9.07,5.44,0.12
2018,7.92,4.04,0.02
2018,9.47,2.94,0
2018,9.61,2.38,0
2018,9.3,5.04,8.12
2018,9.54,6.96,32.8
2018,11.26,6.28,2.09
2018,11.52,5.49,0
2018,12.34,5.49,0
2018,12.51,4.98,0
2018,11.88,4.06,0
2018,11.32,4.43,0
2018,11.52,2.69,0
2018,11.84,3.1,0
2018,14.35,3.56,0
2018,13.79,4.17,0
2018,11.3,7.51,0
2018,12.48,7.04,0
2018,14.17,4.96,0
2018,15.81,4.48,0
2018,13.63,5.56,0
2018,13.54,5.24,0
2018,13.53,5.46,0
2018,12.16,6.53,0.62
2018,10,5.94,3.35
2018,8.72,3.56,0
2018,6.82,3.47,0.01
2018,4.53,2.14,0
2018,5.45,2.12,0
2018,8.43,4,0
2018,6.67,3.6,0.49
2019,2.96,1.63,0
2019,5.19,1.83,0
2019,6.99,2.2,0
2019,9.15,2.73,0
2019,8.92,5.58,7.66
2019,8.39,6.04,2.13
2019,8.99,6.57,2.16
2019,11.12,5.92,0.01
2019,11.79,6.72,0
2019,11.73,6.87,0
2019,10.68,5.93,0.12
2019,8.62,5.62,11.09
2019,8.23,5.2,0.04
2019,7.97,6.04,15.83
2019,9.18,6.67,12.93
2019,12.11,8.65,14.58
2019,12.11,9.03,27.81
2019,11.32,6.65,0.18
2019,13.04,5.51,0
2019,14.09,7.09,0.04
2019,7.91,4.98,0.18
2019,6.79,2.52,0
2019,9.73,3.26,0.02
2019,11.55,4.16,0
2019,11.21,3.76,0.01
2019,12.18,3.67,0
2019,14.5,5.14,0
2019,15.67,5.47,0
2019,15.51,6.23,0
2019,13.29,6.69,0
2019,10.38,7.29,13.17
2019,10.63,7.19,1.68
2019,9.49,7.28,36.17
2019,8.77,7.03,8.57
2019,8.65,7.1,17.78
2019,6.08,5.39,5.25
2019,3.33,3.29,0.03
2019,5.26,3.17,0.04
2019,5.76,3.59,0.11
2019,6.37,5.52,3.21
2019,5.83,5.48,5.08
2019,5.05,2.89,0
2019,8.27,3.35,0
2019,8.7,5.88,17.11
2019,10.94,8.57,56.31
2019,8.7,6.56,4.42
2019,6.98,5.1,0.65
2019,4.78,4.82,3.18
2019,3.78,3.5,0.37
2019,4.12,2.86,0
2019,4.65,4.78,3.27
2019,4.22,4.31,4.68
2019,4.98,3.23,0.02
2019,7.09,3.95,0
2019,9.49,4.15,0
2019,11.14,5.57,0
2019,10.12,5.82,0.03
2019,11.26,7.13,0.15
2019,11.92,8.17,0.44
2019,12.51,7.92,0.77
2019,11.05,8.33,16.79
2019,10.79,7.73,0.95
2019,11.35,7.01,0.06
2019,12.62,6.49,1.24
2019,11.11,8.07,20.37
2019,9.86,6.8,1.42
2019,7.33,5.27,0.19
2019,7.79,5.56,0.05
2019,7.45,5.48,0.07
2019,8.83,5.6,5.15
2019,10.66,6.44,2.25
2019,9.38,4.83,0.16
2019,8.12,3.22,0
2019,9.82,3.9,0
2019,13.22,4.61,0
2019,16.15,5.97,0
2019,16.85,7.08,0
2019,13.94,7.58,0
2019,10.14,6.84,3.42
2019,8.98,6.43,2.57
2019,11.17,6.46,0.04
2019,11.93,7.2,0.02
2019,13.18,6.2,0
2019,15.12,5.85,0
2019,14,6.48,0
2019,12.47,7.6,0
2019,12.18,7.27,0
2019,12.78,6.04,0
2019,15.34,5.38,0
2019,16.96,5.24,0
2019,16.48,6.34,0
2019,13.62,7.92,0.12
2019,12.32,7.63,0.17
2019,12.42,7.45,0.11
2019,11.88,7.41,0.1
2019,13.97,7.39,0.02
2019,17.94,7.57,0
2019,20.6,8.36,0
2019,16.64,7.53,0
2019,13.55,5,0
2019,13.73,5.61,0
2019,13.73,5.69,0
2019,15.79,5.81,0
2019,15.72,5.74,0
2019,13.74,5.83,0
2019,11.47,7.21,0.11
2019,15.77,6.36,0
2019,20.27,6.51,0
2019,19.46,7.17,0
2019,12.68,7.44,0
2019,13.81,7.65,0
2019,16.85,6.9,0.04
2019,19.63,6.96,0
2019,20.23,7.36,0
2019,20.28,7.87,0
2019,18.73,8.72,0
2019,16.69,8.82,0
2019,15.56,7.91,0.21
2019,13.04,8.04,1.94
2019,12.92,8.09,0.33
2019,15.04,7.22,0.03
2019,15.94,8,0
2019,17.13,8.56,0
2019,16,7.94,0
2019,14.17,7.52,0.08
2019,13.53,7.74,0.89
2019,13.41,8.43,0.31
2019,15.52,9,0.1
2019,14.93,8.97,0.4
2019,14.71,8.37,2.98
2019,16.76,9.06,0.91
2019,18.59,9.23,0.06
2019,18.23,9.46,0
2019,18.11,8.26,0
2019,14.88,7.65,0.01
2019,12.85,7.62,5.76
2019,13.41,6.36,0.01
2019,14.45,7.23,0.61
2019,11.78,7.28,7.11
2019,12.91,6.59,0.6
2019,12.17,7.31,0.52
2019,11.67,6.46,3.96
2019,12.17,7.71,2.15
2019,15.91,7.47,0.02
2019,15.15,7.84,0.04
2019,11.4,7.45,3.87
2019,12.37,6.38,0.24
2019,15.69,7.76,0.08
2019,18.47,8.8,0.01
2019,18.88,6.87,0
2019,17.01,7.15,0
2019,17.02,8.8,0.03
2019,18.48,10.17,0.08
2019,19.82,9.38,0.02
2019,21.66,8.84,0
2019,21.66,7.73,0
2019,20.16,7.32,0
2019,19.09,8.54,0
2019,21.39,7.34,0
2019,25.55,6.08,0
2019,28.25,6,0
2019,29.02,7.64,0
2019,24.7,8.01,0
2019,20.16,6.47,0
2019,18.86,9.17,0
2019,20.42,10.3,0
2019,18.91,9.43,0.02
2019,19.12,10.17,0.68
2019,22.18,10.9,0.01
2019,20.8,9.83,0
2019,17.91,9.61,0.12
2019,17.72,10.36,0.25
2019,21.41,7.87,0.05
2019,22.45,7.45,0
2019,21.07,8.35,0.01
2019,18.02,9.85,0.01
2019,19.25,8.79,0
2019,20.53,7.71,0
2019,21.33,6.11,0
2019,22.13,6.09,0
2019,24.16,6.18,0
2019,24.02,6.27,0
2019,21.9,7.88,0
2019,20.15,8.97,0
2019,20.56,9.39,0
2019,21.33,8.6,0
2019,21.76,7.44,0
2019,19.39,7.81,0
2019,18.67,9.01,0.01
2019,20.94,7.62,0
2019,23.92,6.69,0
2019,25.8,6.86,0
2019,27.55,6.8,0
2019,27.57,6.61,0
2019,27.33,5.75,0
2019,27.52,6.96,0
2019,25.84,6.37,0
2019,22.56,6.35,0
2019,21.84,6.62,0
2019,20.62,6.26,0
2019,21.21,6.95,0
2019,25.42,5.52,0
2019,25.98,7.36,0.04
2019,28.43,9.93,0.11
2019,29.76,8.6,0.11
2019,29.38,9.95,0.31
2019,29.04,9.68,0
2019,30.03,8.6,0
2019,28.6,7.8,0
2019,25.37,6.93,0
2019,26.01,6.44,0
2019,24.67,5.79,0
2019,26.01,5.4,0
2019,27.55,4.96,0
2019,28.11,5.27,0
2019,27.69,5.48,0
2019,28.46,4.81,0
2019,28.7,6.83,0
2019,26.08,6.8,0
2019,24.7,5.39,0
2019,23.43,5.28,0
2019,22.83,6.52,0
2019,23.48,7.3,0
2019,24.36,6.08,0
2019,26.74,5.34,0
2019,29.26,4.41,0
2019,28.76,4.03,0
2019,26.02,6,0
2019,21.58,7.6,0
2019,21.81,7,0
2019,23.19,5.54,0
2019,25.92,3.82,0
2019,27.26,5.5,0
2019,24.78,6.46,0
2019,22.99,6.88,0
2019,26.61,6.74,0
2019,27.88,5.92,0
2019,27.77,6.41,0
2019,27.05,6.98,0
2019,24.88,7.79,0
2019,26.77,7.51,0
2019,27.51,8.81,0
2019,27.97,6.66,0
2019,28.88,6.39,0
2019,28.61,7.73,0.55
2019,29.03,9.75,0.91
2019,30.42,9.36,0.03
2019,29.64,9.17,0.88
2019,27.84,8.6,0
2019,25.72,9.64,0
2019,21.6,8.05,0
2019,21.15,8.52,0
2019,19.17,10.1,0
2019,21.85,8.49,0
2019,26.47,4.92,0
2019,28.89,4.52,0
2019,29.12,4.43,0
2019,25.98,5.26,0
2019,22.76,6,0
2019,20.9,6.2,0
2019,20.99,7.38,0
2019,18.89,9.58,0
2019,20.55,6.95,0
2019,23.67,4.96,0
2019,23.84,4.85,0
2019,22.07,5.93,0
2019,25.1,5.96,0
2019,24.66,8.33,0.03
2019,19.76,11.55,0.23
2019,19.73,11.5,0.2
2019,17.81,10.65,0.36
2019,15.4,6.06,0
2019,14.87,5.87,0
2019,15.38,5.71,0
2019,18.46,3.98,0
2019,18.67,5.3,0
2019,18.62,4.07,0
2019,21.86,3.16,0
2019,23.56,3.49,0
2019,23.84,3.63,0
2019,22.09,3.68,0
2019,17.07,6.27,0
2019,16.37,2.4,0
2019,18.45,1.31,0
2019,19.82,3.14,0
2019,18.01,6.15,0
2019,17.12,6.3,0
2019,21.65,4.41,0
2019,22.81,5.22,0
2019,17.56,7.48,0
2019,17.62,4.52,0
2019,18.9,5.44,0
2019,19.48,4.77,0
2019,21.78,4.09,0
2019,23.96,3.78,0
2019,23.83,3.15,0
2019,22.14,2.04,0
2019,22.9,2.56,0
2019,21.72,4.33,0
2019,15.4,7.94,0
2019,14.51,1.85,0
2019,13.59,5.17,0
2019,11.16,0.74,0
2019,13.48,0.66,0
2019,15.41,0.84,0
2019,18.02,2.28,0
2019,19.63,4.87,0
2019,20.02,2.64,0
2019,20.58,3.42,0
2019,19.89,4.47,0
2019,20.15,3.5,0
2019,20.59,2.46,0
2019,20.87,2.75,0
2019,19.76,3.19,0
2019,19.38,3.18,0
2019,20.58,3.68,0
2019,18.66,2.58,0.02
2019,17.17,3.55,0
2019,15.89,4.53,0
2019,18.83,3.44,0
2019,19.86,2.82,0
2019,21.04,3.13,0
2019,16.81,7.19,1.58
2019,9.84,7.11,9.69
2019,9.98,6.59,0.9
2019,11.57,5.79,0.04
2019,12.93,4.53,0
2019,14.03,3.74,0
2019,11.74,5.45,0
2019,8.84,2.39,0
2019,7.36,5.8,8.69
2019,5.56,5.67,36.08
2019,5.22,4.86,2.11
2019,6.67,4.72,1.27
2019,9.14,3.86,0.04
2019,13,4.3,0
2019,12.72,5.15,0.77
2019,10.63,7.54,22.21
2019,11.39,7.03,0.16
2019,12.27,6.97,2.17
2019,12.6,8.94,4.05
2019,11.48,8.56,4.77
2019,11.31,5.86,0.58
2019,11.06,4.2,0.03
2019,12.36,4.75,0
2019,14.57,7.02,0
2019,14.53,8.51,0
2019,11.8,7.96,0.17
2019,7.49,4.06,0.01
2019,7.27,2.41,0
2019,7.07,1.84,0
2019,7.13,2.39,0
2019,8.26,2.72,0
2019,10.91,3.13,0
2019,11.55,3.47,0
2019,11.48,6.26,3.38
2019,9.73,7.37,16.91
2019,8.51,5.77,0.8
2019,6.87,5.57,6.33
2019,4.17,4.92,31.04
2019,5.25,4,0.1
2019,4.38,3.02,0
2019,5.71,3.63,0
2019,6.44,4.14,0.07
2019,9.29,3.87,0
2020,9.18,4.95,0
2020,9.82,4.74,0
2020,12.84,4.69,0
2020,12.46,4.55,0
2020,11.84,4.18,0
2020,11.22,3.32,0
2020,12,3.92,0
2020,9.08,6.19,0
2020,7.39,5.52,0.44
2020,7.93,3.15,0.01
2020,7.99,5,0
2020,7.97,5.68,0
2020,8.94,5.39,0
2020,8.94,5.86,0
2020,9.56,5.06,0
2020,8.27,6.05,2.12
2020,7.98,4.53,0.96
2020,9.39,3.13,0
2020,13.24,4.14,0
2020,12.17,6.55,0.62
2020,9.63,6.9,0.67
2020,10.81,6.82,0
2020,13.27,5.39,0
2020,14.63,5.76,0
2020,14.8,5.2,0
2020,11.66,5.8,0
2020,12.34,5.34,0
2020,12.93,5.34,0
2020,10.39,3.98,0.01
2020,12.1,3.77,0
2020,13.67,4.09,0
2020,16.38,4.12,0
2020,14.27,5.82,0.14
2020,5.25,2.14,0
2020,3.72,1.47,0.07
2020,6.92,2.61,0
2020,10.6,5.25,0
2020,13.89,5.91,0
2020,13.25,5.86,0
2020,9.46,5.96,2.18
2020,10.08,3.78,1.01
2020,10.07,2.98,0
2020,10.52,5.13,0.01
2020,11.38,4.65,0
2020,11.75,4.26,0
2020,12.6,4.63,0
2020,13.46,6.5,0
2020,13.61,5.96,0
2020,13.86,4.49,0
2020,13.22,5.03,0
2020,14.34,3.8,0
2020,14.54,5.14,0.02
2020,10.34,6.94,3.27
2020,11.62,6.99,0.73
2020,13.96,5.07,0.05
2020,14.2,3.12,0
2020,13.99,3.03,0
2020,16.07,3.7,0
2020,16.87,4.2,0
2020,13.52,5.58,0
2020,9.5,6.06,2.05
2020,9.51,3.94,0.59
2020,14.67,3.75,0
2020,15.57,5.22,0
2020,17.38,6.01,0
2020,15.5,6.21,0
2020,10.26,6.58,0.12
2020,10.12,5.68,0.03
2020,11.98,5.58,3.32
2020,13.12,8.31,15.6
2020,13.81,7.76,0.63
2020,11.91,8.02,33.7
2020,10.69,7.26,6.69
2020,11.67,7.67,1.49
2020,10.95,6.94,0.56
2020,9.95,6.66,9.46
2020,8.09,4.56,0.84
2020,8.42,4.9,0.79
2020,7.87,5.96,5.24
2020,9.9,6.15,0.79
2020,11.41,6.47,0.05
2020,11.29,6.75,13.3
2020,11.03,6.83,4.95
2020,10.31,6.57,0.82
2020,9.45,5.96,0.42
2020,7.39,4.56,0.38
2020,8.17,4.64,0.15
2020,10.68,5.77,0.13
2020,10.74,6.42,0.07
2020,13.68,5.85,0.01
2020,15.78,6.39,0
2020,15.7,7.71,0.01
2020,13.88,7.08,0.02
2020,12.54,5.61,0
2020,12.43,6.98,0.05
2020,11.02,7.25,2.19
2020,9.88,7.42,29.47
2020,10.91,6.95,14.56
2020,8.36,5.79,10.01
2020,7.96,6.18,18.26
2020,8.67,6.25,14.54
2020,12.61,6.75,0.24
2020,11.96,7.9,1.1
2020,12.88,7.79,0.33
2020,14.72,5.24,0.01
2020,16.03,5.16,0
2020,14.61,7.02,0
2020,12.47,6.61,0.08
2020,12.29,7.46,0.25
2020,13.59,7.76,0.01
2020,13.63,7.95,0.01
2020,15.21,7.91,0.02
2020,19.27,7.7,0
2020,21.15,8.91,0
2020,23.81,7.97,0
2020,24.14,8.46,0
2020,22.42,8.21,0.06
2020,20.62,8.16,0
2020,23.11,8.3,0.02
2020,21.72,8.94,0
2020,20.45,9.14,0.01
2020,18.54,7.76,0.01
2020,17.88,7.61,0.01
2020,17.76,7.53,0.01
2020,20.13,5.8,0
2020,23.87,5.86,0
2020,24.3,6.28,0
2020,24.43,6.88,0.01
2020,22.92,7.3,0
2020,21.16,7.81,0
2020,18.33,7.77,0
2020,16.09,6.81,0
2020,14.31,7.77,0.13
2020,15.18,7.24,0.01
2020,17.01,7.8,0
2020,18.78,8.15,0
2020,20.26,8.59,0
2020,18.21,8.21,0.05
2020,15.74,9.03,1.7
2020,13.89,6.41,0.03
2020,16.25,6.49,0.01
2020,19.85,6.19,0
2020,17.75,7.72,0.02
2020,17.71,6.72,0.01
2020,20.39,6.27,0
2020,24.15,6.64,0
2020,25.34,7.55,0.02
2020,24.54,8.35,0
2020,22.75,8.51,0
2020,19.06,8.81,0
2020,17.4,7.32,0.01
2020,18.87,7.9,0
2020,22.94,7.22,0
2020,23.94,8.02,0
2020,27.39,8.59,0
2020,22.08,8.55,0
2020,17.3,9.13,0.28
2020,16.04,8.74,0.35
2020,17.51,5.36,0.02
2020,18.37,3.09,0
2020,23.64,3.72,0.02
2020,26.07,4.57,0
2020,24.77,5.42,0
2020,19.7,6.33,0
2020,18.3,6.68,0
2020,19.58,7.02,0.11
2020,21.12,8.41,0.02
2020,19.55,8.78,0
2020,19.79,8.89,0
2020,20.7,8.87,0
2020,21.05,9.41,0
2020,21.18,10.26,0
2020,21.5,9.09,0
2020,22.63,8.04,0
2020,23.55,7.64,0.02
2020,22.98,7.8,0.02
2020,21.3,8.1,0
2020,24.01,8.2,0.04
2020,21.93,9.07,0
2020,18.19,9.91,0.11
2020,18.22,7.87,0.11
2020,20.82,7.99,0.03
2020,19.6,8.73,0
2020,19.81,8,0
2020,23.72,5.26,0
2020,26.23,7.5,0
2020,26.35,7.07,0
2020,26.11,6.92,0
2020,25.61,7.55,0
2020,23.33,7.22,0
2020,24.54,6.12,0
2020,27.61,5.82,0
2020,29.7,5.86,0
2020,30.04,7.26,0
2020,25.42,7.83,0
2020,22.41,7.63,0
2020,21.75,7.54,0
2020,22.53,7.25,0
2020,22.76,7.5,0.01
2020,24.86,6.24,0
2020,25.19,7.37,0
2020,24.48,8.3,0
2020,23.56,8.16,0
2020,20.8,7.26,0
2020,20.11,7.54,0
2020,21.39,7.72,0
2020,22.98,7.48,0
2020,24.86,6.63,0
2020,24.66,6.97,0
2020,24.7,6.62,0
2020,25.49,5.57,0
2020,29.68,5.83,0
2020,31.48,6.4,0
2020,29.42,5.95,0
2020,26.56,7.27,0
2020,26.64,6.77,0
2020,24.51,7.96,0
2020,22.03,9.16,0
2020,20.04,8.27,0
2020,22.32,7.83,0
2020,23.59,8.62,0
2020,25.46,7.42,0
2020,24.92,5.65,0
2020,25.69,3.71,0
2020,28.24,4.46,0
2020,30.17,6.01,0
2020,32.28,8.55,0
2020,32.67,10.58,0.7
2020,30.13,11.47,0.08
2020,30.7,9.53,0.04
2020,32.61,9.49,0.03
2020,31.72,9.97,0.45
2020,30.91,10.34,0.37
2020,29.51,9.21,0.17
2020,28.76,10.83,0.25
2020,27.78,13.14,0
2020,28.12,9.88,0
2020,28.32,8.95,0
2020,28.62,7.33,0
2020,29.02,7.3,0
2020,27.2,5.5,0
2020,24.02,5.1,0
2020,23.12,5.95,0
2020,22.57,5.91,0
2020,22.74,6.8,0
2020,25.05,7.82,0
2020,26.92,8.6,0
2020,30.23,7.68,0
2020,36.02,6.2,0
2020,36.29,6,0
2020,29.3,8.76,0
2020,24.76,6.81,0
2020,23.65,3.06,0
2020,24.61,3.28,0
2020,25.5,3.86,0
2020,26.4,5.05,0
2020,26,5.47,0
2020,26.88,6,0
2020,27.26,4.58,0
2020,27.65,3.31,0
2020,27.94,3.43,0
2020,28.54,5.07,0.02
2020,25.91,7.67,0
2020,24.35,6.43,0
2020,23.8,6.32,0
2020,24.15,5.96,0
2020,24.88,6.45,0
2020,25.18,6.65,0
2020,23.46,7.03,0
2020,23.03,7.67,0
2020,24.46,7.23,0
2020,27,4.65,0
2020,28.68,3.57,0
2020,30.57,3.6,0
2020,29.76,3.6,0
2020,29.42,3.81,0
2020,27.77,4.94,0
2020,27.24,3.59,0
2020,26.41,3.77,0
2020,25.27,4.72,0
2020,22.91,6.86,0
2020,18.69,9.8,0
2020,18.42,9.38,0
2020,18.58,9.99,0
2020,20.77,8.5,0.11
2020,25.56,4.89,0
2020,27.41,4.88,0
2020,27.37,4.95,0
2020,27.03,4.87,0
2020,26.87,2.95,0
2020,25.31,4.45,0
2020,22.7,7.2,0
2020,21.45,6.76,0
2020,21.52,5.96,0
2020,19.9,6.43,0
2020,17.27,9.46,0
2020,17.33,9.92,0
2020,15.68,9.4,0
2020,13.7,8.2,0.33
2020,11.19,1.09,0
2020,14.71,1.7,0
2020,17.79,3.41,0
2020,19.72,2.81,0
2020,21.13,3.27,0
2020,21.97,2.72,0
2020,22.42,3.34,0
2020,21.34,4.99,0
2020,20.91,6.01,0
2020,22.95,4.32,0
2020,23.61,3.74,0
2020,17.54,8.32,1.14
2020,8.7,5.78,6.1
2020,8.31,5.28,3.39
2020,7.71,3.45,0
2020,10.1,2.88,0
2020,12.31,3.73,0
2020,12.82,4.83,0
2020,12.36,5.52,0
2020,13.95,4.86,0
2020,17.83,3.27,0
2020,19.25,3.16,0
2020,17.46,4.22,0
2020,14.32,6.71,0
2020,14.85,5.3,0
2020,17.32,4.01,0
2020,17.27,3.73,0
2020,16.78,5.28,0
2020,12.2,6.5,0
2020,12.06,4.19,0
2020,12.61,5.53,0
2020,9.87,3.15,0
2020,9.57,1.62,0
2020,10.44,1.74,0
2020,12.1,1.95,0
2020,15,2.56,0
2020,14.71,2.17,0
2020,13.51,1.82,0
2020,10.36,1.42,0
2020,11.43,1.24,0
2020,12.77,1.67,0
2020,14.16,1.8,0
2020,14,1.93,0
2020,15.73,1.71,0
2020,15.99,3.78,0
2020,11.06,6.66,0
2020,7.99,5.29,0
2020,8.92,5.29,0.03
2020,10.04,2.99,0
2020,9.72,4.57,0.04
2020,9.09,2.27,0
2020,11.93,2.7,0
2020,10.48,5.38,0
2020,9.17,3.06,0
2020,10.96,2.25,0
2020,14.1,2.02,0
2020,15.59,2.78,0
2020,13.34,5.95,0
2020,11.44,1.75,0
2020,10.82,1.45,0.69
2020,12.87,3.06,0
2020,12.16,5.42,0.01
2020,10.1,5.85,1.07
2020,7.27,6.04,26.93
2020,6.76,3.61,0.27
2020,8.48,1.82,0.02
2020,8.47,2.98,0.02
2021,9.22,2.88,0
2021,10.22,4.46,0
2021,9.79,4.78,0
2021,11.04,4.99,0
2021,11.23,3.89,0
2021,13.12,3.4,0
2021,12.56,3.39,0
2021,12.47,2.88,0
2021,9.92,2.58,0
2021,9.86,2.67,0
2021,10.33,2.58,0
2021,10.89,2.82,0
2021,13.25,2.71,0
2021,16.59,4,0
2021,17.23,3.02,0
2021,18.01,3.61,0
2021,17.08,3.18,0
2021,15.51,3.45,0
2021,10.15,3.48,0.02
2021,12.59,5.29,0.23
2021,12.38,6.76,0
2021,10.16,6.95,0.64
2021,6.97,5.52,5.6
2021,6.52,4.64,3.36
2021,4.28,4.01,6.67
2021,3.42,3.13,0.12
2021,5.8,4.17,0.02
2021,8.44,4.87,16.96
2021,5.99,5.59,12.49
2021,7.32,3.85,0.05
2021,11.01,3.6,0
2021,12.73,4.98,0.01
2021,14.67,4.99,0
2021,12.92,5.57,0
2021,9.55,3.82,0
2021,11.87,3.36,0
2021,13.92,3.11,0
2021,14.27,3.56,0
2021,11.27,3.87,0
2021,8.53,5.11,0
2021,10.77,6.12,0
2021,12.62,6.24,0
2021,11.52,5.97,2.23
2021,9.6,5.72,0.08
2021,9.49,3.82,0
2021,10.76,6.01,0.07
2021,10.29,4.77,0.04
2021,8.86,3.08,0
2021,9.47,2.18,0
2021,12.88,3.55,0
2021,10.5,3.79,0
2021,10.35,2.49,0
2021,13.21,2.6,0
2021,16.68,3.64,0
2021,14.96,4.96,0
2021,10.21,1.63,0
2021,12.08,2.45,0
2021,11.71,3.7,0
2021,9.74,1.7,0
2021,11.07,1.96,0
2021,12.11,2.66,0
2021,8.26,5.66,4.75
2021,11.66,5.12,0.1
2021,14.86,4.01,0
2021,12.03,5.85,0
2021,10.27,6.18,0.02
2021,10.95,6.16,0.02
2021,9.07,5.11,0.35
2021,6.95,5.31,9.04
2021,5.51,4.51,8.38
2021,6.18,4.01,2.04
2021,8.47,4.79,0.17
2021,10.58,6.01,0.06
2021,7.41,4.89,4.16
2021,7,3.84,0.01
2021,10.22,4.08,0
2021,13.33,4.05,0
2021,14.66,6.45,0.01
2021,12.28,5.9,0.08
2021,10.26,3.56,0
2021,11.14,3.83,0.03
2021,11.23,4.61,0.21
2021,11.91,3.14,0
2021,8.83,5.98,0.47
2021,11.12,4.26,0.4
2021,14.78,2.85,0
2021,18.95,3.46,0
2021,18.11,4.46,0
2021,15.96,3.5,0
2021,17.23,2.28,0
2021,19.5,2.94,0
2021,17.36,5.35,0
2021,17.91,4.1,0
2021,18.64,4.88,0
2021,15.91,6.95,0
2021,16.22,6.63,0
2021,18.16,6.15,0
2021,17.4,5.93,0
2021,18.18,4.95,0
2021,18.31,5,0
2021,16.08,6.01,0
2021,15.78,7.11,0.03
2021,12.53,7.63,0.27
2021,11,5.1,0.03
2021,13,5.09,0
2021,15.33,5.01,0
2021,16.46,4.65,0
2021,18.29,2.53,0
2021,20.17,3.39,0
2021,15.83,5.62,0
2021,12.33,6.77,0.08
2021,13.74,7.3,0.2
2021,14.36,7.23,0.04
2021,14.13,7.25,0
2021,12.93,6.42,0.1
2021,11.03,6.18,0.93
2021,12.11,5.13,0.28
2021,17.8,3.47,0
2021,23.36,3.55,0
2021,25.39,4.19,0
2021,18.06,6.24,0
2021,15.22,6.51,0
2021,19.28,4.92,0
2021,22.19,4.8,0
2021,22.65,5.44,0
2021,19.01,6.64,0
2021,16.81,7.22,0
2021,18.4,6.69,0
2021,18.22,7.07,0
2021,17.84,8.04,0
2021,20.32,7.33,0
2021,20.2,7.22,0
2021,19.08,6.8,0
2021,17.73,6.35,0
2021,14.53,7.58,0.09
2021,13.59,7.73,0.64
2021,16.92,8.86,0.2
2021,19.48,7.86,0.01
2021,17.46,6.38,0
2021,14.74,5.85,0
2021,13.49,5.09,0
2021,13.88,5.47,0
2021,16.67,5.2,0
2021,22.35,3.98,0
2021,23.15,5.19,0
2021,19.76,6.75,0
2021,18.74,7.18,0
2021,19.45,6.3,0
2021,17.7,7.76,0
2021,20.29,8.13,0
2021,21.67,7.81,0
2021,24,6.39,0
2021,24.53,6.47,0
2021,22.65,7.13,0
2021,21.79,5.66,0
2021,21.2,5.76,0
2021,17.7,7.13,0
2021,15.19,7.49,0.03
2021,17.62,8.04,0.01
2021,17.93,5.99,0
2021,18.51,4.36,0
2021,21.58,4.05,0
2021,23.98,4.69,0
2021,24.91,5.05,0
2021,27.82,5.1,0
2021,29.09,5.33,0
2021,29.63,6.46,0
2021,29.1,7.08,0
2021,27.98,7.02,0.01
2021,26.82,7.41,0.01
2021,25.66,7.06,0
2021,24.32,6.77,0
2021,24.76,5.93,0.01
2021,24.05,6.37,0.27
2021,22.49,6.93,0.1
2021,24.31,6.48,0
2021,27.85,6.82,0.01
2021,30.81,7.38,0
2021,29.04,8.49,0
2021,26.14,9.5,0
2021,25.43,8.59,0
2021,25.26,8.26,0
2021,26.86,5.7,0
2021,27.53,5.73,0.05
2021,25.53,4.72,0
2021,25.21,4.55,0
2021,25.81,4.57,0
2021,27.8,5.73,0
2021,28.88,8.04,0.01
2021,29.45,8.89,0
2021,27.85,8.71,0
2021,27.38,9.12,0.01
2021,25.81,8.81,0.03
2021,26.48,8.59,0.01
2021,25.32,7.38,0.05
2021,25.43,6.66,0
2021,25.45,7.1,0
2021,26.68,7.49,0.01
2021,28.41,8.65,0.49
2021,28.21,8.48,0
2021,28.32,8.27,0
2021,28.32,8.03,0.02
2021,26.54,7.76,0.01
2021,25.29,7.68,0
2021,24.66,7,0
2021,23.34,7.71,0.49
2021,23.69,10.96,4.47
2021,26.71,9.29,0.25
2021,27.8,7.43,0.05
2021,28.26,7.79,0.02
2021,27.1,7.15,0.45
2021,27.64,6.48,0.39
2021,27.97,6.33,0
2021,29.98,5.46,0
2021,30.17,6.05,0
2021,30.08,7.09,0
2021,28.42,7.43,0
2021,25.52,6.34,0
2021,24.12,6.1,0
2021,24.78,6.24,0
2021,25.6,5.99,0.6
2021,28.39,7.13,2.05
2021,27.15,8.41,0.05
2021,27.19,7.37,0.01
2021,26.41,6.71,0
2021,27.12,9.2,0
2021,27.05,9.38,0
2021,27.03,9.72,0
2021,23.92,12.51,0
2021,21.15,12.31,0.04
2021,21.7,11.31,0.01
2021,22.34,11.07,0
2021,20.91,11.26,0.11
2021,20.92,10.29,0.03
2021,20.6,9.35,0
2021,22.75,5.97,0
2021,26.52,4.88,0
2021,29.51,4.52,0
2021,29.16,4.33,0
2021,28.43,4.79,0
2021,29.63,5.88,0.08
2021,26.69,7.46,0.21
2021,22.87,8.02,0.1
2021,20.9,11.38,0.07
2021,22.09,10.13,0
2021,25.19,5.87,0
2021,28.41,4.06,0
2021,30.82,5.09,0
2021,27.64,7.98,0
2021,25.93,8.95,0
2021,27,7.87,0
2021,29.17,8.67,0.48
2021,28.15,8.72,0.24
2021,28.73,8.47,0
2021,28.07,5.92,0
2021,26.76,4.15,0
2021,23.42,4.84,0
2021,22.19,5.73,0
2021,19.88,6.54,0
2021,20.31,6.55,0
2021,19.78,6.49,0
2021,20.51,7.53,0
2021,23.64,6.89,0
2021,27.71,4.49,0
2021,28.97,7.59,0
2021,26.2,8.84,0.04
2021,23.75,7.59,0.61
2021,22.03,9.15,0.07
2021,19.84,8.29,0.01
2021,18.55,9.74,0.03
2021,17.43,9.41,0.01
2021,19.37,5.62,0
2021,21.99,2.19,0
2021,23.38,2.22,0
2021,25.17,2.82,0
2021,25.83,4.71,0
2021,24.82,5.61,0
2021,19.8,10.5,3.44
2021,19.2,11.01,0.03
2021,16.75,10.39,0.63
2021,16.02,9.4,3.11
2021,16.34,6.06,0.07
2021,18.28,4.67,0
2021,14.67,5.75,0.19
2021,12.26,2.52,0
2021,14.6,2.91,0
2021,17.53,3.88,0
2021,18.25,2.75,0
2021,19.81,2.86,0
2021,17.05,5.86,0.01
2021,12.66,6.91,0.34
2021,13.2,5.3,0
2021,16.85,5.1,0
2021,19.24,4.48,0
2021,16.54,5.15,0.04
2021,14.83,8.35,0.27
2021,14.91,8.37,0.13
2021,12.06,8.66,10.51
2021,12.99,5.25,0.01
2021,17.94,5.34,0
2021,21.07,6.07,0
2021,21.08,6.2,0
2021,17.63,5.82,0
2021,14.33,7.3,0
2021,14.63,7.8,0
2021,16.55,8.14,0
2021,19.84,5.69,0
2021,20.35,4.87,0
2021,20.09,4.98,0
2021,17.36,4.68,0
2021,15.58,5.42,0
2021,13.91,6.19,0
2021,14.06,6.97,0
2021,17.18,6.03,0
2021,20.06,4.84,0
2021,21.16,4.9,0
2021,21.3,4.5,0
2021,21.75,3.7,0
2021,21.28,3.95,0
2021,16.32,4.37,0
2021,15.61,5,0
2021,17.25,4.07,0
2021,15.92,4.8,0
2021,15.96,4.22,0
2021,17.23,2.9,0
2021,18.04,2.89,0
2021,15.76,7.4,0
2021,13.91,3.84,0
2021,12.27,1.41,0
2021,14.34,1.55,0
2021,16.93,2.37,0
2021,18.49,2.41,0
2021,18.55,3.1,0
2021,18.64,2.97,0
2021,18.32,2.72,0.01
2021,17.07,3.71,0.03
2021,14.76,4.89,0
2021,14.13,5.14,0
2021,14.75,3.55,0
2021,14.38,4.67,0
2021,10.64,6.64,0.45
2021,12.09,5.81,0.06
2021,8.92,7.01,4.62
2021,7.12,3.72,0.01
2021,8.64,2,0
2021,9.5,3.39,0
2021,9.13,6.43,1.03
2021,7.85,6.71,41.26
2021,5.34,3.39,0.09
2021,6.73,4.91,0.51
2021,8.1,3.92,0.17
2021,9.09,2.42,0
2021,10.1,2.85,0
2021,10.85,2.94,0
2021,12.62,3.57,0
2021,13.54,5.13,0.41
2021,10.84,7.57,37.4
2021,10.22,7.55,18.41
2021,8.27,6.56,7.74
2021,7.17,5.2,3.76
2021,6.59,5.65,5.8
2021,5.09,4.91,1.12
2021,6.45,5.83,9.77
2021,8.72,6.87,22.4
2021,8.67,6.47,0.19
2022,4.94,2.8,0
2022,5.81,2.49,0
2022,8.19,3.42,0
2022,9.07,4.72,0
2022,11.21,5.19,0
2022,14.4,5.57,0
2022,11.04,6.38,0
2022,10.15,5.52,0
2022,10.07,4,0
2022,10.27,3.66,0
2022,11.26,3.39,0
2022,12.78,3.91,0
2022,14.8,5.02,0.03
2022,14.38,5.61,0
2022,12.55,4.83,0.11
2022,14.04,6.14,0.01
2022,12.3,8.45,1.87
2022,11.45,7.69,0.47
2022,11.06,5.94,0.01
2022,12.47,4.11,0
2022,12.14,4.08,0
2022,9.76,3.53,0
2022,11.52,3.64,0.03
2022,12.18,4.5,0
2022,11.07,4.72,0
2022,9.45,3.13,0
2022,9.52,2.87,0
2022,9.04,2.5,0
2022,9.6,3.33,0
2022,11.17,3.56,0
2022,10.75,4.22,0
2022,9.13,5.3,0
2022,5.97,1.88,0
2022,7.32,2.56,0
2022,7.99,2.6,0
2022,9.62,2.77,0
2022,11.44,2.97,0
2022,12.75,3.3,0
2022,13.75,3.64,0
2022,15.1,3.51,0
2022,16.12,4.4,0
2022,17.04,4.58,0
2022,17.5,3.67,0
2022,17.96,3.83,0
2022,16.42,5.48,0
2022,8.61,6.3,2.77
2022,8.46,4.59,0.06
2022,9.92,3.1,0.03
2022,11.86,2.99,0
2022,14.51,3.94,0
2022,12.97,5.34,0
2022,9.11,5.93,0.11
2022,7.65,5.3,2.67
2022,4.84,3.52,1.72
2022,5.32,2.29,0
2022,7.85,2.58,0.01
2022,8.8,2.24,0
2022,11.33,2.31,0
2022,14.59,2.81,0
2022,17.67,3.53,0
2022,18.52,4.37,0
2022,13.53,5.58,0.45
2022,10.39,6.81,2.89
2022,7.26,4.79,1.56
2022,7.25,3.73,0.03
2022,8.67,2.57,0
2022,10.69,3.12,0
2022,11.78,5.85,0
2022,11.03,4.1,0
2022,11.05,2.24,0
2022,13.98,3.21,0
2022,13.28,5.47,0
2022,16.03,4.73,0
2022,17.93,5.7,0
2022,16.33,6.52,0
2022,16.73,4.13,0
2022,17.57,5.04,0
2022,13.69,6.64,1.27
2022,13.49,5.26,0.67
2022,15.38,3.78,0
2022,19.47,4.64,0
2022,20.01,4.6,0
2022,21.71,5.76,0
2022,21.99,5.5,0
2022,18.69,5.07,0
2022,13.2,5.7,0
2022,10.67,7.3,17.32
2022,12.32,6.74,0.89
2022,14.78,6.92,0.12
2022,14.27,7.74,0.02
2022,16.35,7.59,0
2022,15.75,8.38,0
2022,14.53,8.11,0.05
2022,16.58,5.98,0.05
2022,19.6,7.08,0
2022,21.95,4.21,0
2022,22.38,3.19,0
2022,24.46,4.14,0
2022,20.98,7.02,0
2022,15.75,5.86,0.02
2022,13.38,7.18,0.23
2022,10.82,2.72,0
2022,11.94,3.14,0.05
2022,13.21,5,0
2022,14.32,6.66,0
2022,13.57,7.28,0
2022,16.46,5.87,0
2022,18.39,6.41,0
2022,16.42,7.13,0
2022,14.12,6.66,0
2022,13.38,6.8,1.66
2022,12.16,6.08,4.17
2022,15.6,4.35,0
2022,18.37,3.52,0
2022,20.7,3.36,0
2022,19.2,5.36,0
2022,15.78,7.47,0
2022,13.9,7.13,0
2022,17.48,5.24,0
2022,19.08,6.12,0
2022,16.49,7.44,0
2022,16.79,6.55,0
2022,17.51,5.98,0
2022,20.78,4.88,0
2022,21.01,5.22,0
2022,20.74,6.28,0
2022,18.41,7.28,0.04
2022,14.09,6.91,0.08
2022,12.87,4.53,0.01
2022,12.9,4.72,0
2022,12.47,3.25,0
2022,17.31,3.42,0
2022,22.28,4.8,0
2022,25.08,4.94,0
2022,23.47,4.59,0
2022,19.48,7.09,0
2022,18.16,7.49,0
2022,21.13,7.57,0
2022,18.68,8.01,0.04
2022,16.64,8.54,0.26
2022,17.44,7.94,0.03
2022,18.44,6.93,0
2022,19.63,7.14,0
2022,22.82,6.99,0
2022,22.7,6.68,0
2022,20.13,6.8,0
2022,17.95,7.38,0
2022,16.5,8.93,0
2022,17.64,6.71,0
2022,18.46,5.77,0
2022,20.19,5.46,0
2022,23.61,5.19,0
2022,22.18,6.33,0
2022,19.62,7.87,0
2022,19.43,8.51,0
2022,21.1,9.54,0
2022,23.25,10.39,0
2022,24.03,8.44,0
2022,24.57,7.47,0
2022,26.46,6.87,0
2022,27.77,7.33,0
2022,27.1,6.89,0
2022,23.52,6.08,0
2022,20.58,8.82,0.02
2022,22.92,5.74,0
2022,25.24,6.51,0
2022,24.12,6.8,0
2022,18.75,7.38,0
2022,17.9,6.37,0
2022,20.45,5.26,0
2022,25.59,4.37,0
2022,26.13,4.33,0.01
2022,27.74,7.98,1.67
2022,27.72,8.18,0.16
2022,27.9,4.82,0
2022,27.55,4.08,0
2022,28.41,5.25,0
2022,30.79,6.02,0
2022,29.26,5.24,0
2022,27.02,5.28,0
2022,25.66,6.71,0
2022,24.75,6.58,0
2022,22.84,6.12,0
2022,20.14,7.79,0
2022,21.14,8.56,0
2022,22.37,10.5,0
2022,22.81,9.99,0
2022,24.53,7.01,0
2022,24.08,7.14,0
2022,26.29,5.13,0
2022,27.14,6.32,0
2022,25.85,5.84,0
2022,23.59,5.67,0
2022,25.18,5.05,0
2022,26.22,7.46,0.01
2022,28.35,7.66,0.07
2022,29.19,7.14,0
2022,27.82,6.72,0
2022,28.61,7.49,0.12
2022,28.85,7.03,0
2022,27.46,7.92,0
2022,28.12,7.04,0
2022,26.26,6.81,0
2022,26.42,8.17,0
2022,25.04,8.37,0
2022,24.44,7.79,0.46
2022,25.09,6.62,0
2022,24.57,5.61,0
2022,25.98,6.84,0.01
2022,26.19,7.65,0.14
2022,25.05,10.25,1.06
2022,24.91,12.19,1.9
2022,26.93,10.74,1.13
2022,27.33,9.53,0.01
2022,26.4,10.83,0.02
2022,24.57,13.65,0.58
2022,26.5,10.7,0.18
2022,28.65,7.46,0
2022,29.82,7.15,0.01
2022,28.34,7.03,0.43
2022,27.97,8.27,0.01
2022,28.7,8.34,0
2022,29.72,6.25,0
2022,29.67,6.46,0.01
2022,29.13,8.29,0.5
2022,29.04,6.87,0.14
2022,29,6.24,0
2022,29.48,6.7,0.57
2022,28.81,7.14,0
2022,28.04,7.21,0
2022,28.15,7.65,0
2022,25.41,8.82,0.06
2022,24.42,10.2,0
2022,26.39,8.71,0
2022,28.35,7.61,0.02
2022,26.55,7.93,0.57
2022,27.17,8.93,0.25
2022,27.35,7.93,0.04
2022,24.68,8.02,0
2022,23.28,9.69,0
2022,25,9.44,0
2022,29.55,8.14,0
2022,34.01,6.31,0
2022,32.49,7.52,0
2022,31.18,8.57,0
2022,32.78,10.73,0.16
2022,32.08,10.94,0.16
2022,31.89,10.07,0.05
2022,31.62,8.49,0
2022,31.45,7.76,0
2022,30.55,9.22,0.17
2022,26.91,12.69,6.17
2022,25.01,13.5,1.49
2022,25.12,13.66,4.37
2022,24.03,13.64,2.42
2022,22.51,12.3,0.09
2022,20.84,10.61,0.02
2022,20.29,10.26,0
2022,20.77,9.58,0
2022,19.44,10.38,0
2022,18.38,9.07,0.01
2022,18.93,8.11,0
2022,20.05,9.27,0
2022,19.69,7.93,0
2022,22.43,6.21,0
2022,25.51,7.78,0
2022,26.79,8.52,0.04
2022,28.1,8.25,0.1
2022,29.22,7.77,0
2022,28.79,6.82,0
2022,28.39,7.29,0.23
2022,25.39,7.2,0
2022,21.31,7.51,0.01
2022,19.27,8.49,0
2022,20.71,9.1,0
2022,22.98,8.68,0.03
2022,23.82,7.67,0
2022,24.28,7.87,0
2022,23.47,8.52,0
2022,24.14,8.68,0.02
2022,24.19,8.08,0.2
2022,23.31,8.41,0.08
2022,21.78,8.08,0.76
2022,20.86,10.22,1.31
2022,21.19,10.1,1.31
2022,20.8,8.61,0.08
2022,20.09,9.96,0.12
2022,18,10.64,4.5
2022,18.86,10.84,0.92
2022,21.54,9.39,0
2022,23.74,6.8,0
2022,24.37,7.08,0
2022,24.39,7.29,0
2022,21.17,7.71,0
2022,15.3,9,0.79
2022,14.75,6.39,0.2
2022,14.7,2.57,0
2022,16.75,3.92,0
2022,15.55,6.01,0
2022,15.56,4.27,0
2022,16.7,3.41,0
2022,18.18,4.16,0
2022,19.12,2.97,0
2022,19.15,4.31,0
2022,14.71,7.91,0.24
2022,12.47,6.52,3.74
2022,9.14,4.27,0.26
2022,11.78,3.11,0
2022,14.15,4.42,0.02
2022,13.74,7.5,0.11
2022,13.31,9.02,5.8
2022,11.75,8.51,40.23
2022,9.83,5.52,2.62
2022,9.66,3.59,0
2022,10.06,2.59,0
2022,10.38,3.71,0
2022,9.96,4.59,0
2022,10.39,3.19,0
2022,10.78,2.7,0
2022,10.91,2.18,0
2022,12.25,2.86,0
2022,12.52,3.52,0
2022,10.36,2.22,0
2022,11.78,2.43,0
2022,12.14,2.71,0
2022,13.27,3.12,0
2022,13.26,3.25,0
2022,12.39,2.66,0
2022,12.83,3.08,0
2022,13.41,4.22,0
2022,12.3,4.45,0
2022,11.06,7.11,0
2022,10.28,5.44,0
2022,9.54,4.96,0
2022,8.84,6.17,0.12
2022,10.38,6.99,1.01
2022,12.88,6.38,0.01
2022,11.99,7.7,0.48
2022,9.98,6.72,0.07
2022,8.62,6.2,0.06
2022,8.35,5.51,0.18
2022,8.25,4.46,0
2022,9.32,4.21,0
2022,9.24,5.73,0.86
2022,8.14,6.68,22.63
2022,4.76,5.01,5.34
2022,5.52,3.99,0.23
2022,6.58,3.32,0
2022,8.6,3.41,0
2022,8.32,2.72,0.02
2022,8.22,2.49,0
2022,8.79,2.75,0
2022,9.13,3.06,0
2022,10.97,3.3,0
2022,12.1,3.68,0
2022,13.04,4.67,0
2022,13.46,5.47,0
2022,14.11,4.55,0
2022,15.59,4.64,0
2022,16.59,5.11,0
2022,11.83,7.54,7.36
2022,10.13,6.11,1.72
2022,8.72,6.52,0.72
2022,10.14,7.52,0.88
2022,10.81,8.38,25.39
2023,8.47,6.12,9.19
2023,6.6,5.39,0.61
2023,9.11,7.55,6.23
2023,11.6,8.49,5.28
2023,9.54,7.36,21.16
2023,8.88,4.87,0.1
2023,10.11,4.53,0
2023,11.56,5.07,0.02
2023,10.51,7.63,21.12
2023,10.23,7.92,22.27
2023,8.51,5.53,0.26
2023,10.43,4.91,0
2023,11.25,5.47,0.01
2023,9.4,7.44,35.24
2023,8.21,6.81,10.12
2023,8.94,7.05,20.87
2023,6.08,4.94,0.63
2023,6.61,4.04,0.02
2023,6.61,4.74,0.73
2023,4.74,3.41,0
2023,6.18,3.24,0.01
2023,6.91,3.84,0
2023,4.97,2.94,0
2023,7.6,3.55,0
2023,8.82,3.92,0
2023,8.12,3.64,0
2023,9.67,4.15,0
2023,8.17,5.55,0.01
2023,7.45,6.1,2.18
2023,6.89,5.42,4.06
2023,5.21,2.32,0
2023,7.55,3,0.02
2023,10.33,3.79,0
2023,11.95,4.04,0
2023,12.37,4.57,0
2023,9.59,6.38,0.46
2023,7.8,4.19,0.02
2023,9.44,4,0
2023,12.29,4.5,0
2023,11.41,4.18,0
2023,11.52,3.8,0
2023,8.25,5.47,0
2023,7.93,5.26,0.29
2023,9.04,6.47,0.25
2023,6.8,5.17,1.38
2023,4.33,2.63,0
2023,5.59,2.53,0.61
2023,6.48,2.92,0
2023,9.27,3.34,0
2023,10.38,4.56,0
2023,12.48,5.38,0
2023,10.45,6.58,1.39
2023,3.81,3.89,0.48
2023,3.76,4.75,8.06
2023,6.5,5.92,24.86
2023,5.33,5.32,39
2023,4.89,4.56,1.53
2023,6.07,5.51,4.98
2023,7.34,5.61,7.58
2023,5.11,4.61,15.39
2023,6.79,3.68,0.04
2023,8.14,5.07,0.29
2023,7.45,5.58,0.01
2023,6.56,5.7,0.66
2023,7.91,5.45,0.21
2023,7.98,5.01,0.02
2023,8.16,5.22,0
2023,10.76,5.08,0
2023,9.58,7.25,17.12
2023,12.44,8.78,3.26
2023,13.04,7.84,0.1
2023,12.86,7.52,0.01
2023,11.02,8.31,20.4
2023,11.4,8.35,27
2023,11.19,6.67,0.38
2023,12.84,5.91,0
2023,13.49,4.97,0
2023,11.92,6.83,2.8
2023,10.68,7.6,2.69
2023,8.05,6.47,36.76
2023,7.25,5.85,7.38
2023,8.33,5.95,2.1
2023,8.62,4.85,0.05
2023,8.55,4.61,0
2023,8.09,3.96,0
2023,9.78,3.52,0
2023,11.21,4.51,0
2023,7.83,5.84,11.84
2023,6.85,5.32,5.54
2023,9.47,5.04,0.1
2023,12.74,5.42,0.04
2023,11.52,6.82,0
2023,8.44,4.81,0.26
2023,7.11,4.02,0
2023,10.19,4.4,0
2023,12.69,4.03,0
2023,13.91,5.66,0
2023,14.01,6.92,0
2023,18.07,7.66,0
2023,18.88,6.61,0
2023,17.13,6.13,0
2023,12.5,7,0.42
2023,10.29,7.1,1.08
2023,11.52,6.38,0.05
2023,14.76,7.04,0.01
2023,14.42,7.47,0
2023,12.79,7.58,0.02
2023,11.72,6.8,0.02
2023,11.94,5.08,0
2023,16.69,5.52,0
2023,20.29,6.63,0
2023,20.87,8.27,0
2023,18.35,8.7,0
2023,16.37,8.51,0
2023,17.07,7.37,0.01
2023,19.69,6.23,0
2023,20.41,6.49,0
2023,20.41,7.4,0
2023,20.09,7.67,0
2023,15.99,7.16,0.08
2023,11.32,7.11,0.33
2023,10.68,6.17,0.09
2023,10.51,6.13,1.1
2023,10.51,6.84,9.6
2023,11.68,6.89,1.83
2023,12.34,7,0.01
2023,13.95,7.33,0
2023,14.72,8.13,0
2023,12.56,7.66,0.17
2023,12.97,7.77,0.16
2023,15.32,8.06,0
2023,18.67,8.47,0
2023,21.09,7.97,0
2023,20.06,8.46,0
2023,19.69,8.37,0
2023,20.97,8,0
2023,21.86,7.92,0.01
2023,20.09,8.34,0
2023,18.21,8.04,0.03
2023,18.87,8.68,0.21
2023,20.25,10.07,0.6
2023,18.89,8.87,0.67
2023,16.33,8.78,0.12
2023,14.67,7.83,0.11
2023,14.12,7.69,0.08
2023,14.51,8.47,0.02
2023,16.49,8.69,0
2023,16.21,8.99,0.02
2023,15.79,9.01,0.07
2023,14.87,8.32,0.16
2023,14.55,8.69,0.26
2023,15.75,9.13,0.06
2023,17.16,9.11,0.02
2023,18.06,9.09,0
2023,18.04,7.94,0
2023,14.95,7.92,0.01
2023,14.02,7.51,0.02
2023,15.14,8.48,0.03
2023,17.34,9.42,0
2023,17.91,9.88,0
2023,16.27,9.45,0.16
2023,14.75,9.12,1.26
2023,16.74,9.44,0.25
2023,18.1,9.84,0.02
2023,18.14,10.27,0.01
2023,18.19,10.38,0.04
2023,20.26,11.27,0.05
2023,22.45,11.67,0.01
2023,18.96,8.84,0
2023,17.19,8.75,0
2023,18.6,6.99,0
2023,19.2,6.68,0
2023,15.63,6.94,0
2023,16.5,7.46,0
2023,17.66,7.93,0
2023,17.71,7.22,0
2023,18.71,8.15,0
2023,19.67,8.13,0
2023,18.36,8.42,0
2023,22.12,9.33,0
2023,26.41,8.27,0
2023,26.63,7.69,0
2023,26.3,8.11,0
2023,25.87,7.83,0
2023,22.57,5.37,0
2023,21.64,5.5,0
2023,20.51,6.77,0
2023,19.94,8,0
2023,21.11,8.37,0
2023,21.16,7.93,0
2023,23.63,6.05,0
2023,26.08,5.69,0
2023,26.79,8.36,0
2023,27.19,7.55,0
2023,27.78,7.38,0
2023,29.55,8.38,0
2023,28.5,8.34,0
2023,27.28,8.52,0
2023,28.5,9.02,0
2023,28.63,10.45,0
2023,29.38,9.29,0
2023,28.83,8.28,0
2023,28.93,8.02,0
2023,27.09,9.51,0.01
2023,28.44,9.41,0
2023,29.74,8.37,0
2023,29.8,8.31,0
2023,29.59,9.1,0
2023,28.54,8.49,0
2023,29.05,9.17,0
2023,28.7,10.19,0
2023,27.53,10.16,0.21
2023,26.7,9.75,0.21
2023,25.58,7.61,0.01
2023,23.76,6.01,0
2023,24.72,7.55,0
2023,26.67,7.58,0
2023,26.88,5.56,0
2023,24.42,4.97,0
2023,23.71,8.5,0
2023,23.83,11.7,0.06
2023,22.58,11.77,0.39
2023,23.28,12.48,0.22
2023,24.68,10.67,0.01
2023,25.01,8.79,0.05
2023,26.92,8.28,0.09
2023,28.67,7.91,0.21
2023,29.88,10.1,0.37
2023,29,6.09,0
2023,26.68,5.61,0
2023,24.92,9.07,1.28
2023,22.36,14.66,66.52
2023,20.72,11.66,2.96
2023,23.6,10.6,0.02
2023,25.88,9.3,0
2023,23.91,8.77,0
2023,24.43,6.87,0
2023,26.57,5.24,0
2023,29.99,6.36,0
2023,30.88,7.81,0
2023,31.02,7.19,0
2023,28.77,6.43,0
2023,24.95,6.55,0
2023,21.62,10.12,1.85
2023,21.31,12.06,2.19
2023,20.24,11.16,0.33
2023,20.76,10.34,0
2023,20.64,10.84,0
2023,21.05,9.59,0
2023,23.47,6.65,0
2023,27.35,7.4,0
2023,28.63,10.58,0
2023,27.74,12.64,0.44
2023,26.29,12.06,0.04
2023,23.47,9.3,0
2023,20.68,9.89,0
2023,20.98,9.75,0
2023,21.98,10.96,0
2023,21.07,10.95,0.04
2023,19.95,10.77,0.05
2023,19.15,10.12,0.01
2023,19.3,10.08,0
2023,18.44,9.92,0.01
2023,17.55,10.11,0.04
2023,17.68,8.6,0
2023,19.23,7.72,0
2023,20.3,6.36,0
2023,20.62,5.91,0
2023,21.83,5.87,0
2023,21.49,8.48,0
2023,19.77,8.91,0
2023,17.11,9.23,0.02
2023,15.39,9.42,0.98
2023,13.78,7.38,0.18
2023,16.14,7.38,0
2023,20.15,6.99,0
2023,22.89,6.29,0
2023,25,6.12,0
2023,26.28,6.1,0
2023,26.64,6.24,0
2023,26.22,6.39,0
2023,23.28,6.3,0
2023,18.45,8.83,0.13
2023,17.62,7.95,0.15
2023,18.28,5.01,0.01
2023,19.56,5.04,0
2023,21.56,4.71,0
2023,23.7,4.2,0
2023,24.69,4.8,0
2023,24.13,6.17,0
2023,25.29,5.17,0
2023,26.46,4.94,0
2023,26.55,6.5,0
2023,23.04,8.13,0
2023,17.51,9.81,0.21
2023,16.84,9.47,0.24
2023,17.78,8.49,0.01
2023,16.08,9.57,0.08
2023,16.79,8.29,0.02
2023,15.52,7.54,0
2023,14.93,5.97,0
2023,14.02,1.6,0
2023,14.56,1.74,0
2023,16.97,1.74,0
2023,18.3,2.36,0
2023,20.38,3.34,0
2023,20.84,4.16,0
2023,21.15,3.95,0
2023,20.75,4.66,0
2023,17.67,7.06,0
2023,14.75,7.4,0
2023,13.59,3.17,0
2023,13.75,2.1,0
2023,14.52,1.97,0
2023,15.79,1.62,0
2023,16.81,2.44,0
2023,15.61,4.24,0
2023,17.41,2.67,0
2023,15.25,5.91,12.26
2023,14.76,8.26,0.75
2023,14.57,7.44,0.17
2023,14.09,9.01,0.59
2023,13.75,5.61,0.13
2023,12.27,2.65,0
2023,14.83,3.35,0
2023,16.11,3.94,0
2023,14.57,7.72,0
2023,12.59,6.73,0.25
2023,10.3,3.58,0.01
2023,9.86,2.79,0
2023,11.9,2.72,0
2023,12.95,3.57,0
2023,10.95,6.22,0.47
2023,10.1,7.26,0.74
2023,10,5.53,0.05
2023,10.41,5.73,0.02
2023,12.63,5.14,0
2023,15.82,4.36,0
2023,17.05,4.78,0
2023,15.9,6.51,0
2023,12.44,5.83,0
2023,10.15,3.84,0
2023,10.41,1.75,0
2023,13.74,2.12,0
2023,14.85,3.55,0
2023,13.08,4.43,0
2023,11.34,3.6,0
2023,12.17,3.03,0
2023,13.55,2.74,0
2023,14.58,3.02,0
2023,15.46,3.02,0
2023,16.13,5.05,0.81
2023,13.32,8.67,1.56
2023,12.69,8.97,10.72
2023,13.1,8.5,9.43
2023,11.96,8.12,5.76
2023,11.85,7.73,0.02
2023,11.38,5.42,0
2023,11.62,4.19,0
2023,13.36,4.68,0
2023,13.3,4.28,0
2023,12.55,4.2,0
2023,11.75,4.22,0.01
2023,9.13,6.91,5.5
2023,9.11,6.65,0.25
2024,10.01,5.06,0.01
2024,9.92,5.55,0.02
2024,8.87,5.93,6.48
2024,7.99,3.75,0.01
2024,8.64,3.51,0
2024,8.36,3.77,0.23
2024,5.9,3.49,0.94
2024,5.01,1.99,0
2024,7.28,2.82,0
2024,6.9,5.2,0.08
2024,7.56,3.51,0.56
2024,7.47,3.75,0
2024,8.64,4.59,0
2024,9.23,5.85,0
2024,11.66,5.04,0
2024,12.86,4.61,0
2024,10.79,6.86,0
2024,12.01,5.9,0
2024,13.21,6.46,0
2024,11.17,8.48,9.27
2024,11.07,7.73,3.94
2024,11.2,8.36,22.62
2024,11.38,7,0.84
2024,10.57,7.49,0.13
2024,11.17,6.52,0.25
2024,11.43,4.02,0
2024,14.33,3.87,0
2024,15.96,4.74,0
2024,16.58,4.33,0
2024,15.98,4.75,0
2024,12.91,5.82,0.05
2024,9.92,7.65,25.78
2024,8.59,6.18,3.11
2024,8.55,5.75,1.41
2024,9.36,6.32,25.61
2024,9.87,7.53,63.04
2024,7.19,6.27,27.64
2024,7.87,6.17,12.47
2024,6.41,5.34,2.83
2024,7.35,5.47,1.39
2024,6.13,3.73,0.04
2024,7.72,3.36,0
2024,9.51,4.04,0
2024,10.21,5.84,0
2024,10.08,6.65,0
2024,11.57,6.8,0
2024,12.14,6.38,0.01
2024,11.48,6.63,0.03
2024,11.4,7.25,0.35
2024,10.97,8.17,8.65
2024,11.21,8.05,26.97
2024,10.85,7.22,5.55
2024,11.73,6.11,0.14
2024,13.95,5.37,0
2024,14.62,6.33,0
2024,13.11,8.33,0
2024,11.5,7.28,1.37
2024,11.94,7.12,0.99
2024,12.36,5.93,0
2024,11.16,7.56,0.01
2024,10.68,7.12,2.15
2024,10.16,7.52,11.29
2024,9.17,6.65,1.98
2024,9.88,6.35,0.1
2024,11.24,6.59,0
2024,10.78,7.06,9.15
2024,10.36,6.76,2.96
2024,11.99,5.5,0.03
2024,12.86,5,0.01
2024,12.08,6.07,0
2024,10.87,6.73,0.01
2024,11.95,7.61,0.05
2024,12.42,6.46,0.01
2024,9.68,3.74,0.11
2024,10.28,5.49,1.38
2024,10.79,6.72,1
2024,12.78,6.67,0.16
2024,14.63,6.39,0.76
2024,15.27,7.6,0.06
2024,15.19,7.74,0
2024,14.68,7.25,0
2024,13.68,7.3,0
2024,10.46,7.14,4.49
2024,8.28,5.69,1.36
2024,10.11,5.62,0
2024,11.63,6.41,0.01
2024,12.47,6.12,0
2024,12.15,7.2,0
2024,10.07,6.19,1.45
2024,9.41,6.31,30.43
2024,8.69,6.48,12.64
2024,11.56,6.06,0.33
2024,15.1,5.95,0.01
2024,15.92,6.77,0
2024,9.54,6.68,0.72
2024,5.85,5.11,3.63
2024,8.3,4.19,0.03
2024,9.96,4.73,0
2024,11.54,4.75,0
2024,15.32,4.52,0
2024,19.03,5.85,0
2024,19.89,6.76,0
2024,13.29,6.76,0
2024,11.05,7.09,4.71
2024,8.79,6.23,4.39
2024,12.86,5.96,0.07
2024,17.49,6.6,0
2024,18.25,6.86,0
2024,15.99,6.29,0
2024,14.62,7.93,0
2024,16.76,8.76,0
2024,19.66,8.28,0
2024,16.23,7.51,0.01
2024,13.5,7.81,0.02
2024,13.12,7.75,0
2024,12.24,7.54,0.09
2024,13.19,7.49,0.63
2024,13.91,6.8,0.01
2024,16.22,7.43,0
2024,17.75,7.54,0
2024,17.16,7.87,0
2024,16.79,7.14,0.01
2024,16.48,7.81,0
2024,16.28,8.6,0
2024,13.59,8.37,0.84
2024,12.64,5.57,2.24
2024,14.36,5.68,0.04
2024,15.93,5.88,0
2024,16.32,5.65,0
2024,17.49,6.34,0
2024,18.67,6.76,0
2024,18.83,7.19,0
2024,19.22,7.8,0
2024,16.8,7.18,0
2024,16.31,7.32,0
2024,16.07,9.41,0.05
2024,18.23,9.39,0.05
2024,17.25,10,0.04
2024,16.27,8.5,0.01
2024,15.18,7.82,0
2024,14.68,7.97,0
2024,16.65,7.43,0
2024,16.5,8.47,0
2024,16.26,8.97,0
2024,15.23,8.59,0
2024,14.69,7.85,0
2024,16.74,8.64,0
2024,18.02,8.37,0
2024,17.28,7.73,0.04
2024,18.27,8.24,0
2024,19.27,8.86,0
2024,19.02,8.11,0
2024,18.37,8.97,0
2024,17.95,9.23,0.46
2024,19.98,9.46,0.01
2024,22.59,9.61,0
2024,23.93,9.05,0
2024,22.81,9.64,0
2024,20.33,11.21,0.01
2024,18.64,9.87,0
2024,18.26,9.19,0
2024,20.59,8.5,0
2024,22.13,8.18,0
2024,20.64,8.2,0
2024,20.5,6.37,0
2024,23.54,8.71,0
2024,25.03,7.76,0
2024,21.33,8.05,0
2024,19.44,8.65,0
2024,20.47,5.5,0
2024,20.03,8.2,0
2024,21.02,8.35,0
2024,24.26,7.42,0
2024,27.23,6.83,0
2024,27.85,7.52,0
2024,26.95,10.3,0.09
2024,25.74,11.17,0
2024,24.38,10.62,0
2024,24.28,11.01,0
2024,22.13,8.78,0
2024,23.25,5.35,0.02
2024,26.73,4.98,0
2024,24.96,6.01,0
2024,25.55,6.55,0
2024,28.32,6.74,0
2024,27.84,8.27,0
2024,31.41,8.34,0
2024,29.33,8.38,0
2024,26.28,8.05,0
2024,27.32,8.12,0
2024,28.82,7.73,0
2024,29.71,7.42,0
2024,28.92,8.4,0
2024,27.54,9.05,0.01
2024,26,7.93,0.04
2024,25.31,8.53,0.23
2024,26.05,8.43,0.16
2024,25.2,9.23,0
2024,26.6,10.55,0
2024,27.82,9.92,0.02
2024,28.55,7.76,0
2024,29.86,6.53,0
2024,28.45,7.02,0
2024,28.8,6.76,0.05
2024,29.39,8.49,0.04
2024,30.32,9.07,0.01
2024,30.54,9.69,0.07
2024,28.12,9,0
2024,24.5,7.41,0
2024,22.97,5.99,0
2024,23.83,5.07,0
2024,24.49,5.05,0
2024,26.39,5.41,0
2024,27.84,8.24,0.02
2024,29.33,9.6,0.47
2024,30.22,7.34,0
2024,29.37,7.95,0
2024,31.51,7.06,0
2024,30.54,8.32,0
2024,26.85,6.84,0
2024,26.83,6.37,0
2024,28.05,8.07,0
2024,28.63,8.79,0.17
2024,27.84,8.66,0.09
2024,26.68,8.04,0
2024,25.96,8.09,0
2024,26.05,7.6,0
2024,26.96,6.65,0
2024,27,6.69,0
2024,23.6,6.8,0
2024,24.52,6.12,0
2024,27.89,4.53,0
2024,29.73,4.49,0
2024,27.29,5.49,0
2024,23.18,7.52,0
2024,20.46,7.66,0
2024,19.96,7.42,0
2024,22,7.87,0
2024,25.05,6.44,0
2024,24.78,6.35,0
2024,23.03,6.21,0
2024,23,6.19,0
2024,25.14,7.39,0
2024,26.93,8.23,0.01
2024,27.71,8.17,0
2024,28.05,8.37,0
2024,29.97,7.51,0.01
2024,32.03,7.37,0
2024,35.23,6.41,0
2024,34.95,7.24,0
2024,32.91,8.54,0.14
2024,32.51,10.02,0.81
2024,32.51,6.72,0
2024,28.38,5.06,0
2024,20.88,7.47,0
2024,20.21,8.4,0
2024,20.94,10.01,0
2024,20.35,9.78,0
2024,18.61,10.25,0.02
2024,16.45,8.19,0.02
2024,17.08,7.88,0
2024,18.06,8.92,0
2024,17.85,9.31,0.02
2024,18.21,9.81,1.23
2024,20.44,9.68,0.05
2024,23.79,7.83,0
2024,26.85,6.08,0.03
2024,25.15,5.92,0
2024,22.8,5.85,0
2024,22.98,6.35,0
2024,24.17,5.59,0
2024,22.98,4.58,0
2024,23.53,3.49,0
2024,26.64,4.28,0
2024,29.86,5.52,0
2024,30.75,5.29,0
2024,29.11,5.85,0
2024,27.95,5.73,0
2024,29.96,6.07,0
2024,29.81,5,0
2024,28.54,5.11,0
2024,26.2,5.35,0
2024,25.15,4.87,0
2024,23.41,4.61,0
2024,23.63,4.13,0
2024,22.2,4.38,0
2024,20.21,5.91,0
2024,18.78,7.12,0
2024,19.59,8.43,0
2024,17.79,9.65,0.01
2024,17.01,9.56,0.01
2024,15.2,3.59,0
2024,18.14,3.58,0
2024,20.9,4.76,0
2024,22.2,4.45,0
2024,23.74,4.42,0
2024,24.31,4.34,0
2024,22.63,4.68,0
2024,22.86,4.3,0
2024,23.92,3.78,0
2024,22.22,5.48,0
2024,15.67,9.1,1.17
2024,13.13,6.13,0.02
2024,14.17,5,0
2024,14.52,4.85,0
2024,14.53,5.31,0
2024,12.7,7.89,0.21
2024,12.96,4.35,0.03
2024,14.59,2.53,0
2024,15.78,3.83,0
2024,12.86,1.73,0
2024,12.52,1.67,0
2024,15.05,2.23,0
2024,16.93,2.42,0
2024,17.58,2.68,0
2024,14.53,4.99,0.01
2024,12.14,3.82,0
2024,15.07,2.76,0
2024,15.1,4.73,0.09
2024,10.37,5.72,1.26
2024,8.88,3.9,0.27
2024,10.47,3.05,0
2024,9.87,5.78,0
2024,10.72,3.29,0
2024,13.32,2.42,0
2024,16.6,2.31,0
2024,15.68,2.35,0
2024,12.24,6.59,0.79
2024,11.78,6.71,0.29
2024,14.18,5.92,0.06
2024,14.24,8,0.16
2024,14.41,7.02,0
2024,13.42,2.61,0
2024,12,2.37,0
2024,16.13,2.04,0
2024,16.87,3.16,0
2024,15.76,2.95,0
2024,15.06,3.76,0
2024,14.73,3.33,0
2024,15.58,2.88,0
2024,15.64,2.62,0
2024,16.32,2.95,0
2024,14.04,4.52,0
2024,12.31,2.64,0
2024,11,1.5,0
2024,13.35,1.7,0
2024,10.76,5.02,0.12
2024,10.43,5.36,0.01
2024,11.57,5.24,0
2024,11.32,4.46,0
2024,13.75,3.28,0
2024,15,3.66,0
2024,16.16,3.19,0
2024,17.29,2.97,0
2024,17.01,2.49,0
2024,15.16,2.91,0
2024,14.52,5.63,0
2024,15.78,5.99,0
2024,12.63,6.16,0.12
2024,9.74,4.13,0
2024,11.5,4.39,0
2024,10.59,7.29,0.04
2024,12.47,5.65,0
2024,12.29,5.79,0
2024,11.91,5.18,0
2024,12.37,3.76,0
